"Month","gu","precipitation"
2018-01-01,"종로구",0.274193548387097
2018-01-01,"중구",0.274193548387097
2018-01-01,"용산구",0.274193548387097
2018-01-01,"성동구",0.274193548387097
2018-01-01,"광진구",0.274193548387097
2018-01-01,"동대문구",0.274193548387097
2018-01-01,"중랑구",0.274193548387097
2018-01-01,"성북구",0.274193548387097
2018-01-01,"강북구",0.274193548387097
2018-01-01,"도봉구",0.274193548387097
2018-01-01,"노원구",0.274193548387097
2018-01-01,"은평구",0.274193548387097
2018-01-01,"서대문구",0.274193548387097
2018-01-01,"마포구",0.274193548387097
2018-01-01,"양천구",0.274193548387097
2018-01-01,"강서구",0.274193548387097
2018-01-01,"구로구",0.274193548387097
2018-01-01,"금천구",0.274193548387097
2018-01-01,"영등포구",0.274193548387097
2018-01-01,"동작구",0.274193548387097
2018-01-01,"관악구",0.274193548387097
2018-01-01,"서초구",0.274193548387097
2018-01-01,"강남구",0.274193548387097
2018-01-01,"강동구",0.274193548387097
2018-01-01,"송파구",0.274193548387097
2018-02-01,"종로구",1.05714285714286
2018-02-01,"중구",1.05714285714286
2018-02-01,"용산구",1.05714285714286
2018-02-01,"성동구",1.05714285714286
2018-02-01,"광진구",1.05714285714286
2018-02-01,"동대문구",1.05714285714286
2018-02-01,"중랑구",1.05714285714286
2018-02-01,"성북구",1.05714285714286
2018-02-01,"강북구",1.05714285714286
2018-02-01,"도봉구",1.05714285714286
2018-02-01,"노원구",1.05714285714286
2018-02-01,"은평구",1.05714285714286
2018-02-01,"서대문구",1.05714285714286
2018-02-01,"마포구",1.05714285714286
2018-02-01,"양천구",1.05714285714286
2018-02-01,"강서구",1.05714285714286
2018-02-01,"구로구",1.05714285714286
2018-02-01,"금천구",1.05714285714286
2018-02-01,"영등포구",1.05714285714286
2018-02-01,"동작구",1.05714285714286
2018-02-01,"관악구",1.05714285714286
2018-02-01,"서초구",1.05714285714286
2018-02-01,"강남구",1.05714285714286
2018-02-01,"강동구",1.05714285714286
2018-02-01,"송파구",1.05714285714286
2018-03-01,"종로구",1.59677419354839
2018-03-01,"중구",1.59677419354839
2018-03-01,"용산구",1.59677419354839
2018-03-01,"성동구",1.59677419354839
2018-03-01,"광진구",1.59677419354839
2018-03-01,"동대문구",1.59677419354839
2018-03-01,"중랑구",1.59677419354839
2018-03-01,"성북구",1.59677419354839
2018-03-01,"강북구",1.59677419354839
2018-03-01,"도봉구",1.59677419354839
2018-03-01,"노원구",1.59677419354839
2018-03-01,"은평구",1.59677419354839
2018-03-01,"서대문구",1.59677419354839
2018-03-01,"마포구",1.59677419354839
2018-03-01,"양천구",1.59677419354839
2018-03-01,"강서구",1.59677419354839
2018-03-01,"구로구",1.59677419354839
2018-03-01,"금천구",1.59677419354839
2018-03-01,"영등포구",1.59677419354839
2018-03-01,"동작구",1.59677419354839
2018-03-01,"관악구",1.59677419354839
2018-03-01,"서초구",1.59677419354839
2018-03-01,"강남구",1.59677419354839
2018-03-01,"강동구",1.59677419354839
2018-03-01,"송파구",1.59677419354839
2018-04-01,"종로구",4.34333333333333
2018-04-01,"중구",4.34333333333333
2018-04-01,"용산구",4.34333333333333
2018-04-01,"성동구",4.34333333333333
2018-04-01,"광진구",4.34333333333333
2018-04-01,"동대문구",4.34333333333333
2018-04-01,"중랑구",4.34333333333333
2018-04-01,"성북구",4.34333333333333
2018-04-01,"강북구",4.34333333333333
2018-04-01,"도봉구",4.34333333333333
2018-04-01,"노원구",4.34333333333333
2018-04-01,"은평구",4.34333333333333
2018-04-01,"서대문구",4.34333333333333
2018-04-01,"마포구",4.34333333333333
2018-04-01,"양천구",4.34333333333333
2018-04-01,"강서구",4.34333333333333
2018-04-01,"구로구",4.34333333333333
2018-04-01,"금천구",4.34333333333333
2018-04-01,"영등포구",4.34333333333333
2018-04-01,"동작구",4.34333333333333
2018-04-01,"관악구",4.34333333333333
2018-04-01,"서초구",4.34333333333333
2018-04-01,"강남구",4.34333333333333
2018-04-01,"강동구",4.34333333333333
2018-04-01,"송파구",4.34333333333333
2018-05-01,"종로구",7.16129032258065
2018-05-01,"중구",7.16129032258065
2018-05-01,"용산구",7.16129032258065
2018-05-01,"성동구",7.16129032258065
2018-05-01,"광진구",7.16129032258065
2018-05-01,"동대문구",7.16129032258065
2018-05-01,"중랑구",7.16129032258065
2018-05-01,"성북구",7.16129032258065
2018-05-01,"강북구",7.16129032258065
2018-05-01,"도봉구",7.16129032258065
2018-05-01,"노원구",7.16129032258065
2018-05-01,"은평구",7.16129032258065
2018-05-01,"서대문구",7.16129032258065
2018-05-01,"마포구",7.16129032258065
2018-05-01,"양천구",7.16129032258065
2018-05-01,"강서구",7.16129032258065
2018-05-01,"구로구",7.16129032258065
2018-05-01,"금천구",7.16129032258065
2018-05-01,"영등포구",7.16129032258065
2018-05-01,"동작구",7.16129032258065
2018-05-01,"관악구",7.16129032258065
2018-05-01,"서초구",7.16129032258065
2018-05-01,"강남구",7.16129032258065
2018-05-01,"강동구",7.16129032258065
2018-05-01,"송파구",7.16129032258065
2018-06-01,"종로구",5.71666666666667
2018-06-01,"중구",5.71666666666667
2018-06-01,"용산구",5.71666666666667
2018-06-01,"성동구",5.71666666666667
2018-06-01,"광진구",5.71666666666667
2018-06-01,"동대문구",5.71666666666667
2018-06-01,"중랑구",5.71666666666667
2018-06-01,"성북구",5.71666666666667
2018-06-01,"강북구",5.71666666666667
2018-06-01,"도봉구",5.71666666666667
2018-06-01,"노원구",5.71666666666667
2018-06-01,"은평구",5.71666666666667
2018-06-01,"서대문구",5.71666666666667
2018-06-01,"마포구",5.71666666666667
2018-06-01,"양천구",5.71666666666667
2018-06-01,"강서구",5.71666666666667
2018-06-01,"구로구",5.71666666666667
2018-06-01,"금천구",5.71666666666667
2018-06-01,"영등포구",5.71666666666667
2018-06-01,"동작구",5.71666666666667
2018-06-01,"관악구",5.71666666666667
2018-06-01,"서초구",5.71666666666667
2018-06-01,"강남구",5.71666666666667
2018-06-01,"강동구",5.71666666666667
2018-06-01,"송파구",5.71666666666667
2018-07-01,"종로구",5.98709677419355
2018-07-01,"중구",5.98709677419355
2018-07-01,"용산구",5.98709677419355
2018-07-01,"성동구",5.98709677419355
2018-07-01,"광진구",5.98709677419355
2018-07-01,"동대문구",5.98709677419355
2018-07-01,"중랑구",5.98709677419355
2018-07-01,"성북구",5.98709677419355
2018-07-01,"강북구",5.98709677419355
2018-07-01,"도봉구",5.98709677419355
2018-07-01,"노원구",5.98709677419355
2018-07-01,"은평구",5.98709677419355
2018-07-01,"서대문구",5.98709677419355
2018-07-01,"마포구",5.98709677419355
2018-07-01,"양천구",5.98709677419355
2018-07-01,"강서구",5.98709677419355
2018-07-01,"구로구",5.98709677419355
2018-07-01,"금천구",5.98709677419355
2018-07-01,"영등포구",5.98709677419355
2018-07-01,"동작구",5.98709677419355
2018-07-01,"관악구",5.98709677419355
2018-07-01,"서초구",5.98709677419355
2018-07-01,"강남구",5.98709677419355
2018-07-01,"강동구",5.98709677419355
2018-07-01,"송파구",5.98709677419355
2018-08-01,"종로구",6.53548387096774
2018-08-01,"중구",6.53548387096774
2018-08-01,"용산구",6.53548387096774
2018-08-01,"성동구",6.53548387096774
2018-08-01,"광진구",6.53548387096774
2018-08-01,"동대문구",6.53548387096774
2018-08-01,"중랑구",6.53548387096774
2018-08-01,"성북구",6.53548387096774
2018-08-01,"강북구",6.53548387096774
2018-08-01,"도봉구",6.53548387096774
2018-08-01,"노원구",6.53548387096774
2018-08-01,"은평구",6.53548387096774
2018-08-01,"서대문구",6.53548387096774
2018-08-01,"마포구",6.53548387096774
2018-08-01,"양천구",6.53548387096774
2018-08-01,"강서구",6.53548387096774
2018-08-01,"구로구",6.53548387096774
2018-08-01,"금천구",6.53548387096774
2018-08-01,"영등포구",6.53548387096774
2018-08-01,"동작구",6.53548387096774
2018-08-01,"관악구",6.53548387096774
2018-08-01,"서초구",6.53548387096774
2018-08-01,"강남구",6.53548387096774
2018-08-01,"강동구",6.53548387096774
2018-08-01,"송파구",6.53548387096774
2018-09-01,"종로구",2.28333333333333
2018-09-01,"중구",2.28333333333333
2018-09-01,"용산구",2.28333333333333
2018-09-01,"성동구",2.28333333333333
2018-09-01,"광진구",2.28333333333333
2018-09-01,"동대문구",2.28333333333333
2018-09-01,"중랑구",2.28333333333333
2018-09-01,"성북구",2.28333333333333
2018-09-01,"강북구",2.28333333333333
2018-09-01,"도봉구",2.28333333333333
2018-09-01,"노원구",2.28333333333333
2018-09-01,"은평구",2.28333333333333
2018-09-01,"서대문구",2.28333333333333
2018-09-01,"마포구",2.28333333333333
2018-09-01,"양천구",2.28333333333333
2018-09-01,"강서구",2.28333333333333
2018-09-01,"구로구",2.28333333333333
2018-09-01,"금천구",2.28333333333333
2018-09-01,"영등포구",2.28333333333333
2018-09-01,"동작구",2.28333333333333
2018-09-01,"관악구",2.28333333333333
2018-09-01,"서초구",2.28333333333333
2018-09-01,"강남구",2.28333333333333
2018-09-01,"강동구",2.28333333333333
2018-09-01,"송파구",2.28333333333333
2018-10-01,"종로구",3.88709677419355
2018-10-01,"중구",3.88709677419355
2018-10-01,"용산구",3.88709677419355
2018-10-01,"성동구",3.88709677419355
2018-10-01,"광진구",3.88709677419355
2018-10-01,"동대문구",3.88709677419355
2018-10-01,"중랑구",3.88709677419355
2018-10-01,"성북구",3.88709677419355
2018-10-01,"강북구",3.88709677419355
2018-10-01,"도봉구",3.88709677419355
2018-10-01,"노원구",3.88709677419355
2018-10-01,"은평구",3.88709677419355
2018-10-01,"서대문구",3.88709677419355
2018-10-01,"마포구",3.88709677419355
2018-10-01,"양천구",3.88709677419355
2018-10-01,"강서구",3.88709677419355
2018-10-01,"구로구",3.88709677419355
2018-10-01,"금천구",3.88709677419355
2018-10-01,"영등포구",3.88709677419355
2018-10-01,"동작구",3.88709677419355
2018-10-01,"관악구",3.88709677419355
2018-10-01,"서초구",3.88709677419355
2018-10-01,"강남구",3.88709677419355
2018-10-01,"강동구",3.88709677419355
2018-10-01,"송파구",3.88709677419355
2018-11-01,"종로구",2.63666666666667
2018-11-01,"중구",2.63666666666667
2018-11-01,"용산구",2.63666666666667
2018-11-01,"성동구",2.63666666666667
2018-11-01,"광진구",2.63666666666667
2018-11-01,"동대문구",2.63666666666667
2018-11-01,"중랑구",2.63666666666667
2018-11-01,"성북구",2.63666666666667
2018-11-01,"강북구",2.63666666666667
2018-11-01,"도봉구",2.63666666666667
2018-11-01,"노원구",2.63666666666667
2018-11-01,"은평구",2.63666666666667
2018-11-01,"서대문구",2.63666666666667
2018-11-01,"마포구",2.63666666666667
2018-11-01,"양천구",2.63666666666667
2018-11-01,"강서구",2.63666666666667
2018-11-01,"구로구",2.63666666666667
2018-11-01,"금천구",2.63666666666667
2018-11-01,"영등포구",2.63666666666667
2018-11-01,"동작구",2.63666666666667
2018-11-01,"관악구",2.63666666666667
2018-11-01,"서초구",2.63666666666667
2018-11-01,"강남구",2.63666666666667
2018-11-01,"강동구",2.63666666666667
2018-11-01,"송파구",2.63666666666667
2018-12-01,"종로구",0.529032258064516
2018-12-01,"중구",0.529032258064516
2018-12-01,"용산구",0.529032258064516
2018-12-01,"성동구",0.529032258064516
2018-12-01,"광진구",0.529032258064516
2018-12-01,"동대문구",0.529032258064516
2018-12-01,"중랑구",0.529032258064516
2018-12-01,"성북구",0.529032258064516
2018-12-01,"강북구",0.529032258064516
2018-12-01,"도봉구",0.529032258064516
2018-12-01,"노원구",0.529032258064516
2018-12-01,"은평구",0.529032258064516
2018-12-01,"서대문구",0.529032258064516
2018-12-01,"마포구",0.529032258064516
2018-12-01,"양천구",0.529032258064516
2018-12-01,"강서구",0.529032258064516
2018-12-01,"구로구",0.529032258064516
2018-12-01,"금천구",0.529032258064516
2018-12-01,"영등포구",0.529032258064516
2018-12-01,"동작구",0.529032258064516
2018-12-01,"관악구",0.529032258064516
2018-12-01,"서초구",0.529032258064516
2018-12-01,"강남구",0.529032258064516
2018-12-01,"강동구",0.529032258064516
2018-12-01,"송파구",0.529032258064516
2019-01-01,"종로구",0
2019-01-01,"중구",0
2019-01-01,"용산구",0
2019-01-01,"성동구",0
2019-01-01,"광진구",0
2019-01-01,"동대문구",0
2019-01-01,"중랑구",0
2019-01-01,"성북구",0
2019-01-01,"강북구",0
2019-01-01,"도봉구",0
2019-01-01,"노원구",0
2019-01-01,"은평구",0
2019-01-01,"서대문구",0
2019-01-01,"마포구",0
2019-01-01,"양천구",0
2019-01-01,"강서구",0
2019-01-01,"구로구",0
2019-01-01,"금천구",0
2019-01-01,"영등포구",0
2019-01-01,"동작구",0
2019-01-01,"관악구",0
2019-01-01,"서초구",0
2019-01-01,"강남구",0
2019-01-01,"강동구",0
2019-01-01,"송파구",0
2019-02-01,"종로구",0.85
2019-02-01,"중구",0.85
2019-02-01,"용산구",0.85
2019-02-01,"성동구",0.85
2019-02-01,"광진구",0.85
2019-02-01,"동대문구",0.85
2019-02-01,"중랑구",0.85
2019-02-01,"성북구",0.85
2019-02-01,"강북구",0.85
2019-02-01,"도봉구",0.85
2019-02-01,"노원구",0.85
2019-02-01,"은평구",0.85
2019-02-01,"서대문구",0.85
2019-02-01,"마포구",0.85
2019-02-01,"양천구",0.85
2019-02-01,"강서구",0.85
2019-02-01,"구로구",0.85
2019-02-01,"금천구",0.85
2019-02-01,"영등포구",0.85
2019-02-01,"동작구",0.85
2019-02-01,"관악구",0.85
2019-02-01,"서초구",0.85
2019-02-01,"강남구",0.85
2019-02-01,"강동구",0.85
2019-02-01,"송파구",0.85
2019-03-01,"종로구",0.864516129032258
2019-03-01,"중구",0.864516129032258
2019-03-01,"용산구",0.864516129032258
2019-03-01,"성동구",0.864516129032258
2019-03-01,"광진구",0.864516129032258
2019-03-01,"동대문구",0.864516129032258
2019-03-01,"중랑구",0.864516129032258
2019-03-01,"성북구",0.864516129032258
2019-03-01,"강북구",0.864516129032258
2019-03-01,"도봉구",0.864516129032258
2019-03-01,"노원구",0.864516129032258
2019-03-01,"은평구",0.864516129032258
2019-03-01,"서대문구",0.864516129032258
2019-03-01,"마포구",0.864516129032258
2019-03-01,"양천구",0.864516129032258
2019-03-01,"강서구",0.864516129032258
2019-03-01,"구로구",0.864516129032258
2019-03-01,"금천구",0.864516129032258
2019-03-01,"영등포구",0.864516129032258
2019-03-01,"동작구",0.864516129032258
2019-03-01,"관악구",0.864516129032258
2019-03-01,"서초구",0.864516129032258
2019-03-01,"강남구",0.864516129032258
2019-03-01,"강동구",0.864516129032258
2019-03-01,"송파구",0.864516129032258
2019-04-01,"종로구",1.57666666666667
2019-04-01,"중구",1.57666666666667
2019-04-01,"용산구",1.57666666666667
2019-04-01,"성동구",1.57666666666667
2019-04-01,"광진구",1.57666666666667
2019-04-01,"동대문구",1.57666666666667
2019-04-01,"중랑구",1.57666666666667
2019-04-01,"성북구",1.57666666666667
2019-04-01,"강북구",1.57666666666667
2019-04-01,"도봉구",1.57666666666667
2019-04-01,"노원구",1.57666666666667
2019-04-01,"은평구",1.57666666666667
2019-04-01,"서대문구",1.57666666666667
2019-04-01,"마포구",1.57666666666667
2019-04-01,"양천구",1.57666666666667
2019-04-01,"강서구",1.57666666666667
2019-04-01,"구로구",1.57666666666667
2019-04-01,"금천구",1.57666666666667
2019-04-01,"영등포구",1.57666666666667
2019-04-01,"동작구",1.57666666666667
2019-04-01,"관악구",1.57666666666667
2019-04-01,"서초구",1.57666666666667
2019-04-01,"강남구",1.57666666666667
2019-04-01,"강동구",1.57666666666667
2019-04-01,"송파구",1.57666666666667
2019-05-01,"종로구",1.21935483870968
2019-05-01,"중구",1.21935483870968
2019-05-01,"용산구",1.21935483870968
2019-05-01,"성동구",1.21935483870968
2019-05-01,"광진구",1.21935483870968
2019-05-01,"동대문구",1.21935483870968
2019-05-01,"중랑구",1.21935483870968
2019-05-01,"성북구",1.21935483870968
2019-05-01,"강북구",1.21935483870968
2019-05-01,"도봉구",1.21935483870968
2019-05-01,"노원구",1.21935483870968
2019-05-01,"은평구",1.21935483870968
2019-05-01,"서대문구",1.21935483870968
2019-05-01,"마포구",1.21935483870968
2019-05-01,"양천구",1.21935483870968
2019-05-01,"강서구",1.21935483870968
2019-05-01,"구로구",1.21935483870968
2019-05-01,"금천구",1.21935483870968
2019-05-01,"영등포구",1.21935483870968
2019-05-01,"동작구",1.21935483870968
2019-05-01,"관악구",1.21935483870968
2019-05-01,"서초구",1.21935483870968
2019-05-01,"강남구",1.21935483870968
2019-05-01,"강동구",1.21935483870968
2019-05-01,"송파구",1.21935483870968
2019-06-01,"종로구",2.46666666666667
2019-06-01,"중구",2.46666666666667
2019-06-01,"용산구",2.46666666666667
2019-06-01,"성동구",2.46666666666667
2019-06-01,"광진구",2.46666666666667
2019-06-01,"동대문구",2.46666666666667
2019-06-01,"중랑구",2.46666666666667
2019-06-01,"성북구",2.46666666666667
2019-06-01,"강북구",2.46666666666667
2019-06-01,"도봉구",2.46666666666667
2019-06-01,"노원구",2.46666666666667
2019-06-01,"은평구",2.46666666666667
2019-06-01,"서대문구",2.46666666666667
2019-06-01,"마포구",2.46666666666667
2019-06-01,"양천구",2.46666666666667
2019-06-01,"강서구",2.46666666666667
2019-06-01,"구로구",2.46666666666667
2019-06-01,"금천구",2.46666666666667
2019-06-01,"영등포구",2.46666666666667
2019-06-01,"동작구",2.46666666666667
2019-06-01,"관악구",2.46666666666667
2019-06-01,"서초구",2.46666666666667
2019-06-01,"강남구",2.46666666666667
2019-06-01,"강동구",2.46666666666667
2019-06-01,"송파구",2.46666666666667
2019-07-01,"종로구",6.27096774193548
2019-07-01,"중구",6.27096774193548
2019-07-01,"용산구",6.27096774193548
2019-07-01,"성동구",6.27096774193548
2019-07-01,"광진구",6.27096774193548
2019-07-01,"동대문구",6.27096774193548
2019-07-01,"중랑구",6.27096774193548
2019-07-01,"성북구",6.27096774193548
2019-07-01,"강북구",6.27096774193548
2019-07-01,"도봉구",6.27096774193548
2019-07-01,"노원구",6.27096774193548
2019-07-01,"은평구",6.27096774193548
2019-07-01,"서대문구",6.27096774193548
2019-07-01,"마포구",6.27096774193548
2019-07-01,"양천구",6.27096774193548
2019-07-01,"강서구",6.27096774193548
2019-07-01,"구로구",6.27096774193548
2019-07-01,"금천구",6.27096774193548
2019-07-01,"영등포구",6.27096774193548
2019-07-01,"동작구",6.27096774193548
2019-07-01,"관악구",6.27096774193548
2019-07-01,"서초구",6.27096774193548
2019-07-01,"강남구",6.27096774193548
2019-07-01,"강동구",6.27096774193548
2019-07-01,"송파구",6.27096774193548
2019-08-01,"종로구",6.14516129032258
2019-08-01,"중구",6.14516129032258
2019-08-01,"용산구",6.14516129032258
2019-08-01,"성동구",6.14516129032258
2019-08-01,"광진구",6.14516129032258
2019-08-01,"동대문구",6.14516129032258
2019-08-01,"중랑구",6.14516129032258
2019-08-01,"성북구",6.14516129032258
2019-08-01,"강북구",6.14516129032258
2019-08-01,"도봉구",6.14516129032258
2019-08-01,"노원구",6.14516129032258
2019-08-01,"은평구",6.14516129032258
2019-08-01,"서대문구",6.14516129032258
2019-08-01,"마포구",6.14516129032258
2019-08-01,"양천구",6.14516129032258
2019-08-01,"강서구",6.14516129032258
2019-08-01,"구로구",6.14516129032258
2019-08-01,"금천구",6.14516129032258
2019-08-01,"영등포구",6.14516129032258
2019-08-01,"동작구",6.14516129032258
2019-08-01,"관악구",6.14516129032258
2019-08-01,"서초구",6.14516129032258
2019-08-01,"강남구",6.14516129032258
2019-08-01,"강동구",6.14516129032258
2019-08-01,"송파구",6.14516129032258
2019-09-01,"종로구",4.66
2019-09-01,"중구",4.66
2019-09-01,"용산구",4.66
2019-09-01,"성동구",4.66
2019-09-01,"광진구",4.66
2019-09-01,"동대문구",4.66
2019-09-01,"중랑구",4.66
2019-09-01,"성북구",4.66
2019-09-01,"강북구",4.66
2019-09-01,"도봉구",4.66
2019-09-01,"노원구",4.66
2019-09-01,"은평구",4.66
2019-09-01,"서대문구",4.66
2019-09-01,"마포구",4.66
2019-09-01,"양천구",4.66
2019-09-01,"강서구",4.66
2019-09-01,"구로구",4.66
2019-09-01,"금천구",4.66
2019-09-01,"영등포구",4.66
2019-09-01,"동작구",4.66
2019-09-01,"관악구",4.66
2019-09-01,"서초구",4.66
2019-09-01,"강남구",4.66
2019-09-01,"강동구",4.66
2019-09-01,"송파구",4.66
2019-10-01,"종로구",1.79032258064516
2019-10-01,"중구",1.79032258064516
2019-10-01,"용산구",1.79032258064516
2019-10-01,"성동구",1.79032258064516
2019-10-01,"광진구",1.79032258064516
2019-10-01,"동대문구",1.79032258064516
2019-10-01,"중랑구",1.79032258064516
2019-10-01,"성북구",1.79032258064516
2019-10-01,"강북구",1.79032258064516
2019-10-01,"도봉구",1.79032258064516
2019-10-01,"노원구",1.79032258064516
2019-10-01,"은평구",1.79032258064516
2019-10-01,"서대문구",1.79032258064516
2019-10-01,"마포구",1.79032258064516
2019-10-01,"양천구",1.79032258064516
2019-10-01,"강서구",1.79032258064516
2019-10-01,"구로구",1.79032258064516
2019-10-01,"금천구",1.79032258064516
2019-10-01,"영등포구",1.79032258064516
2019-10-01,"동작구",1.79032258064516
2019-10-01,"관악구",1.79032258064516
2019-10-01,"서초구",1.79032258064516
2019-10-01,"강남구",1.79032258064516
2019-10-01,"강동구",1.79032258064516
2019-10-01,"송파구",1.79032258064516
2019-11-01,"종로구",2.62666666666667
2019-11-01,"중구",2.62666666666667
2019-11-01,"용산구",2.62666666666667
2019-11-01,"성동구",2.62666666666667
2019-11-01,"광진구",2.62666666666667
2019-11-01,"동대문구",2.62666666666667
2019-11-01,"중랑구",2.62666666666667
2019-11-01,"성북구",2.62666666666667
2019-11-01,"강북구",2.62666666666667
2019-11-01,"도봉구",2.62666666666667
2019-11-01,"노원구",2.62666666666667
2019-11-01,"은평구",2.62666666666667
2019-11-01,"서대문구",2.62666666666667
2019-11-01,"마포구",2.62666666666667
2019-11-01,"양천구",2.62666666666667
2019-11-01,"강서구",2.62666666666667
2019-11-01,"구로구",2.62666666666667
2019-11-01,"금천구",2.62666666666667
2019-11-01,"영등포구",2.62666666666667
2019-11-01,"동작구",2.62666666666667
2019-11-01,"관악구",2.62666666666667
2019-11-01,"서초구",2.62666666666667
2019-11-01,"강남구",2.62666666666667
2019-11-01,"강동구",2.62666666666667
2019-11-01,"송파구",2.62666666666667
2019-12-01,"종로구",0.729032258064516
2019-12-01,"중구",0.729032258064516
2019-12-01,"용산구",0.729032258064516
2019-12-01,"성동구",0.729032258064516
2019-12-01,"광진구",0.729032258064516
2019-12-01,"동대문구",0.729032258064516
2019-12-01,"중랑구",0.729032258064516
2019-12-01,"성북구",0.729032258064516
2019-12-01,"강북구",0.729032258064516
2019-12-01,"도봉구",0.729032258064516
2019-12-01,"노원구",0.729032258064516
2019-12-01,"은평구",0.729032258064516
2019-12-01,"서대문구",0.729032258064516
2019-12-01,"마포구",0.729032258064516
2019-12-01,"양천구",0.729032258064516
2019-12-01,"강서구",0.729032258064516
2019-12-01,"구로구",0.729032258064516
2019-12-01,"금천구",0.729032258064516
2019-12-01,"영등포구",0.729032258064516
2019-12-01,"동작구",0.729032258064516
2019-12-01,"관악구",0.729032258064516
2019-12-01,"서초구",0.729032258064516
2019-12-01,"강남구",0.729032258064516
2019-12-01,"강동구",0.729032258064516
2019-12-01,"송파구",0.729032258064516
2020-01-01,"종로구",1.95161290322581
2020-01-01,"중구",1.95161290322581
2020-01-01,"용산구",1.95161290322581
2020-01-01,"성동구",1.95161290322581
2020-01-01,"광진구",1.95161290322581
2020-01-01,"동대문구",1.95161290322581
2020-01-01,"중랑구",1.95161290322581
2020-01-01,"성북구",1.95161290322581
2020-01-01,"강북구",1.95161290322581
2020-01-01,"도봉구",1.95161290322581
2020-01-01,"노원구",1.95161290322581
2020-01-01,"은평구",1.95161290322581
2020-01-01,"서대문구",1.95161290322581
2020-01-01,"마포구",1.95161290322581
2020-01-01,"양천구",1.95161290322581
2020-01-01,"강서구",1.95161290322581
2020-01-01,"구로구",1.95161290322581
2020-01-01,"금천구",1.95161290322581
2020-01-01,"영등포구",1.95161290322581
2020-01-01,"동작구",1.95161290322581
2020-01-01,"관악구",1.95161290322581
2020-01-01,"서초구",1.95161290322581
2020-01-01,"강남구",1.95161290322581
2020-01-01,"강동구",1.95161290322581
2020-01-01,"송파구",1.95161290322581
2020-02-01,"종로구",1.83103448275862
2020-02-01,"중구",1.83103448275862
2020-02-01,"용산구",1.83103448275862
2020-02-01,"성동구",1.83103448275862
2020-02-01,"광진구",1.83103448275862
2020-02-01,"동대문구",1.83103448275862
2020-02-01,"중랑구",1.83103448275862
2020-02-01,"성북구",1.83103448275862
2020-02-01,"강북구",1.83103448275862
2020-02-01,"도봉구",1.83103448275862
2020-02-01,"노원구",1.83103448275862
2020-02-01,"은평구",1.83103448275862
2020-02-01,"서대문구",1.83103448275862
2020-02-01,"마포구",1.83103448275862
2020-02-01,"양천구",1.83103448275862
2020-02-01,"강서구",1.83103448275862
2020-02-01,"구로구",1.83103448275862
2020-02-01,"금천구",1.83103448275862
2020-02-01,"영등포구",1.83103448275862
2020-02-01,"동작구",1.83103448275862
2020-02-01,"관악구",1.83103448275862
2020-02-01,"서초구",1.83103448275862
2020-02-01,"강남구",1.83103448275862
2020-02-01,"강동구",1.83103448275862
2020-02-01,"송파구",1.83103448275862
2020-03-01,"종로구",0.525806451612903
2020-03-01,"중구",0.525806451612903
2020-03-01,"용산구",0.525806451612903
2020-03-01,"성동구",0.525806451612903
2020-03-01,"광진구",0.525806451612903
2020-03-01,"동대문구",0.525806451612903
2020-03-01,"중랑구",0.525806451612903
2020-03-01,"성북구",0.525806451612903
2020-03-01,"강북구",0.525806451612903
2020-03-01,"도봉구",0.525806451612903
2020-03-01,"노원구",0.525806451612903
2020-03-01,"은평구",0.525806451612903
2020-03-01,"서대문구",0.525806451612903
2020-03-01,"마포구",0.525806451612903
2020-03-01,"양천구",0.525806451612903
2020-03-01,"강서구",0.525806451612903
2020-03-01,"구로구",0.525806451612903
2020-03-01,"금천구",0.525806451612903
2020-03-01,"영등포구",0.525806451612903
2020-03-01,"동작구",0.525806451612903
2020-03-01,"관악구",0.525806451612903
2020-03-01,"서초구",0.525806451612903
2020-03-01,"강남구",0.525806451612903
2020-03-01,"강동구",0.525806451612903
2020-03-01,"송파구",0.525806451612903
2020-04-01,"종로구",0.563333333333333
2020-04-01,"중구",0.563333333333333
2020-04-01,"용산구",0.563333333333333
2020-04-01,"성동구",0.563333333333333
2020-04-01,"광진구",0.563333333333333
2020-04-01,"동대문구",0.563333333333333
2020-04-01,"중랑구",0.563333333333333
2020-04-01,"성북구",0.563333333333333
2020-04-01,"강북구",0.563333333333333
2020-04-01,"도봉구",0.563333333333333
2020-04-01,"노원구",0.563333333333333
2020-04-01,"은평구",0.563333333333333
2020-04-01,"서대문구",0.563333333333333
2020-04-01,"마포구",0.563333333333333
2020-04-01,"양천구",0.563333333333333
2020-04-01,"강서구",0.563333333333333
2020-04-01,"구로구",0.563333333333333
2020-04-01,"금천구",0.563333333333333
2020-04-01,"영등포구",0.563333333333333
2020-04-01,"동작구",0.563333333333333
2020-04-01,"관악구",0.563333333333333
2020-04-01,"서초구",0.563333333333333
2020-04-01,"강남구",0.563333333333333
2020-04-01,"강동구",0.563333333333333
2020-04-01,"송파구",0.563333333333333
2020-05-01,"종로구",3.6258064516129
2020-05-01,"중구",3.6258064516129
2020-05-01,"용산구",3.6258064516129
2020-05-01,"성동구",3.6258064516129
2020-05-01,"광진구",3.6258064516129
2020-05-01,"동대문구",3.6258064516129
2020-05-01,"중랑구",3.6258064516129
2020-05-01,"성북구",3.6258064516129
2020-05-01,"강북구",3.6258064516129
2020-05-01,"도봉구",3.6258064516129
2020-05-01,"노원구",3.6258064516129
2020-05-01,"은평구",3.6258064516129
2020-05-01,"서대문구",3.6258064516129
2020-05-01,"마포구",3.6258064516129
2020-05-01,"양천구",3.6258064516129
2020-05-01,"강서구",3.6258064516129
2020-05-01,"구로구",3.6258064516129
2020-05-01,"금천구",3.6258064516129
2020-05-01,"영등포구",3.6258064516129
2020-05-01,"동작구",3.6258064516129
2020-05-01,"관악구",3.6258064516129
2020-05-01,"서초구",3.6258064516129
2020-05-01,"강남구",3.6258064516129
2020-05-01,"강동구",3.6258064516129
2020-05-01,"송파구",3.6258064516129
2020-06-01,"종로구",4.65333333333333
2020-06-01,"중구",4.65333333333333
2020-06-01,"용산구",4.65333333333333
2020-06-01,"성동구",4.65333333333333
2020-06-01,"광진구",4.65333333333333
2020-06-01,"동대문구",4.65333333333333
2020-06-01,"중랑구",4.65333333333333
2020-06-01,"성북구",4.65333333333333
2020-06-01,"강북구",4.65333333333333
2020-06-01,"도봉구",4.65333333333333
2020-06-01,"노원구",4.65333333333333
2020-06-01,"은평구",4.65333333333333
2020-06-01,"서대문구",4.65333333333333
2020-06-01,"마포구",4.65333333333333
2020-06-01,"양천구",4.65333333333333
2020-06-01,"강서구",4.65333333333333
2020-06-01,"구로구",4.65333333333333
2020-06-01,"금천구",4.65333333333333
2020-06-01,"영등포구",4.65333333333333
2020-06-01,"동작구",4.65333333333333
2020-06-01,"관악구",4.65333333333333
2020-06-01,"서초구",4.65333333333333
2020-06-01,"강남구",4.65333333333333
2020-06-01,"강동구",4.65333333333333
2020-06-01,"송파구",4.65333333333333
