"Month","gu","disq_t"
2015-02-01,"강남구",NA
2015-03-01,"강남구",NA
2015-04-01,"강남구",NA
2015-05-01,"강남구",NA
2015-06-01,"강남구",NA
2015-07-01,"강남구",NA
2015-08-01,"강남구",NA
2015-09-01,"강남구",NA
2015-10-01,"강남구",NA
2015-11-01,"강남구",NA
2015-12-01,"강남구",NA
2016-01-01,"강남구",NA
2016-02-01,"강남구",NA
2016-03-01,"강남구",NA
2016-04-01,"강남구",NA
2016-05-01,"강남구",NA
2016-06-01,"강남구",NA
2016-07-01,"강남구",NA
2016-08-01,"강남구",NA
2016-09-01,"강남구",NA
2016-10-01,"강남구",NA
2016-11-01,"강남구",NA
2016-12-01,"강남구",NA
2017-01-01,"강남구",NA
2017-02-01,"강남구",NA
2017-03-01,"강남구",NA
2017-05-01,"강남구",NA
2017-06-01,"강남구",NA
2017-07-01,"강남구",NA
2017-08-01,"강남구",NA
2017-09-01,"강남구",NA
2017-10-01,"강남구",NA
2017-11-01,"강남구",NA
2017-12-01,"강남구",NA
2018-01-01,"강남구",NA
2018-02-01,"강남구",NA
2018-03-01,"강남구",NA
2018-04-01,"강남구",NA
2018-05-01,"강남구",NA
2018-06-01,"강남구",NA
2018-07-01,"강남구",NA
2018-08-01,"강남구",NA
2018-09-01,"강남구",1.51945
2018-10-01,"강남구",8.55605
2018-11-01,"강남구",17.97745
2018-12-01,"강남구",25.937196
2019-01-01,"강남구",27.212499
2019-02-01,"강남구",27.115099
2019-03-01,"강남구",30.068247
2019-04-01,"강남구",31.763299
2019-05-01,"강남구",35.738348
2019-06-01,"강남구",39.358597
2019-07-01,"강남구",42.951798
2019-08-01,"강남구",40.545997
2019-09-01,"강남구",37.984448
2019-10-01,"강남구",35.751148
2019-11-01,"강남구",37.999647
2019-12-01,"강남구",41.077548
2020-01-01,"강남구",58.807697
2020-02-01,"강남구",65.305695
2020-03-01,"강남구",75.784047
2020-04-01,"강남구",74.168593
2020-05-01,"강남구",96.677596
2020-06-01,"강남구",154.861745
2020-07-01,"강남구",202.762487
2015-02-01,"강동구",42.8512
2015-03-01,"강동구",49.505
2015-04-01,"강동구",47.8419
2015-05-01,"강동구",53.9485
2015-06-01,"강동구",61.95155
2015-07-01,"강동구",65.17515
2015-08-01,"강동구",62.0714
2015-09-01,"강동구",58.7497
2015-10-01,"강동구",58.58505
2015-11-01,"강동구",65.502
2015-12-01,"강동구",61.55145
2016-01-01,"강동구",57.8484
2016-02-01,"강동구",58.61645
2016-03-01,"강동구",55.45535
2016-04-01,"강동구",53.8149
2016-05-01,"강동구",62.44705
2016-06-01,"강동구",67.9851
2016-07-01,"강동구",112.9653
2016-08-01,"강동구",192.2719
2016-09-01,"강동구",187.0644
2016-10-01,"강동구",183.38325
2016-11-01,"강동구",205.28838
2016-12-01,"강동구",201.5493
2017-01-01,"강동구",202.6657
2017-02-01,"강동구",172.32365
2017-03-01,"강동구",180.063
2017-05-01,"강동구",210.7588
2017-06-01,"강동구",216.29555
2017-07-01,"강동구",267.45475
2017-08-01,"강동구",286.109023
2017-09-01,"강동구",267.189703
2017-10-01,"강동구",300.209146
2017-11-01,"강동구",301.412554
2017-12-01,"강동구",310.7449
2018-01-01,"강동구",368.839155
2018-02-01,"강동구",364.724588
2018-03-01,"강동구",398.044483
2018-04-01,"강동구",379.877404
2018-05-01,"강동구",427.005625
2018-06-01,"강동구",477.299006
2018-07-01,"강동구",530.479284
2018-08-01,"강동구",450.552038
2018-09-01,"강동구",474.453695
2018-10-01,"강동구",486.05852
2018-11-01,"강동구",552.075609
2018-12-01,"강동구",540.708127
2019-01-01,"강동구",510.752794
2019-02-01,"강동구",492.615223
2019-03-01,"강동구",486.290119
2019-04-01,"강동구",474.94992
2019-05-01,"강동구",541.811935
2019-06-01,"강동구",591.461604
2019-07-01,"강동구",651.261383
2019-08-01,"강동구",610.364553
2019-09-01,"강동구",626.805286
2019-10-01,"강동구",580.96613
2019-11-01,"강동구",652.572251
2019-12-01,"강동구",644.94767
2020-01-01,"강동구",705.678894
2020-02-01,"강동구",658.061407
2020-03-01,"강동구",740.161806
2020-04-01,"강동구",696.65574
2020-05-01,"강동구",809.142162
2020-06-01,"강동구",869.508274
2020-07-01,"강동구",920.722728
2015-02-01,"강북구",NA
2015-03-01,"강북구",NA
2015-04-01,"강북구",NA
2015-05-01,"강북구",NA
2015-06-01,"강북구",NA
2015-07-01,"강북구",NA
2015-08-01,"강북구",NA
2015-09-01,"강북구",NA
2015-10-01,"강북구",NA
2015-11-01,"강북구",NA
2015-12-01,"강북구",NA
2016-01-01,"강북구",NA
2016-02-01,"강북구",NA
2016-03-01,"강북구",NA
2016-04-01,"강북구",NA
2016-05-01,"강북구",NA
2016-06-01,"강북구",NA
2016-07-01,"강북구",NA
2016-08-01,"강북구",NA
2016-09-01,"강북구",NA
2016-10-01,"강북구",NA
2016-11-01,"강북구",NA
2016-12-01,"강북구",NA
2017-01-01,"강북구",NA
2017-02-01,"강북구",NA
2017-03-01,"강북구",NA
2017-05-01,"강북구",NA
2017-06-01,"강북구",NA
2017-07-01,"강북구",NA
2017-08-01,"강북구",NA
2017-09-01,"강북구",NA
2017-10-01,"강북구",NA
2017-11-01,"강북구",NA
2017-12-01,"강북구",NA
2018-01-01,"강북구",NA
2018-02-01,"강북구",NA
2018-03-01,"강북구",NA
2018-04-01,"강북구",NA
2018-05-01,"강북구",NA
2018-06-01,"강북구",NA
2018-07-01,"강북구",NA
2018-08-01,"강북구",16.3349
2018-09-01,"강북구",17.6232
2018-10-01,"강북구",17.6604
2018-11-01,"강북구",19.3322
2018-12-01,"강북구",18.5981
2019-01-01,"강북구",17.5118
2019-02-01,"강북구",17.03985
2019-03-01,"강북구",16.71705
2019-04-01,"강북구",16.9158
2019-05-01,"강북구",29.61375
2019-06-01,"강북구",66.25701
2019-07-01,"강북구",78.96928
2019-08-01,"강북구",75.16792
2019-09-01,"강북구",79.43529
2019-10-01,"강북구",69.61883
2019-11-01,"강북구",77.72954
2019-12-01,"강북구",72.20334
2020-01-01,"강북구",79.3443
2020-02-01,"강북구",70.9416
2020-03-01,"강북구",77.09042
2020-04-01,"강북구",71.51465
2020-05-01,"강북구",82.13201
2020-06-01,"강북구",87.05925
2020-07-01,"강북구",88.6291
2015-02-01,"강서구",14.22445
2015-03-01,"강서구",14.1601
2015-04-01,"강서구",13.32805
2015-05-01,"강서구",14.65765
2015-06-01,"강서구",15.8429
2015-07-01,"강서구",17.0608
2015-08-01,"강서구",16.18205
2015-09-01,"강서구",15.77165
2015-10-01,"강서구",17.176
2015-11-01,"강서구",56.86605
2015-12-01,"강서구",79.01635
2016-01-01,"강서구",85.847
2016-02-01,"강서구",102.5705
2016-03-01,"강서구",109.74025
2016-04-01,"강서구",109.92165
2016-05-01,"강서구",132.95365
2016-06-01,"강서구",143.97465
2016-07-01,"강서구",159.90575
2016-08-01,"강서구",148.0317
2016-09-01,"강서구",142.938899
2016-10-01,"강서구",135.13065
2016-11-01,"강서구",146.55075
2016-12-01,"강서구",134.8129
2017-01-01,"강서구",136.52125
2017-02-01,"강서구",118.987
2017-03-01,"강서구",128.41865
2017-05-01,"강서구",159.0345
2017-06-01,"강서구",169.17095
2017-07-01,"강서구",193.38475
2017-08-01,"강서구",174.76825
2017-09-01,"강서구",161.5591
2017-10-01,"강서구",182.5063
2017-11-01,"강서구",187.8345
2017-12-01,"강서구",177.92541
2018-01-01,"강서구",173.43545
2018-02-01,"강서구",174.5379
2018-03-01,"강서구",199.19335
2018-04-01,"강서구",206.80415
2018-05-01,"강서구",231.15435
2018-06-01,"강서구",254.59385
2018-07-01,"강서구",285.1598
2018-08-01,"강서구",244.98035
2018-09-01,"강서구",241.0305
2018-10-01,"강서구",234.55115
2018-11-01,"강서구",266.3272
2018-12-01,"강서구",258.8942
2019-01-01,"강서구",249.3278
2019-02-01,"강서구",246.2086
2019-03-01,"강서구",262.4603
2019-04-01,"강서구",261.64555
2019-05-01,"강서구",308.362345
2019-06-01,"강서구",339.163496
2019-07-01,"강서구",366.399447
2019-08-01,"강서구",339.474347
2019-09-01,"강서구",333.876494
2019-10-01,"강서구",314.111298
2019-11-01,"강서구",355.406044
2019-12-01,"강서구",348.237293
2020-01-01,"강서구",378.629883
2020-02-01,"강서구",370.363846
2020-03-01,"강서구",412.692702
2020-04-01,"강서구",407.365102
2020-05-01,"강서구",473.138435
2020-06-01,"강서구",510.014876
2020-07-01,"강서구",530.902568
2015-02-01,"관악구",NA
2015-03-01,"관악구",NA
2015-04-01,"관악구",NA
2015-05-01,"관악구",NA
2015-06-01,"관악구",NA
2015-07-01,"관악구",NA
2015-08-01,"관악구",NA
2015-09-01,"관악구",NA
2015-10-01,"관악구",NA
2015-11-01,"관악구",NA
2015-12-01,"관악구",NA
2016-01-01,"관악구",NA
2016-02-01,"관악구",NA
2016-03-01,"관악구",NA
2016-04-01,"관악구",NA
2016-05-01,"관악구",NA
2016-06-01,"관악구",NA
2016-07-01,"관악구",NA
2016-08-01,"관악구",NA
2016-09-01,"관악구",NA
2016-10-01,"관악구",NA
2016-11-01,"관악구",NA
2016-12-01,"관악구",NA
2017-01-01,"관악구",NA
2017-02-01,"관악구",NA
2017-03-01,"관악구",NA
2017-05-01,"관악구",NA
2017-06-01,"관악구",NA
2017-07-01,"관악구",NA
2017-08-01,"관악구",NA
2017-09-01,"관악구",NA
2017-10-01,"관악구",NA
2017-11-01,"관악구",NA
2017-12-01,"관악구",NA
2018-01-01,"관악구",NA
2018-02-01,"관악구",NA
2018-03-01,"관악구",NA
2018-04-01,"관악구",NA
2018-05-01,"관악구",NA
2018-06-01,"관악구",28.1705
2018-07-01,"관악구",76.307
2018-08-01,"관악구",71.20285
2018-09-01,"관악구",80.70595
2018-10-01,"관악구",78.5836
2018-11-01,"관악구",90.634549
2018-12-01,"관악구",108.308698
2019-01-01,"관악구",140.900399
2019-02-01,"관악구",138.203396
2019-03-01,"관악구",140.112848
2019-04-01,"관악구",136.242999
2019-05-01,"관악구",154.587897
2019-06-01,"관악구",166.047499
2019-07-01,"관악구",180.396648
2019-08-01,"관악구",168.37085
2019-09-01,"관악구",172.334947
2019-10-01,"관악구",203.159047
2019-11-01,"관악구",239.463694
2019-12-01,"관악구",237.216186
2020-01-01,"관악구",247.401246
2020-02-01,"관악구",239.672496
2020-03-01,"관악구",270.405795
2020-04-01,"관악구",250.868546
2020-05-01,"관악구",287.365649
2020-06-01,"관악구",311.940199
2020-07-01,"관악구",344.653386
2015-02-01,"광진구",2.315329
2015-03-01,"광진구",2.554646
2015-04-01,"광진구",4.636292
2015-05-01,"광진구",13.935804
2015-06-01,"광진구",16.06271
2015-07-01,"광진구",15.55891
2015-08-01,"광진구",13.9427
2015-09-01,"광진구",13.363661
2015-10-01,"광진구",13.13465
2015-11-01,"광진구",14.14535
2015-12-01,"광진구",13.5889
2016-01-01,"광진구",16.7586
2016-02-01,"광진구",15.23785
2016-03-01,"광진구",14.2192
2016-04-01,"광진구",13.4343
2016-05-01,"광진구",19.7442
2016-06-01,"광진구",78.2457
2016-07-01,"광진구",88.5402
2016-08-01,"광진구",87.5536
2016-09-01,"광진구",113.4683
2016-10-01,"광진구",114.29135
2016-11-01,"광진구",127.34935
2016-12-01,"광진구",129.30425
2017-01-01,"광진구",136.079
2017-02-01,"광진구",120.9505
2017-03-01,"광진구",128.25605
2017-05-01,"광진구",147.52345
2017-06-01,"광진구",150.7935
2017-07-01,"광진구",166.64345
2017-08-01,"광진구",149.1094
2017-09-01,"광진구",137.62495
2017-10-01,"광진구",161.5499
2017-11-01,"광진구",173.23239
2017-12-01,"광진구",161.2595
2018-01-01,"광진구",157.3151
2018-02-01,"광진구",153.73145
2018-03-01,"광진구",165.1362
2018-04-01,"광진구",159.2088
2018-05-01,"광진구",172.9252
2018-06-01,"광진구",193.736
2018-07-01,"광진구",213.82915
2018-08-01,"광진구",185.02035
2018-09-01,"광진구",188.73665
2018-10-01,"광진구",187.40845
2018-11-01,"광진구",204.76475
2018-12-01,"광진구",193.6533
2019-01-01,"광진구",189.37355
2019-02-01,"광진구",181.8201
2019-03-01,"광진구",181.1418
2019-04-01,"광진구",195.5995
2019-05-01,"광진구",224.88615
2019-06-01,"광진구",247.347899
2019-07-01,"광진구",276.3853
2019-08-01,"광진구",257.75165
2019-09-01,"광진구",255.478299
2019-10-01,"광진구",234.39285
2019-11-01,"광진구",258.097198
2019-12-01,"광진구",248.241349
2020-01-01,"광진구",254.794149
2020-02-01,"광진구",235.079048
2020-03-01,"광진구",270.857538
2020-04-01,"광진구",259.142697
2020-05-01,"광진구",293.573404
2020-06-01,"광진구",337.985417
2020-07-01,"광진구",350.920447
2015-02-01,"구로구",1426.237
2015-03-01,"구로구",1452.0155
2015-04-01,"구로구",1297.67
2015-05-01,"구로구",1434.604
2015-06-01,"구로구",1782.5235
2015-07-01,"구로구",1058.8455
2015-08-01,"구로구",1060.914
2015-09-01,"구로구",1045.3525
2015-10-01,"구로구",NA
2015-11-01,"구로구",NA
2015-12-01,"구로구",NA
2016-01-01,"구로구",NA
2016-02-01,"구로구",NA
2016-03-01,"구로구",NA
2016-04-01,"구로구",NA
2016-05-01,"구로구",NA
2016-06-01,"구로구",NA
2016-07-01,"구로구",NA
2016-08-01,"구로구",NA
2016-09-01,"구로구",9.61185
2016-10-01,"구로구",39.89815
2016-11-01,"구로구",47.99325
2016-12-01,"구로구",44.70245
2017-01-01,"구로구",45.20395
2017-02-01,"구로구",39.18615
2017-03-01,"구로구",41.9202
2017-05-01,"구로구",48.35555
2017-06-01,"구로구",50.01605
2017-07-01,"구로구",55.20885
2017-08-01,"구로구",49.07545
2017-09-01,"구로구",45.51955
2017-10-01,"구로구",58.3553
2017-11-01,"구로구",67.9771
2017-12-01,"구로구",81.5134
2018-01-01,"구로구",90.42565
2018-02-01,"구로구",88.98135
2018-03-01,"구로구",94.81695
2018-04-01,"구로구",90.86425
2018-05-01,"구로구",101.66085
2018-06-01,"구로구",113.06205
2018-07-01,"구로구",124.894149
2018-08-01,"구로구",107.36665
2018-09-01,"구로구",106.02765
2018-10-01,"구로구",101.7619
2018-11-01,"구로구",118.428049
2018-12-01,"구로구",116.97055
2019-01-01,"구로구",126.55765
2019-02-01,"구로구",128.5928
2019-03-01,"구로구",127.55915
2019-04-01,"구로구",125.05235
2019-05-01,"구로구",142.9475
2019-06-01,"구로구",155.19805
2019-07-01,"구로구",170.300449
2019-08-01,"구로구",157.29955
2019-09-01,"구로구",160.915999
2019-10-01,"구로구",150.67309
2019-11-01,"구로구",175.496563
2019-12-01,"구로구",172.36785
2020-01-01,"구로구",195.67739
2020-02-01,"구로구",182.007797
2020-03-01,"구로구",200.162275
2020-04-01,"구로구",188.309609
2020-05-01,"구로구",220.560078
2020-06-01,"구로구",235.504649
2020-07-01,"구로구",242.886347
2015-02-01,"금천구",313.7655
2015-03-01,"금천구",315.4669
2015-04-01,"금천구",290.6093
2015-05-01,"금천구",331.08275
2015-06-01,"금천구",359.0352
2015-07-01,"금천구",382.42005
2015-08-01,"금천구",364.4788
2015-09-01,"금천구",355.868
2015-10-01,"금천구",337.95355
2015-11-01,"금천구",380.61995
2015-12-01,"금천구",339.8187
2016-01-01,"금천구",312.28165
2016-02-01,"금천구",320.74735
2016-03-01,"금천구",298.7918
2016-04-01,"금천구",288.49175
2016-05-01,"금천구",337.0621
2016-06-01,"금천구",353.6305
2016-07-01,"금천구",387.9287
2016-08-01,"금천구",356.749
2016-09-01,"금천구",356.66615
2016-10-01,"금천구",327.2775
2016-11-01,"금천구",351.2319
2016-12-01,"금천구",310.8719
2017-01-01,"금천구",313.47625
2017-02-01,"금천구",264.3691
2017-03-01,"금천구",275.0556
2017-05-01,"금천구",326.14585
2017-06-01,"금천구",334.21685
2017-07-01,"금천구",372.22175
2017-08-01,"금천구",334.3376
2017-09-01,"금천구",310.29735
2017-10-01,"금천구",351.8681
2017-11-01,"금천구",355.1126
2017-12-01,"금천구",323.5403
2018-01-01,"금천구",300.5531
2018-02-01,"금천구",294.1933
2018-03-01,"금천구",311.08725
2018-04-01,"금천구",286.788
2018-05-01,"금천구",314.7217
2018-06-01,"금천구",344.44795
2018-07-01,"금천구",384.43475
2018-08-01,"금천구",330.6882
2018-09-01,"금천구",330.9492
2018-10-01,"금천구",306.7572
2018-11-01,"금천구",352.9083
2018-12-01,"금천구",323.3781
2019-01-01,"금천구",299.21525
2019-02-01,"금천구",293.999
2019-03-01,"금천구",288.2588
2019-04-01,"금천구",276.18945
2019-05-01,"금천구",317.50645
2019-06-01,"금천구",342.6044
2019-07-01,"금천구",371.28655
2019-08-01,"금천구",338.7884
2019-09-01,"금천구",344.83777
2019-10-01,"금천구",302.5195
2019-11-01,"금천구",338.9959
2019-12-01,"금천구",309.80885
2020-01-01,"금천구",323.64275
2020-02-01,"금천구",295.0775
2020-03-01,"금천구",310.767
2020-04-01,"금천구",286.8814
2020-05-01,"금천구",334.14015
2020-06-01,"금천구",352.5658
2020-07-01,"금천구",362.5972
2015-02-01,"노원구",28.27865
2015-03-01,"노원구",28.65445
2015-04-01,"노원구",26.62325
2015-05-01,"노원구",54.7896
2015-06-01,"노원구",130.9917
2015-07-01,"노원구",215.1007
2015-08-01,"노원구",295.66625
2015-09-01,"노원구",358.55735
2015-10-01,"노원구",370.27785
2015-11-01,"노원구",447.22215
2015-12-01,"노원구",417.6535
2016-01-01,"노원구",399.92355
2016-02-01,"노원구",406.6722
2016-03-01,"노원구",389.8256
2016-04-01,"노원구",406.98705
2016-05-01,"노원구",491.0721
2016-06-01,"노원구",526.1601
2016-07-01,"노원구",606.54835
2016-08-01,"노원구",603.62205
2016-09-01,"노원구",603.90295
2016-10-01,"노원구",588.53135
2016-11-01,"노원구",678.828
2016-12-01,"노원구",706.49825
2017-01-01,"노원구",785.3427
2017-02-01,"노원구",706.97445
2017-03-01,"노원구",787.9589
2017-05-01,"노원구",974.0365
2017-06-01,"노원구",1040.7994
2017-07-01,"노원구",1200.3109
2017-08-01,"노원구",1090.4343
2017-09-01,"노원구",1067.2064
2017-10-01,"노원구",1216.23375
2017-11-01,"노원구",1218.5148
2017-12-01,"노원구",1169.31269
2018-01-01,"노원구",1124.0579
2018-02-01,"노원구",1069.304525
2018-03-01,"노원구",1139.8321
2018-04-01,"노원구",1078.599749
2018-05-01,"노원구",1205.6497
2018-06-01,"노원구",1352.0169
2018-07-01,"노원구",1497.32865
2018-08-01,"노원구",1287.18925
2018-09-01,"노원구",1297.320499
2018-10-01,"노원구",1244.464
2018-11-01,"노원구",1393.52325
2018-12-01,"노원구",1334.844185
2019-01-01,"노원구",1284.36895
2019-02-01,"노원구",1278.121499
2019-03-01,"노원구",1277.035059
2019-04-01,"노원구",1246.55575
2019-05-01,"노원구",1421.2133
2019-06-01,"노원구",1584.209799
2019-07-01,"노원구",1727.548398
2019-08-01,"노원구",1594.6543
2019-09-01,"노원구",1570.79315
2019-10-01,"노원구",1451.90288
2019-11-01,"노원구",1575.153947
2019-12-01,"노원구",1468.957449
2020-01-01,"노원구",1538.940447
2020-02-01,"노원구",1423.029686
2020-03-01,"노원구",1520.344598
2020-04-01,"노원구",1428.979387
2020-05-01,"노원구",1624.626409
2020-06-01,"노원구",1735.223945
2020-07-01,"노원구",1775.318446
2015-02-01,"도봉구",NA
2015-03-01,"도봉구",NA
2015-04-01,"도봉구",NA
2015-05-01,"도봉구",NA
2015-06-01,"도봉구",NA
2015-07-01,"도봉구",NA
2015-08-01,"도봉구",NA
2015-09-01,"도봉구",NA
2015-10-01,"도봉구",NA
2015-11-01,"도봉구",NA
2015-12-01,"도봉구",NA
2016-01-01,"도봉구",NA
2016-02-01,"도봉구",NA
2016-03-01,"도봉구",NA
2016-04-01,"도봉구",NA
2016-05-01,"도봉구",NA
2016-06-01,"도봉구",NA
2016-07-01,"도봉구",NA
2016-08-01,"도봉구",2015.8192
2016-09-01,"도봉구",1900.06415
2016-10-01,"도봉구",1952.58405
2016-11-01,"도봉구",2064.82845
2016-12-01,"도봉구",1911.2012
2017-01-01,"도봉구",1933.8892
2017-02-01,"도봉구",1642.037549
2017-03-01,"도봉구",1762.19315
2017-05-01,"도봉구",1937.377299
2017-06-01,"도봉구",1941.1444
2017-07-01,"도봉구",2159.48865
2017-08-01,"도봉구",1832.94405
2017-09-01,"도봉구",1757.7423
2017-10-01,"도봉구",1889.07235
2017-11-01,"도봉구",1929.13695
2017-12-01,"도봉구",1780.8305
2018-01-01,"도봉구",1678.37765
2018-02-01,"도봉구",1543.9771
2018-03-01,"도봉구",1700.23465
2018-04-01,"도봉구",1622.454
2018-05-01,"도봉구",1722.0681
2018-06-01,"도봉구",1733.098
2018-07-01,"도봉구",1978.8552
2018-08-01,"도봉구",1657.4379
2018-09-01,"도봉구",1658.6764
2018-10-01,"도봉구",1638.84691
2018-11-01,"도봉구",1781.13005
2018-12-01,"도봉구",1662.0714
2019-01-01,"도봉구",1501.4611
2019-02-01,"도봉구",1412.75265
2019-03-01,"도봉구",1556.316649
2019-04-01,"도봉구",1485.376
2019-05-01,"도봉구",1567.60605
2019-06-01,"도봉구",1621.71175
2019-07-01,"도봉구",1822.513044
2019-08-01,"도봉구",1648.82275
2019-09-01,"도봉구",1667.292649
2019-10-01,"도봉구",1597.14315
2019-11-01,"도봉구",1664.585149
2019-12-01,"도봉구",1603.201598
2020-01-01,"도봉구",1526.145409
2020-02-01,"도봉구",1407.63241
2020-03-01,"도봉구",1440.037149
2020-04-01,"도봉구",1335.92837
2020-05-01,"도봉구",1596.891359
2020-06-01,"도봉구",1596.95359
2020-07-01,"도봉구",1696.410741
2015-02-01,"동대문구",34.34635
2015-03-01,"동대문구",40.1851
2015-04-01,"동대문구",37.0238
2015-05-01,"동대문구",43.78555
2015-06-01,"동대문구",49.8247
2015-07-01,"동대문구",47.3718
2015-08-01,"동대문구",45.6426
2015-09-01,"동대문구",44.50245
2015-10-01,"동대문구",42.5465
2015-11-01,"동대문구",46.8347
2015-12-01,"동대문구",41.46225
2016-01-01,"동대문구",38.86815
2016-02-01,"동대문구",40.4326
2016-03-01,"동대문구",37.31285
2016-04-01,"동대문구",35.54355
2016-05-01,"동대문구",42.128
2016-06-01,"동대문구",44.6022
2016-07-01,"동대문구",47.9788
2016-08-01,"동대문구",45.20835
2016-09-01,"동대문구",44.06855
2016-10-01,"동대문구",40.36475
2016-11-01,"동대문구",43.1883
2016-12-01,"동대문구",38.497
2017-01-01,"동대문구",39.4203
2017-02-01,"동대문구",33.22115
2017-03-01,"동대문구",34.61635
2017-05-01,"동대문구",40.2122
2017-06-01,"동대문구",41.7086
2017-07-01,"동대문구",55.79115
2017-08-01,"동대문구",76.7372
2017-09-01,"동대문구",98.379465
2017-10-01,"동대문구",115.41604
2017-11-01,"동대문구",122.0562
2017-12-01,"동대문구",128.556745
2018-01-01,"동대문구",124.5416
2018-02-01,"동대문구",129.0396
2018-03-01,"동대문구",136.30875
2018-04-01,"동대문구",119.8795
2018-05-01,"동대문구",138.27715
2018-06-01,"동대문구",149.113349
2018-07-01,"동대문구",169.1815
2018-08-01,"동대문구",213.42575
2018-09-01,"동대문구",280.64745
2018-10-01,"동대문구",272.2023
2018-11-01,"동대문구",298.254099
2018-12-01,"동대문구",279.6021
2019-01-01,"동대문구",270.59675
2019-02-01,"동대문구",265.40455
2019-03-01,"동대문구",257.2475
2019-04-01,"동대문구",248.261749
2019-05-01,"동대문구",287.45311
2019-06-01,"동대문구",368.254196
2019-07-01,"동대문구",474.287908
2019-08-01,"동대문구",443.174502
2019-09-01,"동대문구",449.610153
2019-10-01,"동대문구",400.821897
2019-11-01,"동대문구",448.882991
2019-12-01,"동대문구",417.148333
2020-01-01,"동대문구",445.636141
2020-02-01,"동대문구",401.434541
2020-03-01,"동대문구",425.304448
2020-04-01,"동대문구",395.734746
2020-05-01,"동대문구",453.960947
2020-06-01,"동대문구",481.948347
2020-07-01,"동대문구",497.544131
2015-02-01,"동작구",5.8489
2015-03-01,"동작구",5.84525
2015-04-01,"동작구",5.67655
2015-05-01,"동작구",6.2953
2015-06-01,"동작구",29.5913
2015-07-01,"동작구",89.6776
2015-08-01,"동작구",85.59305
2015-09-01,"동작구",83.3361
2015-10-01,"동작구",85.4692
2015-11-01,"동작구",261.7259
2015-12-01,"동작구",263.99675
2016-01-01,"동작구",247.41375
2016-02-01,"동작구",247.46095
2016-03-01,"동작구",240.2972
2016-04-01,"동작구",229.9189
2016-05-01,"동작구",268.97755
2016-06-01,"동작구",285.86065
2016-07-01,"동작구",375.1545
2016-08-01,"동작구",365.65805
2016-09-01,"동작구",352.85025
2016-10-01,"동작구",335.83135
2016-11-01,"동작구",354.83995
2016-12-01,"동작구",336.61855
2017-01-01,"동작구",369.87275
2017-02-01,"동작구",335.27025
2017-03-01,"동작구",361.29485
2017-05-01,"동작구",413.3163
2017-06-01,"동작구",423.51585
2017-07-01,"동작구",474.40764
2017-08-01,"동작구",437.56795
2017-09-01,"동작구",413.71135
2017-10-01,"동작구",468.00505
2017-11-01,"동작구",471.03885
2017-12-01,"동작구",445.0494
2018-01-01,"동작구",444.66455
2018-02-01,"동작구",426.24907
2018-03-01,"동작구",453.44755
2018-04-01,"동작구",424.45485
2018-05-01,"동작구",463.691
2018-06-01,"동작구",502.94596
2018-07-01,"동작구",554.26665
2018-08-01,"동작구",475.12606
2018-09-01,"동작구",476.57705
2018-10-01,"동작구",468.5461
2018-11-01,"동작구",515.559999
2018-12-01,"동작구",497.42883
2019-01-01,"동작구",460.6947
2019-02-01,"동작구",449.3583
2019-03-01,"동작구",447.088971
2019-04-01,"동작구",441.84994
2019-05-01,"동작구",499.25555
2019-06-01,"동작구",542.4013
2019-07-01,"동작구",588.89725
2019-08-01,"동작구",539.109345
2019-09-01,"동작구",525.87575
2019-10-01,"동작구",477.267749
2019-11-01,"동작구",532.29761
2019-12-01,"동작구",515.244628
2020-01-01,"동작구",532.926098
2020-02-01,"동작구",487.866899
2020-03-01,"동작구",522.377198
2020-04-01,"동작구",485.7487
2020-05-01,"동작구",559.922348
2020-06-01,"동작구",601.2998
2020-07-01,"동작구",617.238498
2015-02-01,"마포구",1072.282339
2015-03-01,"마포구",1180.336815
2015-04-01,"마포구",1124.432882
2015-05-01,"마포구",1119.096785
2015-06-01,"마포구",1227.720407
2015-07-01,"마포구",1314.83675
2015-08-01,"마포구",1297.06705
2015-09-01,"마포구",1200.3819
2015-10-01,"마포구",1153.09755
2015-11-01,"마포구",1348.2787
2015-12-01,"마포구",1349.6066
2016-01-01,"마포구",1119.0853
2016-02-01,"마포구",1115.86235
2016-03-01,"마포구",1136.37265
2016-04-01,"마포구",1081.665
2016-05-01,"마포구",1127.01325
2016-06-01,"마포구",1272.3086
2016-07-01,"마포구",1386.81845
2016-08-01,"마포구",1535.9788
2016-09-01,"마포구",1307.96805
2016-10-01,"마포구",1271.18455
2016-11-01,"마포구",1276.4656
2016-12-01,"마포구",1248.3639
2017-01-01,"마포구",1222.2633
2017-02-01,"마포구",997.0819
2017-03-01,"마포구",1075.81045
2017-05-01,"마포구",1236.22085
2017-06-01,"마포구",1226.83845
2017-07-01,"마포구",1305.4587
2017-08-01,"마포구",1190.9561
2017-09-01,"마포구",1126.11965
2017-10-01,"마포구",1235.6129
2017-11-01,"마포구",1259.0275
2017-12-01,"마포구",1162.02395
2018-01-01,"마포구",1018.29635
2018-02-01,"마포구",924.22609
2018-03-01,"마포구",1046.36912
2018-04-01,"마포구",981.37028
2018-05-01,"마포구",1041.36467
2018-06-01,"마포구",1106.71047
2018-07-01,"마포구",1190.17295
2018-08-01,"마포구",1084.49195
2018-09-01,"마포구",992.3691
2018-10-01,"마포구",976.001999
2018-11-01,"마포구",1019.524099
2018-12-01,"마포구",980.55385
2019-01-01,"마포구",903.0157
2019-02-01,"마포구",856.553
2019-03-01,"마포구",857.95154
2019-04-01,"마포구",835.00955
2019-05-01,"마포구",942.4989
2019-06-01,"마포구",984.0084
2019-07-01,"마포구",1050.5642
2019-08-01,"마포구",1005.27471
2019-09-01,"마포구",957.445898
2019-10-01,"마포구",926.019747
2019-11-01,"마포구",961.811301
2019-12-01,"마포구",957.020695
2020-01-01,"마포구",960.193797
2020-02-01,"마포구",866.142676
2020-03-01,"마포구",893.611656
2020-04-01,"마포구",847.458057
2020-05-01,"마포구",962.087499
2020-06-01,"마포구",1009.678728
2020-07-01,"마포구",1044.437197
2015-02-01,"서대문구",63.7709
2015-03-01,"서대문구",98.2262
2015-04-01,"서대문구",100.75605
2015-05-01,"서대문구",116.83515
2015-06-01,"서대문구",138.8851
2015-07-01,"서대문구",308.79185
2015-08-01,"서대문구",310.64795
2015-09-01,"서대문구",298.2974
2015-10-01,"서대문구",299.78785
2015-11-01,"서대문구",328.7918
2015-12-01,"서대문구",308.063
2016-01-01,"서대문구",289.70195
2016-02-01,"서대문구",312.49155
2016-03-01,"서대문구",315.94625
2016-04-01,"서대문구",304.514
2016-05-01,"서대문구",363.53955
2016-06-01,"서대문구",431.1823
2016-07-01,"서대문구",476.52495
2016-08-01,"서대문구",445.2179
2016-09-01,"서대문구",427.5388
2016-10-01,"서대문구",404.47205
2016-11-01,"서대문구",434.31945
2016-12-01,"서대문구",402.79145
2017-01-01,"서대문구",416.42015
2017-02-01,"서대문구",350.05445
2017-03-01,"서대문구",372.50765
2017-05-01,"서대문구",439.1029
2017-06-01,"서대문구",453.35485
2017-07-01,"서대문구",505.5621
2017-08-01,"서대문구",454.82635
2017-09-01,"서대문구",454.01885
2017-10-01,"서대문구",507.39635
2017-11-01,"서대문구",509.0259
2017-12-01,"서대문구",478.6706
2018-01-01,"서대문구",458.7964
2018-02-01,"서대문구",434.50425
2018-03-01,"서대문구",458.38165
2018-04-01,"서대문구",438.4136
2018-05-01,"서대문구",479.7597
2018-06-01,"서대문구",523.5215
2018-07-01,"서대문구",576.90295
2018-08-01,"서대문구",490.94555
2018-09-01,"서대문구",485.6801
2018-10-01,"서대문구",456.68827
2018-11-01,"서대문구",505.36685
2018-12-01,"서대문구",478.7042
2019-01-01,"서대문구",460.00705
2019-02-01,"서대문구",436.99515
2019-03-01,"서대문구",438.99005
2019-04-01,"서대문구",425.3063
2019-05-01,"서대문구",487.7954
2019-06-01,"서대문구",527.8526
2019-07-01,"서대문구",565.87845
2019-08-01,"서대문구",524.9926
2019-09-01,"서대문구",514.2088
2019-10-01,"서대문구",458.4423
2019-11-01,"서대문구",499.3361
2019-12-01,"서대문구",480.82785
2020-01-01,"서대문구",501.2812
2020-02-01,"서대문구",465.3272
2020-03-01,"서대문구",496.37
2020-04-01,"서대문구",466.5379
2020-05-01,"서대문구",533.33025
2020-06-01,"서대문구",584.06345
2020-07-01,"서대문구",586.226699
2015-02-01,"서초구",NA
2015-03-01,"서초구",NA
2015-04-01,"서초구",NA
2015-05-01,"서초구",11.8656
2015-06-01,"서초구",46.4123
2015-07-01,"서초구",94.17835
2015-08-01,"서초구",95.63625
2015-09-01,"서초구",89.95315
2015-10-01,"서초구",91.1353
2015-11-01,"서초구",94.9416
2015-12-01,"서초구",95.93235
2016-01-01,"서초구",90.708
2016-02-01,"서초구",89.1361
2016-03-01,"서초구",87.1257
2016-04-01,"서초구",85.7486
2016-05-01,"서초구",100.4104
2016-06-01,"서초구",149.3342
2016-07-01,"서초구",315.64475
2016-08-01,"서초구",310.81165
2016-09-01,"서초구",301.8501
2016-10-01,"서초구",288.56365
2016-11-01,"서초구",305.87995
2016-12-01,"서초구",292.42015
2017-01-01,"서초구",303.04065
2017-02-01,"서초구",275.7825
2017-03-01,"서초구",294.8927
2017-05-01,"서초구",348.6355
2017-06-01,"서초구",363.59105
2017-07-01,"서초구",397.2001
2017-08-01,"서초구",358.28005
2017-09-01,"서초구",323.10285
2017-10-01,"서초구",349.85565
2017-11-01,"서초구",368.9023
2017-12-01,"서초구",357.00215
2018-01-01,"서초구",356.9461
2018-02-01,"서초구",337.74305
2018-03-01,"서초구",373.5785
2018-04-01,"서초구",366.0654
2018-05-01,"서초구",408.9679
2018-06-01,"서초구",450.5221
2018-07-01,"서초구",493.88082
2018-08-01,"서초구",434.28135
2018-09-01,"서초구",410.12005
2018-10-01,"서초구",399.40912
2018-11-01,"서초구",427.2537
2018-12-01,"서초구",416.587
2019-01-01,"서초구",400.01635
2019-02-01,"서초구",369.30865
2019-03-01,"서초구",377.2751
2019-04-01,"서초구",373.054048
2019-05-01,"서초구",424.38305
2019-06-01,"서초구",454.95965
2019-07-01,"서초구",490.78915
2019-08-01,"서초구",457.463798
2019-09-01,"서초구",433.104998
2019-10-01,"서초구",399.501999
2019-11-01,"서초구",426.734549
2019-12-01,"서초구",422.367996
2020-01-01,"서초구",442.530407
2020-02-01,"서초구",423.756797
2020-03-01,"서초구",463.136767
2020-04-01,"서초구",432.915905
2020-05-01,"서초구",492.097844
2020-06-01,"서초구",529.521297
2020-07-01,"서초구",538.023593
2015-02-01,"성동구",NA
2015-03-01,"성동구",NA
2015-04-01,"성동구",NA
2015-05-01,"성동구",NA
2015-06-01,"성동구",15.02365
2015-07-01,"성동구",46.01185
2015-08-01,"성동구",47.9675
2015-09-01,"성동구",46.0183
2015-10-01,"성동구",45.5244
2015-11-01,"성동구",48.92195
2015-12-01,"성동구",45.82355
2016-01-01,"성동구",43.60185
2016-02-01,"성동구",42.766
2016-03-01,"성동구",41.4014
2016-04-01,"성동구",39.6141
2016-05-01,"성동구",49.0753
2016-06-01,"성동구",55.92025
2016-07-01,"성동구",77.05135
2016-08-01,"성동구",126.1522
2016-09-01,"성동구",131.92635
2016-10-01,"성동구",129.72395
2016-11-01,"성동구",156.44895
2016-12-01,"성동구",170.16675
2017-01-01,"성동구",187.2838
2017-02-01,"성동구",165.073
2017-03-01,"성동구",184.05035
2017-05-01,"성동구",223.25805
2017-06-01,"성동구",230.65535
2017-07-01,"성동구",296.10065
2017-08-01,"성동구",301.70865
2017-09-01,"성동구",285.4112
2017-10-01,"성동구",342.9396
2017-11-01,"성동구",347.4686
2017-12-01,"성동구",342.08315
2018-01-01,"성동구",338.1563
2018-02-01,"성동구",319.4743
2018-03-01,"성동구",336.783
2018-04-01,"성동구",324.9581
2018-05-01,"성동구",357.0965
2018-06-01,"성동구",395.92745
2018-07-01,"성동구",430.8077
2018-08-01,"성동구",376.97935
2018-09-01,"성동구",364.7485
2018-10-01,"성동구",357.592249
2018-11-01,"성동구",432.1765
2018-12-01,"성동구",425.30665
2019-01-01,"성동구",401.35975
2019-02-01,"성동구",384.09465
2019-03-01,"성동구",378.77055
2019-04-01,"성동구",370.7974
2019-05-01,"성동구",422.4895
2019-06-01,"성동구",454.17795
2019-07-01,"성동구",486.44085
2019-08-01,"성동구",457.67125
2019-09-01,"성동구",447.08295
2019-10-01,"성동구",407.55995
2019-11-01,"성동구",441.68005
2019-12-01,"성동구",447.918347
2020-01-01,"성동구",479.129043
2020-02-01,"성동구",446.863317
2020-03-01,"성동구",472.294599
2020-04-01,"성동구",440.20895
2020-05-01,"성동구",500.925948
2020-06-01,"성동구",523.84195
2020-07-01,"성동구",547.288545
2015-02-01,"성북구",78.6873
2015-03-01,"성북구",81.70365
2015-04-01,"성북구",76.63725
2015-05-01,"성북구",92.81135
2015-06-01,"성북구",119.14385
2015-07-01,"성북구",135.39775
2015-08-01,"성북구",129.8149
2015-09-01,"성북구",126.7683
2015-10-01,"성북구",121.51985
2015-11-01,"성북구",134.77885
2015-12-01,"성북구",123.8906
2016-01-01,"성북구",115.66215
2016-02-01,"성북구",120.6591
2016-03-01,"성북구",112.30065
2016-04-01,"성북구",107.9715
2016-05-01,"성북구",127.2978
2016-06-01,"성북구",134.61615
2016-07-01,"성북구",145.77015
2016-08-01,"성북구",151.87595
2016-09-01,"성북구",168.47855
2016-10-01,"성북구",162.67115
2016-11-01,"성북구",178.51105
2016-12-01,"성북구",163.81795
2017-01-01,"성북구",166.64635
2017-02-01,"성북구",140.52855
2017-03-01,"성북구",146.43515
2017-05-01,"성북구",170.75745
2017-06-01,"성북구",174.9957
2017-07-01,"성북구",194.7185
2017-08-01,"성북구",172.4171
2017-09-01,"성북구",170.17675
2017-10-01,"성북구",193.72085
2017-11-01,"성북구",208.45585
2017-12-01,"성북구",198.14365
2018-01-01,"성북구",188.2543
2018-02-01,"성북구",182.4217
2018-03-01,"성북구",199.4469
2018-04-01,"성북구",182.05645
2018-05-01,"성북구",199.926
2018-06-01,"성북구",218.20065
2018-07-01,"성북구",240.60725
2018-08-01,"성북구",203.225527
2018-09-01,"성북구",203.656721
2018-10-01,"성북구",194.371062
2018-11-01,"성북구",215.49715
2018-12-01,"성북구",202.6235
2019-01-01,"성북구",191.8669
2019-02-01,"성북구",186.444289
2019-03-01,"성북구",184.274767
2019-04-01,"성북구",175.565676
2019-05-01,"성북구",199.328709
2019-06-01,"성북구",213.393714
2019-07-01,"성북구",298.119636
2019-08-01,"성북구",285.937434
2019-09-01,"성북구",289.102112
2019-10-01,"성북구",255.297797
2019-11-01,"성북구",283.069462
2019-12-01,"성북구",265.474696
2020-01-01,"성북구",277.48987
2020-02-01,"성북구",277.310556
2020-03-01,"성북구",323.848016
2020-04-01,"성북구",308.688407
2020-05-01,"성북구",355.901676
2020-06-01,"성북구",376.884218
2020-07-01,"성북구",387.318308
2015-02-01,"송파구",951.61695
2015-03-01,"송파구",1021.37875
2015-04-01,"송파구",1050.77005
2015-05-01,"송파구",1367.00105
2015-06-01,"송파구",1654.82465
2015-07-01,"송파구",1844.62485
2015-08-01,"송파구",1792.28485
2015-09-01,"송파구",1687.0567
2015-10-01,"송파구",1637.81005
2015-11-01,"송파구",1824.875
2015-12-01,"송파구",1697.33925
2016-01-01,"송파구",1560.32621
2016-02-01,"송파구",1541.19625
2016-03-01,"송파구",1484.7766
2016-04-01,"송파구",1421.23275
2016-05-01,"송파구",1637.17945
2016-06-01,"송파구",1730.0483
2016-07-01,"송파구",1854.82985
2016-08-01,"송파구",1725.1054
2016-09-01,"송파구",1658.78895
2016-10-01,"송파구",1571.82715
2016-11-01,"송파구",1689.6194
2016-12-01,"송파구",1578.555
2017-01-01,"송파구",1571.0747
2017-02-01,"송파구",1340.065378
2017-03-01,"송파구",1431.510477
2017-05-01,"송파구",1648.83465
2017-06-01,"송파구",1701.37115
2017-07-01,"송파구",1885.18547
2017-08-01,"송파구",1687.3934
2017-09-01,"송파구",1535.58246
2017-10-01,"송파구",1680.94265
2017-11-01,"송파구",1751.2334
2017-12-01,"송파구",1657.3854
2018-01-01,"송파구",1573.3786
2018-02-01,"송파구",1470.12505
2018-03-01,"송파구",1580.2877
2018-04-01,"송파구",1492.00601
2018-05-01,"송파구",1633.99275
2018-06-01,"송파구",1787.25765
2018-07-01,"송파구",1967.0653
2018-08-01,"송파구",1698.0408
2018-09-01,"송파구",1637.528749
2018-10-01,"송파구",1576.511589
2018-11-01,"송파구",1771.638199
2018-12-01,"송파구",1669.451349
2019-01-01,"송파구",1588.41339
2019-02-01,"송파구",1504.18465
2019-03-01,"송파구",1542.186
2019-04-01,"송파구",1514.53625
2019-05-01,"송파구",1718.594597
2019-06-01,"송파구",1836.416698
2019-07-01,"송파구",1988.182249
2019-08-01,"송파구",1840.690757
2019-09-01,"송파구",1768.016299
2019-10-01,"송파구",1623.612779
2019-11-01,"송파구",1770.856107
2019-12-01,"송파구",1696.102398
2020-01-01,"송파구",1716.074849
2020-02-01,"송파구",1621.872609
2020-03-01,"송파구",1726.465046
2020-04-01,"송파구",1624.373849
2020-05-01,"송파구",1843.766246
2020-06-01,"송파구",1958.394247
2020-07-01,"송파구",2010.454447
2015-02-01,"양천구",270.00215
2015-03-01,"양천구",327.86685
2015-04-01,"양천구",311.78795
2015-05-01,"양천구",312.57535
2015-06-01,"양천구",324.4505
2015-07-01,"양천구",354.6431
2015-08-01,"양천구",357.22475
2015-09-01,"양천구",341.85675
2015-10-01,"양천구",368.3656
2015-11-01,"양천구",386.0131
2015-12-01,"양천구",397.56695
2016-01-01,"양천구",350.2219
2016-02-01,"양천구",330.3371
2016-03-01,"양천구",355.5795
2016-04-01,"양천구",339.77825
2016-05-01,"양천구",360.48315
2016-06-01,"양천구",372.2177
2016-07-01,"양천구",401.24735
2016-08-01,"양천구",398.8871
2016-09-01,"양천구",356.66275
2016-10-01,"양천구",370.89185
2016-11-01,"양천구",375.29785
2016-12-01,"양천구",399.8675
2017-01-01,"양천구",366.262215
2017-02-01,"양천구",342.1938
2017-03-01,"양천구",360.91475
2017-05-01,"양천구",378.216185
2017-06-01,"양천구",384.5938
2017-07-01,"양천구",394.289
2017-08-01,"양천구",401.94885
2017-09-01,"양천구",368.3516
2017-10-01,"양천구",373.83456
2017-11-01,"양천구",378.1611
2017-12-01,"양천구",381.73285
2018-01-01,"양천구",398.91275
2018-02-01,"양천구",361.22258
2018-03-01,"양천구",411.7061
2018-04-01,"양천구",379.86396
2018-05-01,"양천구",408.94645
2018-06-01,"양천구",453.553
2018-07-01,"양천구",536.10585
2018-08-01,"양천구",535.49095
2018-09-01,"양천구",496.9832
2018-10-01,"양천구",501.0157
2018-11-01,"양천구",532.29275
2018-12-01,"양천구",523.8057
2019-01-01,"양천구",540.1468325
2019-02-01,"양천구",444.965099
2019-03-01,"양천구",390.44735
2019-04-01,"양천구",390.152035
2019-05-01,"양천구",417.584249
2019-06-01,"양천구",431.2704
2019-07-01,"양천구",476.758
2019-08-01,"양천구",448.7599
2019-09-01,"양천구",400.206899
2019-10-01,"양천구",410.720999
2019-11-01,"양천구",381.346349
2019-12-01,"양천구",409.32055
2020-01-01,"양천구",401.047597
2020-02-01,"양천구",400.37637
2020-03-01,"양천구",391.9553
2020-04-01,"양천구",385.711048
2020-05-01,"양천구",448.898748
2020-06-01,"양천구",450.142589
2020-07-01,"양천구",488.775497
2015-02-01,"영등포구",792.30295
2015-03-01,"영등포구",818.56775
2015-04-01,"영등포구",771.4451
2015-05-01,"영등포구",851.8225
2015-06-01,"영등포구",962.0914
2015-07-01,"영등포구",1013.425
2015-08-01,"영등포구",967.8361
2015-09-01,"영등포구",922.9322
2015-10-01,"영등포구",885.41095
2015-11-01,"영등포구",981.0018
2015-12-01,"영등포구",912.1496
2016-01-01,"영등포구",838.969
2016-02-01,"영등포구",842.81125
2016-03-01,"영등포구",806.369
2016-04-01,"영등포구",776.4592
2016-05-01,"영등포구",899.012
2016-06-01,"영등포구",946.06755
2016-07-01,"영등포구",1025.5702
2016-08-01,"영등포구",947.4232
2016-09-01,"영등포구",909.4319
2016-10-01,"영등포구",860.54805
2016-11-01,"영등포구",922.65215
2016-12-01,"영등포구",845.3479
2017-01-01,"영등포구",846.27095
2017-02-01,"영등포구",714.3951
2017-03-01,"영등포구",759.9259
2017-05-01,"영등포구",869.15895
2017-06-01,"영등포구",887.6262
2017-07-01,"영등포구",987.4707
2017-08-01,"영등포구",872.6046
2017-09-01,"영등포구",802.8088
2017-10-01,"영등포구",895.59795
2017-11-01,"영등포구",916.07
2017-12-01,"영등포구",854.446349
2018-01-01,"영등포구",798.86615
2018-02-01,"영등포구",759.633
2018-03-01,"영등포구",817.997
2018-04-01,"영등포구",766.4774
2018-05-01,"영등포구",826.562399
2018-06-01,"영등포구",905.24635
2018-07-01,"영등포구",991.8267
2018-08-01,"영등포구",853.78595
2018-09-01,"영등포구",840.15515
2018-10-01,"영등포구",793.9112
2018-11-01,"영등포구",894.37555
2018-12-01,"영등포구",838.79045
2019-01-01,"영등포구",783.0416
2019-02-01,"영등포구",756.787549
2019-03-01,"영등포구",745.1869
2019-04-01,"영등포구",733.2095
2019-05-01,"영등포구",830.62435
2019-06-01,"영등포구",892.316148
2019-07-01,"영등포구",961.756249
2019-08-01,"영등포구",886.990677
2019-09-01,"영등포구",866.538989
2019-10-01,"영등포구",780.017016
2019-11-01,"영등포구",865.320035
2019-12-01,"영등포구",818.809616
2020-01-01,"영등포구",845.098344
2020-02-01,"영등포구",772.740332
2020-03-01,"영등포구",822.808645
2020-04-01,"영등포구",770.79948
2020-05-01,"영등포구",892.108403
2020-06-01,"영등포구",954.763059
2020-07-01,"영등포구",982.443538
2015-02-01,"용산구",8.21475
2015-03-01,"용산구",8.227
2015-04-01,"용산구",7.68875
2015-05-01,"용산구",8.59075
2015-06-01,"용산구",9.6406
2015-07-01,"용산구",9.90535
2015-08-01,"용산구",9.681
2015-09-01,"용산구",8.75595
2015-10-01,"용산구",6.7075
2015-11-01,"용산구",6.83775
2015-12-01,"용산구",6.57505
2016-01-01,"용산구",6.0552
2016-02-01,"용산구",6.1387
2016-03-01,"용산구",5.7614
2016-04-01,"용산구",5.54135
2016-05-01,"용산구",6.458
2016-06-01,"용산구",6.8011
2016-07-01,"용산구",7.65925
2016-08-01,"용산구",6.90895
2016-09-01,"용산구",6.37175
2016-10-01,"용산구",5.9856
2016-11-01,"용산구",6.3134
2016-12-01,"용산구",5.9691
2017-01-01,"용산구",5.8507
2017-02-01,"용산구",4.9925
2017-03-01,"용산구",5.09225
2017-05-01,"용산구",5.92595
2017-06-01,"용산구",6.1569
2017-07-01,"용산구",6.67865
2017-08-01,"용산구",5.7426
2017-09-01,"용산구",5.24255
2017-10-01,"용산구",6.0783
2017-11-01,"용산구",5.97985
2017-12-01,"용산구",5.7239
2018-01-01,"용산구",5.4403
2018-02-01,"용산구",5.19345
2018-03-01,"용산구",5.4601
2018-04-01,"용산구",5.15465
2018-05-01,"용산구",5.6064
2018-06-01,"용산구",5.98895
2018-07-01,"용산구",6.6432
2018-08-01,"용산구",5.5432
2018-09-01,"용산구",5.6318
2018-10-01,"용산구",5.3565
2018-11-01,"용산구",5.9068
2018-12-01,"용산구",5.6177
2019-01-01,"용산구",5.43085
2019-02-01,"용산구",5.15855
2019-03-01,"용산구",5.27915
2019-04-01,"용산구",4.90725
2019-05-01,"용산구",5.6902
2019-06-01,"용산구",5.88395
2019-07-01,"용산구",6.6413
2019-08-01,"용산구",6.11035
2019-09-01,"용산구",6.05
2019-10-01,"용산구",5.4875
2019-11-01,"용산구",5.5879
2019-12-01,"용산구",6.171
2020-01-01,"용산구",16.0204
2020-02-01,"용산구",15.581498
2020-03-01,"용산구",16.604949
2020-04-01,"용산구",15.61935
2020-05-01,"용산구",18.1695
2020-06-01,"용산구",18.953799
2020-07-01,"용산구",19.788948
2015-02-01,"은평구",NA
2015-03-01,"은평구",NA
2015-04-01,"은평구",NA
2015-05-01,"은평구",NA
2015-06-01,"은평구",NA
2015-07-01,"은평구",NA
2015-08-01,"은평구",NA
2015-09-01,"은평구",NA
2015-10-01,"은평구",NA
2015-11-01,"은평구",NA
2015-12-01,"은평구",13.10915
2016-01-01,"은평구",13.57375
2016-02-01,"은평구",13.6617
2016-03-01,"은평구",12.8562
2016-04-01,"은평구",12.20615
2016-05-01,"은평구",14.76525
2016-06-01,"은평구",15.42625
2016-07-01,"은평구",16.6613
2016-08-01,"은평구",15.1427
2016-09-01,"은평구",14.4507
2016-10-01,"은평구",16.8948
2016-11-01,"은평구",41.6797
2016-12-01,"은평구",50.5986
2017-01-01,"은평구",54.7864
2017-02-01,"은평구",48.68765
2017-03-01,"은평구",50.883
2017-05-01,"은평구",62.36775
2017-06-01,"은평구",73.3864
2017-07-01,"은평구",91.8212
2017-08-01,"은평구",112.62155
2017-09-01,"은평구",116.99125
2017-10-01,"은평구",135.8326
2017-11-01,"은평구",143.00715
2017-12-01,"은평구",137.2531
2018-01-01,"은평구",128.1936
2018-02-01,"은평구",123.0818
2018-03-01,"은평구",128.99435
2018-04-01,"은평구",121.6044
2018-05-01,"은평구",133.3696
2018-06-01,"은평구",147.0334
2018-07-01,"은평구",162.16327
2018-08-01,"은평구",140.85796
2018-09-01,"은평구",139.83325
2018-10-01,"은평구",142.04039
2018-11-01,"은평구",164.07405
2018-12-01,"은평구",159.25265
2019-01-01,"은평구",158.03225
2019-02-01,"은평구",153.59475
2019-03-01,"은평구",153.1103
2019-04-01,"은평구",146.71125
2019-05-01,"은평구",170.72295
2019-06-01,"은평구",186.702361
2019-07-01,"은평구",201.242842
2019-08-01,"은평구",197.324247
2019-09-01,"은평구",214.300705
2019-10-01,"은평구",191.4303
2019-11-01,"은평구",208.3728
2019-12-01,"은평구",198.7972
2020-01-01,"은평구",203.28605
2020-02-01,"은평구",189.8841
2020-03-01,"은평구",202.834378
2020-04-01,"은평구",187.40165
2020-05-01,"은평구",215.678805
2020-06-01,"은평구",235.99947
2020-07-01,"은평구",254.369885
2015-02-01,"종로구",7.61405
2015-03-01,"종로구",25.27565
2015-04-01,"종로구",26.50835
2015-05-01,"종로구",30.9645
2015-06-01,"종로구",35.9552
2015-07-01,"종로구",40.1779
2015-08-01,"종로구",41.44625
2015-09-01,"종로구",42.48755
2015-10-01,"종로구",42.40725
2015-11-01,"종로구",49.035
2015-12-01,"종로구",50.66515
2016-01-01,"종로구",47.3207
2016-02-01,"종로구",51.025
2016-03-01,"종로구",49.7797
2016-04-01,"종로구",48.584
2016-05-01,"종로구",57.78125
2016-06-01,"종로구",61.4313
2016-07-01,"종로구",72.05345
2016-08-01,"종로구",70.44065
2016-09-01,"종로구",70.5135
2016-10-01,"종로구",69.4623
2016-11-01,"종로구",74.03415
2016-12-01,"종로구",71.4464
2017-01-01,"종로구",70.4502
2017-02-01,"종로구",60.2342
2017-03-01,"종로구",64.439
2017-05-01,"종로구",74.15895
2017-06-01,"종로구",77.69355
2017-07-01,"종로구",87.26
2017-08-01,"종로구",80.69525
2017-09-01,"종로구",75.60715
2017-10-01,"종로구",82.09255
2017-11-01,"종로구",83.3771
2017-12-01,"종로구",80.39385
2018-01-01,"종로구",76.20085
2018-02-01,"종로구",72.8649
2018-03-01,"종로구",77.0911
2018-04-01,"종로구",74.09485
2018-05-01,"종로구",80.46755
2018-06-01,"종로구",88.23895
2018-07-01,"종로구",102.2243
2018-08-01,"종로구",96.70555
2018-09-01,"종로구",100.44805
2018-10-01,"종로구",96.48175
2018-11-01,"종로구",104.68255
2018-12-01,"종로구",100.9975
2019-01-01,"종로구",97.43455
2019-02-01,"종로구",93.9762
2019-03-01,"종로구",93.0382
2019-04-01,"종로구",91.7632
2019-05-01,"종로구",105.37015
2019-06-01,"종로구",112.58695
2019-07-01,"종로구",123.31725
2019-08-01,"종로구",113.9795
2019-09-01,"종로구",109.6655
2019-10-01,"종로구",98.90595
2019-11-01,"종로구",107.5043
2019-12-01,"종로구",104.13035
2020-01-01,"종로구",109.99925
2020-02-01,"종로구",103.2069
2020-03-01,"종로구",109.9749
2020-04-01,"종로구",102.23355
2020-05-01,"종로구",118.223
2020-06-01,"종로구",127.62775
2020-07-01,"종로구",132.35065
2015-02-01,"중구",14.88315
2015-03-01,"중구",16.1695
2015-04-01,"중구",16.6679
2015-05-01,"중구",29.09815
2015-06-01,"중구",32.6073
2015-07-01,"중구",35.7754
2015-08-01,"중구",33.0634
2015-09-01,"중구",35.9023
2015-10-01,"중구",50.96905
2015-11-01,"중구",56.9446
2015-12-01,"중구",54.19275
2016-01-01,"중구",50.26085
2016-02-01,"중구",49.5048
2016-03-01,"중구",56.58405
2016-04-01,"중구",70.32455
2016-05-01,"중구",80.28475
2016-06-01,"중구",85.7266
2016-07-01,"중구",94.4692
2016-08-01,"중구",99.7323
2016-09-01,"중구",141.6151
2016-10-01,"중구",121.7105
2016-11-01,"중구",162.0455
2016-12-01,"중구",155.2087
2017-01-01,"중구",157.6872
2017-02-01,"중구",135.603
2017-03-01,"중구",143.4722
2017-05-01,"중구",164.88595
2017-06-01,"중구",169.48175
2017-07-01,"중구",189.7844
2017-08-01,"중구",167.84115
2017-09-01,"중구",152.3381
2017-10-01,"중구",170.1598
2017-11-01,"중구",168.9105
2017-12-01,"중구",161.27203
2018-01-01,"중구",149.08865
2018-02-01,"중구",142.92006
2018-03-01,"중구",151.72505
2018-04-01,"중구",159.6013
2018-05-01,"중구",175.6549
2018-06-01,"중구",190.9922
2018-07-01,"중구",228.93775
2018-08-01,"중구",197.08351
2018-09-01,"중구",195.296
2018-10-01,"중구",185.29565
2018-11-01,"중구",204.3211
2018-12-01,"중구",196.67759
2019-01-01,"중구",181.46545
2019-02-01,"중구",178.38315
2019-03-01,"중구",176.0506
2019-04-01,"중구",171.16455
2019-05-01,"중구",195.0089
2019-06-01,"중구",208.72185
2019-07-01,"중구",226.02945
2019-08-01,"중구",208.58025
2019-09-01,"중구",207.66655
2019-10-01,"중구",188.3723
2019-11-01,"중구",203.48415
2019-12-01,"중구",195.3706
2020-01-01,"중구",203.17115
2020-02-01,"중구",185.0796
2020-03-01,"중구",197.464999
2020-04-01,"중구",184.64215
2020-05-01,"중구",210.56675
2020-06-01,"중구",221.635509
2020-07-01,"중구",228.6766
2015-02-01,"중랑구",20.2555
2015-03-01,"중랑구",20.52835
2015-04-01,"중랑구",19.3789
2015-05-01,"중랑구",21.35735
2015-06-01,"중랑구",23.5069
2015-07-01,"중랑구",25.3634
2015-08-01,"중랑구",68.40165
2015-09-01,"중랑구",270.57025
2015-10-01,"중랑구",286.56545
2015-11-01,"중랑구",341.6196
2015-12-01,"중랑구",370.50375
2016-01-01,"중랑구",357.7589
2016-02-01,"중랑구",390.27345
2016-03-01,"중랑구",369.68695
2016-04-01,"중랑구",359.3963
2016-05-01,"중랑구",426.51625
2016-06-01,"중랑구",467.38885
2016-07-01,"중랑구",534.23305
2016-08-01,"중랑구",492.3655
2016-09-01,"중랑구",494.2236
2016-10-01,"중랑구",459.8966
2016-11-01,"중랑구",492.01435
2016-12-01,"중랑구",435.38665
2017-01-01,"중랑구",455.11765
2017-02-01,"중랑구",392.65985
2017-03-01,"중랑구",411.3051
2017-05-01,"중랑구",473.31265
2017-06-01,"중랑구",482.85125
2017-07-01,"중랑구",539.9118
2017-08-01,"중랑구",479.563
2017-09-01,"중랑구",441.5517
2017-10-01,"중랑구",516.4853
2017-11-01,"중랑구",514.23015
2017-12-01,"중랑구",463.631
2018-01-01,"중랑구",438.24125
2018-02-01,"중랑구",433.45895
2018-03-01,"중랑구",454.9625
2018-04-01,"중랑구",421.2763
2018-05-01,"중랑구",479.50115
2018-06-01,"중랑구",525.45265
2018-07-01,"중랑구",583.94485
2018-08-01,"중랑구",490.17225
2018-09-01,"중랑구",500.121
2018-10-01,"중랑구",473.9112
2018-11-01,"중랑구",504.48445
2018-12-01,"중랑구",477.954
2019-01-01,"중랑구",454.99645
2019-02-01,"중랑구",449.3237
2019-03-01,"중랑구",450.201
2019-04-01,"중랑구",442.86025
2019-05-01,"중랑구",503.09475
2019-06-01,"중랑구",543.993
2019-07-01,"중랑구",588.734
2019-08-01,"중랑구",550.5687
2019-09-01,"중랑구",556.704
2019-10-01,"중랑구",499.41445
2019-11-01,"중랑구",561.406969
2019-12-01,"중랑구",521.059847
2020-01-01,"중랑구",554.942049
2020-02-01,"중랑구",486.12995
2020-03-01,"중랑구",533.396199
2020-04-01,"중랑구",491.205399
2020-05-01,"중랑구",562.0599
2020-06-01,"중랑구",598.444449
2020-07-01,"중랑구",626.115498
