"Week","gu","disq_t"
2018-01-01,"강남구",38.230392089338
2018-01-08,"강남구",35.7509597918689
2018-01-15,"강남구",36.85566200155
2018-01-22,"강남구",33.5095419509482
2018-01-29,"강남구",35.0005702685278
2018-02-05,"강남구",35.9520005178679
2018-02-12,"강남구",42.0890891062533
2018-02-19,"강남구",38.0052542755114
2018-02-26,"강남구",38.4667900939665
2018-03-05,"강남구",37.3119408648958
2018-03-12,"강남구",36.9763597838337
2018-03-19,"강남구",36.1084834265379
2018-03-26,"강남구",37.5394600188619
2018-04-02,"강남구",35.4217837734959
2018-04-09,"강남구",36.1878772741648
2018-04-16,"강남구",36.0312184427959
2018-04-23,"강남구",36.2004137626031
2018-04-30,"강남구",36.0337257621052
2018-05-07,"강남구",38.6059333349418
2018-05-14,"강남구",38.2561568318421
2018-05-21,"강남구",40.3909316793767
2018-05-28,"강남구",40.861431555482
2018-06-04,"강남구",42.5017094105434
2018-06-11,"강남구",42.6862971402543
2018-06-18,"강남구",44.0879028735101
2018-06-25,"강남구",43.0264023063454
2018-07-02,"강남구",44.255149805333
2018-07-09,"강남구",43.9805613859514
2018-07-16,"강남구",46.4129468763193
2018-07-23,"강남구",45.1869762488728
2018-07-30,"강남구",42.7796048521564
2018-08-06,"강남구",40.9616486606015
2018-08-13,"강남구",39.9789682525143
2018-08-20,"강남구",38.0464750482105
2018-08-27,"강남구",36.9652661575055
2018-09-03,"강남구",36.8570509284944
2018-09-10,"강남구",37.7717481046999
2018-09-17,"강남구",45.3070593700424
2018-09-24,"강남구",41.5790888445284
2018-10-01,"강남구",39.1687490543954
2018-10-08,"강남구",37.5036920885279
2018-10-15,"강남구",36.3762254982647
2018-10-22,"강남구",37.318274902916
2018-10-29,"강남구",39.0017741176006
2018-11-05,"강남구",41.2829156147987
2018-11-12,"강남구",44.7037297487874
2018-11-19,"강남구",46.0840824455336
2018-11-26,"강남구",44.7535425172396
2018-12-03,"강남구",40.6519074820901
2018-12-10,"강남구",38.6275546143688
2018-12-17,"강남구",39.0805863779542
2018-12-24,"강남구",38.4329287961895
2018-12-31,"강남구",40.0858587632436
2019-01-07,"강남구",37.2321352618607
2019-01-14,"강남구",37.1610188429358
2019-01-21,"강남구",37.4080520545326
2019-01-28,"강남구",42.3739838874994
2019-02-04,"강남구",42.4912242588054
2019-02-11,"강남구",38.4096156263388
2019-02-18,"강남구",38.3697994557693
2019-02-25,"강남구",39.2698729394478
2019-03-04,"강남구",37.4305350813486
2019-03-11,"강남구",35.8128397917949
2019-03-18,"강남구",35.6877390769846
2019-03-25,"강남구",36.3151054529525
2019-04-01,"강남구",36.4098192516761
2019-04-08,"강남구",36.2360487980589
2019-04-15,"강남구",37.429180385638
2019-04-22,"강남구",37.2778581222237
2019-04-29,"강남구",38.319731572669
2019-05-06,"강남구",39.9221083063503
2019-05-13,"강남구",40.2877046713367
2019-05-20,"강남구",42.7222357382412
2019-05-27,"강남구",42.0819462197638
2019-06-03,"강남구",44.6496531433529
2019-06-10,"강남구",44.3119250073239
2019-06-17,"강남구",44.5413196193706
2019-06-24,"강남구",46.3721906703948
2019-07-01,"강남구",47.7896493239659
2019-07-08,"강남구",47.5612337702615
2019-07-15,"강남구",48.0348051710445
2019-07-22,"강남구",48.4160065445519
2019-07-29,"강남구",47.4516566988012
2019-08-05,"강남구",48.5769040771975
2019-08-12,"강남구",46.8454335604208
2019-08-19,"강남구",43.2236507431311
2019-08-26,"강남구",38.3687439063915
2019-09-02,"강남구",44.265976262175
2019-09-09,"강남구",50.9624014897743
2019-09-16,"강남구",43.4282057884727
2019-09-23,"강남구",42.6968321921869
2019-09-30,"강남구",42.8304705535026
2019-10-07,"강남구",40.9823603727263
2019-10-14,"강남구",39.997132765312
2019-10-21,"강남구",39.9004917094616
2019-10-28,"강남구",41.7888016373352
2019-11-04,"강남구",42.2003059602257
2019-11-11,"강남구",45.9248924750821
2019-11-18,"강남구",48.9524252886048
2019-11-25,"강남구",47.0396485756892
2019-12-02,"강남구",43.6968950834368
2019-12-09,"강남구",42.6121574979946
2019-12-16,"강남구",40.6702373865678
2019-12-23,"강남구",41.8266899078705
2019-12-30,"강남구",42.8504778334268
2020-01-06,"강남구",40.916738988458
2020-01-13,"강남구",41.329096270122
2020-01-20,"강남구",48.1015551120649
2020-01-27,"강남구",47.7995335177038
2020-02-03,"강남구",43.315815712832
2020-02-10,"강남구",42.738732818231
2020-02-17,"강남구",43.0566074039737
2020-02-24,"강남구",44.7968542503855
2020-03-02,"강남구",43.9195972980262
2020-03-09,"강남구",41.6491494898054
2020-03-16,"강남구",43.7024829359879
2020-03-23,"강남구",43.6810568191212
2020-03-30,"강남구",42.9374617913833
2020-04-06,"강남구",41.5250166497381
2020-04-13,"강남구",42.3827586397685
2020-04-20,"강남구",42.8946808755233
2020-04-27,"강남구",44.3477101481658
2020-05-04,"강남구",46.3416017169033
2020-05-11,"강남구",46.9482933703519
2020-05-18,"강남구",47.1734272253916
2020-05-25,"강남구",48.787558535055
2020-06-01,"강남구",49.9817706257918
2020-06-08,"강남구",53.1316111697833
2020-06-15,"강남구",52.3329970791395
2020-06-22,"강남구",52.2850177332286
2020-06-29,"강남구",51.5280207464424
2020-07-06,"강남구",51.5704079338174
2020-07-13,"강남구",53.0129014484458
2020-07-20,"강남구",53.2458035392837
2020-07-27,"강남구",51.6276359370223
2020-08-03,"강남구",51.7543332601613
2020-08-10,"강남구",49.7089327536956
2020-08-17,"강남구",52.0434626313759
2020-08-24,"강남구",48.6408752077432
2018-01-01,"강동구",81.691322
2018-01-08,"강동구",84.084962
2018-01-15,"강동구",86.618213
2018-01-22,"강동구",80.94989
2018-01-29,"강동구",82.024408
2018-02-05,"강동구",85.60148
2018-02-12,"강동구",105.538694
2018-02-19,"강동구",90.363637
2018-02-26,"강동구",93.195505
2018-03-05,"강동구",90.592333
2018-03-12,"강동구",89.677248
2018-03-19,"강동구",87.274158
2018-03-26,"강동구",90.951656
2018-04-02,"강동구",86.392955
2018-04-09,"강동구",87.970752
2018-04-16,"강동구",87.345358
2018-04-23,"강동구",88.29406
2018-04-30,"강동구",88.890497
2018-05-07,"강동구",95.784134
2018-05-14,"강동구",96.041525
2018-05-21,"강동구",102.98685
2018-05-28,"강동구",104.607612
2018-06-04,"강동구",109.643481
2018-06-11,"강동구",111.540162
2018-06-18,"강동구",115.192175
2018-06-25,"강동구",110.49511
2018-07-02,"강동구",117.348034
2018-07-09,"강동구",116.799877
2018-07-16,"강동구",125.428448
2018-07-23,"강동구",120.263303
2018-07-30,"강동구",112.881905
2018-08-06,"강동구",105.745501
2018-08-13,"강동구",103.078204
2018-08-20,"강동구",97.452937
2018-08-27,"강동구",95.321194
2018-09-03,"강동구",94.968363
2018-09-10,"강동구",99.175604
2018-09-17,"강동구",128.966814
2018-09-24,"강동구",120.096917
2018-10-01,"강동구",113.491896
2018-10-08,"강동구",108.703735
2018-10-15,"강동구",107.052162
2018-10-22,"강동구",108.7259
2018-10-29,"강동구",114.922489
2018-11-05,"강동구",124.527619
2018-11-12,"강동구",134.675322
2018-11-19,"강동구",137.566704
2018-11-26,"강동구",132.062154
2018-12-03,"강동구",123.038649
2018-12-10,"강동구",117.222971
2018-12-17,"강동구",122.007445
2018-12-24,"강동구",116.029801
2018-12-31,"강동구",122.339484
2019-01-07,"강동구",113.423235
2019-01-14,"강동구",113.386349
2019-01-21,"강동구",113.682733
2019-01-28,"강동구",127.263473
2019-02-04,"강동구",133.431117
2019-02-11,"강동구",115.681418
2019-02-18,"강동구",117.289083
2019-02-25,"강동구",120.454222
2019-03-04,"강동구",113.308781
2019-03-11,"강동구",106.462066
2019-03-18,"강동구",102.629248
2019-03-25,"강동구",109.122336
2019-04-01,"강동구",109.080384
2019-04-08,"강동구",108.775338
2019-04-15,"강동구",112.750421
2019-04-22,"강동구",112.27799
2019-04-29,"강동구",115.543011
2019-05-06,"강동구",122.659894
2019-05-13,"강동구",121.667913
2019-05-20,"강동구",129.842191
2019-05-27,"강동구",127.138467
2019-06-03,"강동구",135.121505
2019-06-10,"강동구",134.432535
2019-06-17,"강동구",135.924771
2019-06-24,"강동구",143.009039
2019-07-01,"강동구",146.111962
2019-07-08,"강동구",145.104344
2019-07-15,"강동구",147.363459
2019-07-22,"강동구",150.325236
2019-07-29,"강동구",149.152103
2019-08-05,"강동구",150.556797
2019-08-12,"강동구",145.469625
2019-08-19,"강동구",133.130338
2019-08-26,"강동구",115.288672
2019-09-02,"강동구",142.119783
2019-09-09,"강동구",168.7327
2019-09-16,"강동구",137.353194
2019-09-23,"강동구",138.32153
2019-09-30,"강동구",138.677683
2019-10-07,"강동구",131.347695
2019-10-14,"강동구",129.696631
2019-10-21,"강동구",129.041486
2019-10-28,"강동구",135.528649
2019-11-04,"강동구",136.806707
2019-11-11,"강동구",153.376506
2019-11-18,"강동구",168.096778
2019-11-25,"강동구",158.28318
2019-12-02,"강동구",150.235859
2019-12-09,"강동구",146.242953
2019-12-16,"강동구",141.361335
2019-12-23,"강동구",141.309179
2019-12-30,"강동구",147.731041
2020-01-06,"강동구",148.37152
2020-01-13,"강동구",150.742953
2020-01-20,"강동구",179.956019
2020-01-27,"강동구",170.809822
2020-02-03,"강동구",155.207247
2020-02-10,"강동구",154.755256
2020-02-17,"강동구",157.79609
2020-02-24,"강동구",167.068998
2020-03-02,"강동구",168.057374
2020-03-09,"강동구",157.166493
2020-03-16,"강동구",170.665849
2020-03-23,"강동구",169.579209
2020-03-30,"강동구",162.095204
2020-04-06,"강동구",158.550033
2020-04-13,"강동구",162.411796
2020-04-20,"강동구",164.821678
2020-04-27,"강동구",172.886366
2020-05-04,"강동구",181.682799
2020-05-11,"강동구",183.650234
2020-05-18,"강동구",186.147476
2020-05-25,"강동구",177.429441
2020-06-01,"강동구",197.688557
2020-06-08,"강동구",208.528256
2020-06-15,"강동구",206.025601
2020-06-22,"강동구",207.115683
2020-06-29,"강동구",199.646491
2020-07-06,"강동구",203.607532
2020-07-13,"강동구",213.527766
2020-07-20,"강동구",212.617503
2020-07-27,"강동구",207.268017
2020-08-03,"강동구",206.50322
2020-08-10,"강동구",191.560597
2020-08-17,"강동구",209.670344
2020-08-24,"강동구",194.217672
2018-01-01,"강북구",30.4747500732069
2018-01-08,"강북구",28.4983099830232
2018-01-15,"강북구",29.3789058102039
2018-01-22,"강북구",26.7115993379411
2018-01-29,"강북구",27.900148888365
2018-02-05,"강북구",28.6585664058462
2018-02-12,"강북구",33.550649136024
2018-02-19,"강북구",30.2952850394097
2018-02-26,"강북구",30.6631909893248
2018-03-05,"강북구",29.7426212618178
2018-03-12,"강북구",29.4751181310426
2018-03-19,"강북구",28.7833042720261
2018-03-26,"강북구",29.9239845430989
2018-04-02,"강북구",28.2359125462779
2018-04-09,"강북구",28.8465918171323
2018-04-16,"강북구",28.7217137169661
2018-04-23,"강북구",28.8565850798501
2018-04-30,"강북구",28.7237123867449
2018-05-07,"강북구",30.7741068147024
2018-05-14,"강북구",30.4952880286294
2018-05-21,"강북구",32.1969899046959
2018-05-28,"강북구",32.5720414108452
2018-06-04,"강북구",33.87956286045
2018-06-11,"강북구",34.0267040385048
2018-06-18,"강북구",35.14397179559
2018-06-25,"강북구",34.2978134718324
2018-07-02,"강북구",35.2772900319267
2018-07-09,"강북구",35.0584062330346
2018-07-16,"강북구",36.9973437078959
2018-07-23,"강북구",36.0200806868623
2018-07-30,"강북구",34.1010827996086
2018-08-06,"강북구",32.6519278850524
2018-08-13,"강북구",31.8685997996822
2018-08-20,"강북구",30.328143523908
2018-08-27,"강북구",29.4662750229476
2018-09-03,"강북구",29.3800129712658
2018-09-10,"강북구",30.1091493027057
2018-09-17,"강북구",36.1158030403527
2018-09-24,"강북구",33.1441105246224
2018-10-01,"강북구",31.2227464296856
2018-10-08,"강북구",29.8954727053177
2018-10-15,"강북구",28.9967306135842
2018-10-22,"강북구",29.7476703396606
2018-10-29,"강북구",31.0896450098671
2018-11-05,"강북구",32.9080207368616
2018-11-12,"강북구",35.6348684117843
2018-11-19,"강북구",36.7351946482488
2018-11-26,"강북구",35.6745758692828
2018-12-03,"강북구",32.4050226223374
2018-12-10,"강북구",30.7913418743183
2018-12-17,"강북구",31.1524689519121
2018-12-24,"강북구",30.6361989934149
2018-12-31,"강북구",31.9538058732182
2019-01-07,"강북구",29.6790054924254
2019-01-14,"강북구",29.622316168189
2019-01-21,"강북구",29.8192347706873
2019-01-28,"강북구",33.7777484876432
2019-02-04,"강북구",33.8712047882139
2019-02-11,"강북구",30.6176152702097
2019-02-18,"강북구",30.5858764419983
2019-02-25,"강북구",31.3033557291195
2019-03-04,"강북구",29.8371567585525
2019-03-11,"강북구",28.5476366425005
2019-03-18,"강북구",28.4479145939034
2019-03-25,"강북구",28.9480097398616
2019-04-01,"강북구",29.0235093407508
2019-04-08,"강북구",28.8849909825892
2019-04-15,"강북구",29.8360768843752
2019-04-22,"강북구",29.7154527446257
2019-04-29,"강북구",30.5459656239086
2019-05-06,"강북구",31.8232747963582
2019-05-13,"강북구",32.1147041341636
2019-05-20,"강북구",34.0553519212959
2019-05-27,"강북구",33.5449552974659
2019-06-03,"강북구",35.5917621043321
2019-06-10,"강북구",35.3225474827786
2019-06-17,"강북구",35.5054057556921
2019-06-24,"강북구",36.9648555454261
2019-07-01,"강북구",38.0947602062452
2019-07-08,"강북구",37.9126823741448
2019-07-15,"강북구",38.2901822974245
2019-07-22,"강북구",38.594050920013
2019-07-29,"강북구",37.8253347513764
2019-08-05,"강북구",38.7223078336044
2019-08-12,"강북구",37.3420936015717
2019-08-19,"강북구",34.4550469315188
2019-08-26,"강북구",30.5850350275707
2019-09-02,"강북구",35.2859201701076
2019-09-09,"강북구",40.6238692216926
2019-09-16,"강북구",34.6181047382091
2019-09-23,"강북구",34.0351018878887
2019-09-30,"강북구",34.1416295858462
2019-10-07,"강북구",32.6684378975346
2019-10-14,"강북구",31.8830793526624
2019-10-21,"강북구",31.8060434693534
2019-10-28,"강북구",33.3112797478155
2019-11-04,"강북구",33.6393038853872
2019-11-11,"강북구",36.6082988907495
2019-11-18,"강북구",39.0216486051582
2019-11-25,"강북구",37.496909017457
2019-12-02,"강북구",34.8322861437318
2019-12-09,"강북구",33.9676047997865
2019-12-16,"강북구",32.4196340146694
2019-12-23,"강북구",33.3414817811237
2019-12-30,"강북구",34.1575780713837
2020-01-06,"강북구",32.6161288529304
2020-01-13,"강북구",32.944832913046
2020-01-20,"강북구",38.3433909531256
2020-01-27,"강북구",38.1026392343528
2020-02-03,"강북구",34.5285147738202
2020-02-10,"강북구",34.0685023066869
2020-02-17,"강북구",34.3218909858429
2020-02-24,"강북구",35.7091011297032
2020-03-02,"강북구",35.0098096782669
2020-03-09,"강북구",33.1999582556579
2020-03-16,"강북구",34.836740411675
2020-03-23,"강북구",34.8196609227954
2020-03-30,"강북구",34.2269159524316
2020-04-06,"강북구",33.1010077330451
2020-04-13,"강북구",33.7847431420985
2020-04-20,"강북구",34.1928138245829
2020-04-27,"강북구",35.3510730396429
2020-05-04,"강북구",36.9404720468087
2020-05-11,"강북구",37.4240866659615
2020-05-18,"강북구",37.6035485440746
2020-05-25,"강북구",38.8902276901419
2020-06-01,"강북구",39.8421748978651
2020-06-08,"강북구",42.3530202777472
2020-06-15,"강북구",41.7164177349211
2020-06-22,"강북구",41.6781717610923
2020-06-29,"강북구",41.0747436318549
2020-07-06,"강북구",41.108531905293
2020-07-13,"강북구",42.2583927081275
2020-07-20,"강북구",42.4440469120714
2020-07-27,"강북구",41.1541502994435
2020-08-03,"강북구",41.2551450590207
2020-08-10,"강북구",39.6246865199481
2020-08-17,"강북구",41.485619946801
2020-08-24,"강북구",38.7733014046545
2018-01-01,"강서구",41.618
2018-01-08,"강서구",38.42735
2018-01-15,"강서구",39.7397
2018-01-22,"강서구",38.26175
2018-01-29,"강서구",38.9249
2018-02-05,"강서구",40.9247
2018-02-12,"강서구",49.41015
2018-02-19,"강서구",44.0461
2018-02-26,"강서구",45.7593
2018-03-05,"강서구",45.15795
2018-03-12,"강서구",44.4276
2018-03-19,"강서구",44.23355
2018-03-26,"강서구",45.87895
2018-04-02,"강서구",46.86765
2018-04-09,"강서구",48.06315
2018-04-16,"강서구",47.3216
2018-04-23,"강서구",48.218
2018-04-30,"강서구",49.01015
2018-05-07,"강서구",51.74265
2018-05-14,"강서구",52.08555
2018-05-21,"강서구",55.4992
2018-05-28,"강서구",55.7607
2018-06-04,"강서구",58.57915
2018-06-11,"강서구",60.21585
2018-06-18,"강서구",60.90865
2018-06-25,"강서구",59.09245
2018-07-02,"강서구",63.0547
2018-07-09,"강서구",63.2525
2018-07-16,"강서구",66.62575
2018-07-23,"강서구",64.6457
2018-07-30,"강서구",61.03415
2018-08-06,"강서구",58.06265
2018-08-13,"강서구",56.0602
2018-08-20,"강서구",53.44265
2018-08-27,"강서구",50.13915
2018-09-03,"강서구",50.8368
2018-09-10,"강서구",52.67805
2018-09-17,"강서구",61.7172
2018-09-24,"강서구",59.16545
2018-10-01,"강서구",55.68765
2018-10-08,"강서구",52.92935
2018-10-15,"강서구",50.57165
2018-10-22,"강서구",53.5365
2018-10-29,"강서구",55.43955
2018-11-05,"강서구",59.0351
2018-11-12,"강서구",64.1495
2018-11-19,"강서구",67.8808
2018-11-26,"강서구",63.82165
2018-12-03,"강서구",59.3695
2018-12-10,"강서구",56.2127
2018-12-17,"강서구",56.2469
2018-12-24,"강서구",56.7307
2018-12-31,"강서구",59.3649
2019-01-07,"강서구",55.5908
2019-01-14,"강서구",55.37045
2019-01-21,"강서구",55.4152
2019-01-28,"강서구",62.1734
2019-02-04,"강서구",65.10715
2019-02-11,"강서구",59.09605
2019-02-18,"강서구",59.6917
2019-02-25,"강서구",61.2505
2019-03-04,"강서구",59.99815
2019-03-11,"강서구",58.38745
2019-03-18,"강서구",55.1178
2019-03-25,"강서구",59.59415
2019-04-01,"강서구",59.97815
2019-04-08,"강서구",59.98435
2019-04-15,"강서구",61.8309
2019-04-22,"강서구",62.9188
2019-04-29,"강서구",65.071499
2019-05-06,"강서구",69.092149
2019-05-13,"강서구",69.7078
2019-05-20,"강서구",73.580797
2019-05-27,"강서구",73.00215
2019-06-03,"강서구",77.678949
2019-06-10,"강서구",77.553149
2019-06-17,"강서구",77.9126
2019-06-24,"강서구",80.860098
2019-07-01,"강서구",83.289799
2019-07-08,"강서구",82.1857
2019-07-15,"강서구",82.769199
2019-07-22,"강서구",83.881849
2019-07-29,"강서구",82.89135
2019-08-05,"강서구",83.3599
2019-08-12,"강서구",81.970599
2019-08-19,"강서구",73.631348
2019-08-26,"강서구",64.9753
2019-09-02,"강서구",75.992549
2019-09-09,"강서구",88.193399
2019-09-16,"강서구",73.375547
2019-09-23,"강서구",73.092299
2019-09-30,"강서구",74.3497
2019-10-07,"강서구",71.27335
2019-10-14,"강서구",69.566
2019-10-21,"강서구",69.676848
2019-10-28,"강서구",73.823299
2019-11-04,"강서구",74.972249
2019-11-11,"강서구",84.5669
2019-11-18,"강서구",90.288596
2019-11-25,"강서구",87.6489
2019-12-02,"강서구",80.564448
2019-12-09,"강서구",77.768798
2019-12-16,"강서구",75.080798
2019-12-23,"강서구",78.133699
2019-12-30,"강서구",81.63045
2020-01-06,"강서구",79.599195
2020-01-13,"강서구",79.689849
2020-01-20,"강서구",94.577939
2020-01-27,"강서구",94.89315
2020-02-03,"강서구",86.429348
2020-02-10,"강서구",86.81025
2020-02-17,"강서구",89.495849
2020-02-24,"강서구",94.592348
2020-03-02,"강서구",93.735
2020-03-09,"강서구",88.702698
2020-03-16,"강서구",93.635806
2020-03-23,"강서구",93.7067
2020-03-30,"강서구",93.987159
2020-04-06,"강서구",92.021447
2020-04-13,"강서구",94.387089
2020-04-20,"강서구",97.056049
2020-04-27,"강서구",98.867624
2020-05-04,"강서구",104.109401
2020-05-11,"강서구",105.739991
2020-05-18,"강서구",106.562249
2020-05-25,"강서구",112.142877
2020-06-01,"강서구",115.543462
2020-06-08,"강서구",122.190622
2020-06-15,"강서구",120.919697
2020-06-22,"강서구",120.655096
2020-06-29,"강서구",118.954697
2020-07-06,"강서구",117.69635
2020-07-13,"강서구",122.098599
2020-07-20,"강서구",121.241424
2020-07-27,"강서구",118.927807
2020-08-03,"강서구",117.434104
2020-08-10,"강서구",112.009823
2020-08-17,"강서구",117.308694
2020-08-24,"강서구",111.648635
2018-01-01,"관악구",15.0559017770355
2018-01-08,"관악구",14.0794511812302
2018-01-15,"관악구",14.5145052587025
2018-01-22,"관악구",13.1967354932682
2018-01-29,"관악구",13.7839326071193
2018-02-05,"관악구",14.1586250860322
2018-02-12,"관악구",16.5755347208529
2018-02-19,"관악구",14.9672379515809
2018-02-26,"관악구",15.1490000934131
2018-03-05,"관악구",14.6941971052684
2018-03-12,"관악구",14.5620384869918
2018-03-19,"관악구",14.2202512209987
2018-03-26,"관악구",14.7837987506427
2018-04-02,"관악구",13.9498150062101
2018-04-09,"관악구",14.2515181242724
2018-04-16,"관악구",14.1898227073882
2018-04-23,"관악구",14.2564552470232
2018-04-30,"관악구",14.1908101404534
2018-05-07,"관악구",15.2037975164729
2018-05-14,"관악구",15.0660484538351
2018-05-21,"관악구",15.9067659736936
2018-05-28,"관악구",16.0920583427646
2018-06-04,"관악구",16.7380329436827
2018-06-11,"관악구",16.8107273257146
2018-06-18,"관악구",17.362708016907
2018-06-25,"관악구",16.1372229728253
2018-07-02,"관악구",16.18555
2018-07-09,"관악구",17.1428
2018-07-16,"관악구",17.95845
2018-07-23,"관악구",17.74755
2018-07-30,"관악구",17.5389
2018-08-06,"관악구",16.9162
2018-08-13,"관악구",16.55655
2018-08-20,"관악구",15.5173
2018-08-27,"관악구",15.41195
2018-09-03,"관악구",16.1953
2018-09-10,"관악구",16.8453
2018-09-17,"관악구",22.30095
2018-09-24,"관악구",20.4841
2018-10-01,"관악구",18.5251
2018-10-08,"관악구",17.6621
2018-10-15,"관악구",17.3838
2018-10-22,"관악구",17.5037
2018-10-29,"관악구",18.2472
2018-11-05,"관악구",20.2192
2018-11-12,"관악구",21.30115
2018-11-19,"관악구",22.893
2018-11-26,"관악구",22.924599
2018-12-03,"관악구",23.66175
2018-12-10,"관악구",22.5579
2018-12-17,"관악구",24.3259
2018-12-24,"관악구",25.137299
2018-12-31,"관악구",31.091049
2019-01-07,"관악구",31.71945
2019-01-14,"관악구",31.04585
2019-01-21,"관악구",32.63
2019-01-28,"관악구",37.248848
2019-02-04,"관악구",37.76355
2019-02-11,"관악구",32.554498
2019-02-18,"관악구",31.7937
2019-02-25,"관악구",33.328399
2019-03-04,"관악구",32.020248
2019-03-11,"관악구",30.57685
2019-03-18,"관악구",31.22425
2019-03-25,"관악구",31.4041
2019-04-01,"관악구",31.375799
2019-04-08,"관악구",30.96825
2019-04-15,"관악구",31.607
2019-04-22,"관악구",32.60155
2019-04-29,"관악구",33.221499
2019-05-06,"관악구",34.9697
2019-05-13,"관악구",34.677148
2019-05-20,"관악구",36.83745
2019-05-27,"관악구",35.9599
2019-06-03,"관악구",38.36645
2019-06-10,"관악구",37.9755
2019-06-17,"관악구",38.43695
2019-06-24,"관악구",39.881199
2019-07-01,"관악구",40.83815
2019-07-08,"관악구",40.037299
2019-07-15,"관악구",40.7508
2019-07-22,"관악구",41.456699
2019-07-29,"관악구",40.94105
2019-08-05,"관악구",40.201101
2019-08-12,"관악구",40.0447
2019-08-19,"관악구",36.680999
2019-08-26,"관악구",33.82515
2019-09-02,"관악구",38.2179
2019-09-09,"관악구",47.397898
2019-09-16,"관악구",37.52525
2019-09-23,"관악구",37.63065
2019-09-30,"관악구",45.557199
2019-10-07,"관악구",46.40615
2019-10-14,"관악구",44.857099
2019-10-21,"관악구",45.717199
2019-10-28,"관악구",48.167649
2019-11-04,"관악구",50.890948
2019-11-11,"관악구",54.906798
2019-11-18,"관악구",61.3309
2019-11-25,"관악구",59.823848
2019-12-02,"관악구",55.507448
2019-12-09,"관악구",53.555099
2019-12-16,"관악구",51.679399
2019-12-23,"관악구",51.78599
2019-12-30,"관악구",53.9524
2020-01-06,"관악구",50.744099
2020-01-13,"관악구",51.468499
2020-01-20,"관악구",63.986748
2020-01-27,"관악구",60.4419
2020-02-03,"관악구",53.556198
2020-02-10,"관악구",55.5954
2020-02-17,"관악구",59.223199
2020-02-24,"관악구",63.988149
2020-03-02,"관악구",61.256499
2020-03-09,"관악구",59.052399
2020-03-16,"관악구",60.7162
2020-03-23,"관악구",61.001798
2020-03-30,"관악구",59.997348
2020-04-06,"관악구",57.611849
2020-04-13,"관악구",58.0374
2020-04-20,"관악구",58.927249
2020-04-27,"관악구",61.388699
2020-05-04,"관악구",63.560349
2020-05-11,"관악구",63.8569
2020-05-18,"관악구",65.2671
2020-05-25,"관악구",67.29135
2020-06-01,"관악구",70.304999
2020-06-08,"관악구",74.59595
2020-06-15,"관악구",73.4765
2020-06-22,"관악구",74.14545
2020-06-29,"관악구",74.0102
2020-07-06,"관악구",76.2427
2020-07-13,"관악구",79.32016
2020-07-20,"관악구",79.812361
2020-07-27,"관악구",78.240868
2020-08-03,"관악구",78.091133
2020-08-10,"관악구",74.864624
2020-08-17,"관악구",78.203939
2020-08-24,"관악구",73.05315
2018-01-01,"광진구",38.1679
2018-01-08,"광진구",34.96895
2018-01-15,"광진구",36.2622
2018-01-22,"광진구",33.2028
2018-01-29,"광진구",34.4836
2018-02-05,"광진구",36.45805
2018-02-12,"광진구",43.54105
2018-02-19,"광진구",37.84055
2018-02-26,"광진구",39.20475
2018-03-05,"광진구",37.5852
2018-03-12,"광진구",36.8931
2018-03-19,"광진구",35.80175
2018-03-26,"광진구",38.1464
2018-04-02,"광진구",35.53755
2018-04-09,"광진구",37.6381
2018-04-16,"광진구",36.53375
2018-04-23,"광진구",37.26605
2018-04-30,"광진구",36.64985
2018-05-07,"광진구",38.63505
2018-05-14,"광진구",38.70365
2018-05-21,"광진구",41.6101
2018-05-28,"광진구",42.48225
2018-06-04,"광진구",44.4394
2018-06-11,"광진구",45.46815
2018-06-18,"광진구",46.612
2018-06-25,"광진구",44.3826
2018-07-02,"광진구",47.37495
2018-07-09,"광진구",47.4763
2018-07-16,"광진구",49.91595
2018-07-23,"광진구",48.70865
2018-07-30,"광진구",45.9807
2018-08-06,"광진구",43.2217
2018-08-13,"광진구",42.68035
2018-08-20,"광진구",40.39785
2018-08-27,"광진구",38.70515
2018-09-03,"광진구",40.2657
2018-09-10,"광진구",41.49215
2018-09-17,"광진구",50.04175
2018-09-24,"광진구",44.8629
2018-10-01,"광진구",44.22935
2018-10-08,"광진구",42.0861
2018-10-15,"광진구",40.5593
2018-10-22,"광진구",41.8071
2018-10-29,"광진구",43.4241
2018-11-05,"광진구",45.9029
2018-11-12,"광진구",49.3441
2018-11-19,"광진구",50.77975
2018-11-26,"광진구",49.4933
2018-12-03,"광진구",44.41655
2018-12-10,"광진구",42.6995
2018-12-17,"광진구",42.03275
2018-12-24,"광진구",41.6329
2018-12-31,"광진구",45.02255
2019-01-07,"광진구",42.3933
2019-01-14,"광진구",41.953
2019-01-21,"광진구",41.6528
2019-01-28,"광진구",48.0365
2019-02-04,"광진구",47.57945
2019-02-11,"광진구",43.404
2019-02-18,"광진구",43.676
2019-02-25,"광진구",44.89225
2019-03-04,"광진구",42.70935
2019-03-11,"광진구",39.71915
2019-03-18,"광진구",37.9982
2019-03-25,"광진구",40.7177
2019-04-01,"광진구",43.956
2019-04-08,"광진구",44.47905
2019-04-15,"광진구",46.93285
2019-04-22,"광진구",45.95285
2019-04-29,"광진구",48.00185
2019-05-06,"광진구",50.1375
2019-05-13,"광진구",50.90965
2019-05-20,"광진구",53.87915
2019-05-27,"광진구",52.9459
2019-06-03,"광진구",56.43535
2019-06-10,"광진구",55.469349
2019-06-17,"광진구",57.548
2019-06-24,"광진구",61.18605
2019-07-01,"광진구",62.1417
2019-07-08,"광진구",62.0083
2019-07-15,"광진구",62.4959
2019-07-22,"광진구",63.4435
2019-07-29,"광진구",62.40355
2019-08-05,"광진구",63.05475
2019-08-12,"광진구",61.6815
2019-08-19,"광진구",56.7484
2019-08-26,"광진구",49.09775
2019-09-02,"광진구",58.8556
2019-09-09,"광진구",67.57325
2019-09-16,"광진구",55.904549
2019-09-23,"광진구",55.54
2019-09-30,"광진구",56.30295
2019-10-07,"광진구",53.47045
2019-10-14,"광진구",51.3007
2019-10-21,"광진구",51.75905
2019-10-28,"광진구",54.7683
2019-11-04,"광진구",55.16175
2019-11-11,"광진구",61.213549
2019-11-18,"광진구",64.885549
2019-11-25,"광진구",62.09165
2019-12-02,"광진구",57.129799
2019-12-09,"광진구",56.30665
2019-12-16,"광진구",54.0838
2019-12-23,"광진구",54.14015
2019-12-30,"광진구",57.37685
2020-01-06,"광진구",53.821649
2020-01-13,"광진구",53.817
2020-01-20,"광진구",63.66785
2020-01-27,"광진구",61.3014
2020-02-03,"광진구",56.000149
2020-02-10,"광진구",54.9965
2020-02-17,"광진구",56.258749
2020-02-24,"광진구",59.13205
2020-03-02,"광진구",60.800849
2020-03-09,"광진구",59.253249
2020-03-16,"광진구",61.94269
2020-03-23,"광진구",61.1876
2020-03-30,"광진구",59.8115
2020-04-06,"광진구",57.993548
2020-04-13,"광진구",59.332249
2020-04-20,"광진구",63.50935
2020-04-27,"광진구",63.5581
2020-05-04,"광진구",65.356008
2020-05-11,"광진구",66.382748
2020-05-18,"광진구",65.78215
2020-05-25,"광진구",68.948148
2020-06-01,"광진구",75.943199
2020-06-08,"광진구",80.828749
2020-06-15,"광진구",79.562099
2020-06-22,"광진구",79.91532
2020-06-29,"광진구",78.268549
2020-07-06,"광진구",78.482349
2020-07-13,"광진구",79.93945
2020-07-20,"광진구",80.889549
2020-07-27,"광진구",78.09278
2020-08-03,"광진구",77.610135
2020-08-10,"광진구",74.98589
2020-08-17,"광진구",78.28615
2020-08-24,"광진구",73.7521
2018-01-01,"구로구",20.7883
2018-01-08,"구로구",20.12715
2018-01-15,"구로구",21.3922
2018-01-22,"구로구",19.35095
2018-01-29,"구로구",19.86165
2018-02-05,"구로구",20.36465
2018-02-12,"구로구",26.87685
2018-02-19,"구로구",21.60625
2018-02-26,"구로구",22.55295
2018-03-05,"구로구",22.01725
2018-03-12,"구로구",21.11255
2018-03-19,"구로구",20.4127
2018-03-26,"구로구",21.46925
2018-04-02,"구로구",20.5263
2018-04-09,"구로구",21.0086
2018-04-16,"구로구",21.0778
2018-04-23,"구로구",21.23965
2018-04-30,"구로구",21.6472
2018-05-07,"구로구",22.63435
2018-05-14,"구로구",22.62355
2018-05-21,"구로구",24.3586
2018-05-28,"구로구",24.87295
2018-06-04,"구로구",26.44
2018-06-11,"구로구",26.154
2018-06-18,"구로구",27.17975
2018-06-25,"구로구",26.1831
2018-07-02,"구로구",27.2381
2018-07-09,"구로구",27.8024
2018-07-16,"구로구",29.1759
2018-07-23,"구로구",28.493699
2018-07-30,"구로구",26.81435
2018-08-06,"구로구",25.1432
2018-08-13,"구로구",25.08845
2018-08-20,"구로구",23.4884
2018-08-27,"구로구",21.98585
2018-09-03,"구로구",22.13755
2018-09-10,"구로구",22.38965
2018-09-17,"구로구",28.3302
2018-09-24,"구로구",26.13325
2018-10-01,"구로구",23.9911
2018-10-08,"구로구",22.8075
2018-10-15,"구로구",22.1661
2018-10-22,"구로구",22.90765
2018-10-29,"구로구",23.6413
2018-11-05,"구로구",25.79905
2018-11-12,"구로구",28.3305
2018-11-19,"구로구",30.82365
2018-11-26,"구로구",29.134899
2018-12-03,"구로구",26.63815
2018-12-10,"구로구",25.5044
2018-12-17,"구로구",25.50335
2018-12-24,"구로구",25.47885
2018-12-31,"구로구",29.01225
2019-01-07,"구로구",28.3978
2019-01-14,"구로구",28.1683
2019-01-21,"구로구",28.3088
2019-01-28,"구로구",32.6673
2019-02-04,"구로구",35.4781
2019-02-11,"구로구",30.0945
2019-02-18,"구로구",30.591
2019-02-25,"구로구",31.19735
2019-03-04,"구로구",29.6925
2019-03-11,"구로구",28.4025
2019-03-18,"구로구",26.45985
2019-03-25,"구로구",28.67335
2019-04-01,"구로구",28.7211
2019-04-08,"구로구",28.4922
2019-04-15,"구로구",29.6193
2019-04-22,"구로구",29.22625
2019-04-29,"구로구",31.1894
2019-05-06,"구로구",31.8657
2019-05-13,"구로구",32.17455
2019-05-20,"구로구",34.03615
2019-05-27,"구로구",33.78825
2019-06-03,"구로구",35.7146
2019-06-10,"구로구",34.9651
2019-06-17,"구로구",36.0612
2019-06-24,"구로구",37.3441
2019-07-01,"구로구",38.62125
2019-07-08,"구로구",38.1066
2019-07-15,"구로구",39.051249
2019-07-22,"구로구",38.7388
2019-07-29,"구로구",38.37645
2019-08-05,"구로구",38.2795
2019-08-12,"구로구",37.8401
2019-08-19,"구로구",34.1672
2019-08-26,"구로구",30.2609
2019-09-02,"구로구",35.80465
2019-09-09,"구로구",44.9912
2019-09-16,"구로구",34.34745
2019-09-23,"구로구",34.674899
2019-09-30,"구로구",35.73994
2019-10-07,"구로구",33.92075
2019-10-14,"구로구",33.4919
2019-10-21,"구로구",33.27795
2019-10-28,"구로구",35.90845
2019-11-04,"구로구",36.73915
2019-11-11,"구로구",41.84795
2019-11-18,"구로구",44.886199
2019-11-25,"구로구",43.074014
2019-12-02,"구로구",39.6453
2019-12-09,"구로구",38.58715
2019-12-16,"구로구",37.18595
2019-12-23,"구로구",38.9263
2019-12-30,"구로구",41.21075
2020-01-06,"구로구",40.0392
2020-01-13,"구로구",40.85459
2020-01-20,"구로구",51.16415
2020-01-27,"구로구",48.22255
2020-02-03,"구로구",43.03655
2020-02-10,"구로구",42.573548
2020-02-17,"구로구",43.563049
2020-02-24,"구로구",45.91545
2020-03-02,"구로구",44.817475
2020-03-09,"구로구",43.6141
2020-03-16,"구로구",45.81185
2020-03-23,"구로구",44.95635
2020-03-30,"구로구",43.82285
2020-04-06,"구로구",42.94985
2020-04-13,"구로구",44.246649
2020-04-20,"구로구",44.43981
2020-04-27,"구로구",46.3026
2020-05-04,"구로구",48.66779
2020-05-11,"구로구",49.6276
2020-05-18,"구로구",49.789249
2020-05-25,"구로구",51.653389
2020-06-01,"구로구",53.17785
2020-06-08,"구로구",56.9055
2020-06-15,"구로구",55.0073
2020-06-22,"구로구",56.124799
2020-06-29,"구로구",53.79735
2020-07-06,"구로구",54.2574
2020-07-13,"구로구",55.173449
2020-07-20,"구로구",55.633549
2020-07-27,"구로구",55.362499
2020-08-03,"구로구",55.57405
2020-08-10,"구로구",52.3469
2020-08-17,"구로구",55.32465
2020-08-24,"구로구",51.07836
2018-01-01,"금천구",73.943
2018-01-08,"금천구",67.57905
2018-01-15,"금천구",69.858
2018-01-22,"금천구",62.42105
2018-01-29,"금천구",64.5072
2018-02-05,"금천구",68.01
2018-02-12,"금천구",87.68695
2018-02-19,"금천구",73.02075
2018-02-26,"금천구",73.27475
2018-03-05,"금천구",71.39135
2018-03-12,"금천구",70.2489
2018-03-19,"금천구",67.17645
2018-03-26,"금천구",70.0889
2018-04-02,"금천구",64.96585
2018-04-09,"금천구",67.16815
2018-04-16,"금천구",65.1446
2018-04-23,"금천구",66.3292
2018-04-30,"금천구",67.05665
2018-05-07,"금천구",71.40145
2018-05-14,"금천구",70.8104
2018-05-21,"금천구",75.60795
2018-05-28,"금천구",74.9881
2018-06-04,"금천구",79.4441
2018-06-11,"금천구",79.9522
2018-06-18,"금천구",82.7448
2018-06-25,"금천구",79.51475
2018-07-02,"금천구",84.93845
2018-07-09,"금천구",84.81535
2018-07-16,"금천구",88.79825
2018-07-23,"금천구",87.1405
2018-07-30,"금천구",82.03305
2018-08-06,"금천구",78.6306
2018-08-13,"금천구",78.15695
2018-08-20,"금천구",73.5904
2018-08-27,"금천구",66.93405
2018-09-03,"금천구",66.5667
2018-09-10,"금천구",70.29365
2018-09-17,"금천구",87.09585
2018-09-24,"금천구",84.5351
2018-10-01,"금천구",73.866
2018-10-08,"금천구",69.8493
2018-10-15,"금천구",64.65685
2018-10-22,"금천구",69.4844
2018-10-29,"금천구",72.0868
2018-11-05,"금천구",77.6008
2018-11-12,"금천구",85.08905
2018-11-19,"금천구",88.72995
2018-11-26,"금천구",87.5723
2018-12-03,"금천구",73.86265
2018-12-10,"금천구",70.3111
2018-12-17,"금천구",70.2204
2018-12-24,"금천구",68.8455
2018-12-31,"금천구",72.49655
2019-01-07,"금천구",66.5883
2019-01-14,"금천구",65.91665
2019-01-21,"금천구",66.5848
2019-01-28,"금천구",77.8362
2019-02-04,"금천구",81.5318
2019-02-11,"금천구",68.25245
2019-02-18,"금천구",68.6381
2019-02-25,"금천구",69.91215
2019-03-04,"금천구",68.0207
2019-03-11,"금천구",64.05605
2019-03-18,"금천구",58.61965
2019-03-25,"금천구",63.88815
2019-04-01,"금천구",63.33415
2019-04-08,"금천구",63.3266
2019-04-15,"금천구",65.5042
2019-04-22,"금천구",65.43205
2019-04-29,"금천구",68.0602
2019-05-06,"금천구",72.07535
2019-05-13,"금천구",70.6304
2019-05-20,"금천구",76.46275
2019-05-27,"금천구",74.3064
2019-06-03,"금천구",79.6508
2019-06-10,"금천구",78.0159
2019-06-17,"금천구",79.24305
2019-06-24,"금천구",80.25845
2019-07-01,"금천구",83.4517
2019-07-08,"금천구",83.39715
2019-07-15,"금천구",83.96185
2019-07-22,"금천구",83.6173
2019-07-29,"금천구",81.28955
2019-08-05,"금천구",85.06235
2019-08-12,"금천구",82.7913
2019-08-19,"금천구",74.1449
2019-08-26,"금천구",64.33445
2019-09-02,"금천구",77.9003
2019-09-09,"금천구",95.5212
2019-09-16,"금천구",75.24115
2019-09-23,"금천구",73.38687
2019-09-30,"금천구",73.5192
2019-10-07,"금천구",69.03975
2019-10-14,"금천구",67.3241
2019-10-21,"금천구",67.3212
2019-10-28,"금천구",70.1478
2019-11-04,"금천구",71.4351
2019-11-11,"금천구",79.8973
2019-11-18,"금천구",86.2502
2019-11-25,"금천구",81.6982
2019-12-02,"금천구",73.28505
2019-12-09,"금천구",69.5594
2019-12-16,"금천구",66.215
2019-12-23,"금천구",67.96855
2019-12-30,"금천구",70.4479
2020-01-06,"금천구",66.6972
2020-01-13,"금천구",66.8807
2020-01-20,"금천구",82.9907
2020-01-27,"금천구",80.7619
2020-02-03,"금천구",71.53495
2020-02-10,"금천구",70.18215
2020-02-17,"금천구",70.53395
2020-02-24,"금천구",71.29525
2020-03-02,"금천구",71.1486
2020-03-09,"금천구",63.88175
2020-03-16,"금천구",70.5675
2020-03-23,"금천구",71.44605
2020-03-30,"금천구",68.69005
2020-04-06,"금천구",64.19725
2020-04-13,"금천구",68.1512
2020-04-20,"금천구",68.239
2020-04-27,"금천구",70.05025
2020-05-04,"금천구",74.4367
2020-05-11,"금천구",74.70995
2020-05-18,"금천구",74.14615
2020-05-25,"금천구",77.9957
2020-06-01,"금천구",79.28835
2020-06-08,"금천구",84.62815
2020-06-15,"금천구",83.37065
2020-06-22,"금천구",83.9393
2020-06-29,"금천구",80.2871
2020-07-06,"금천구",80.5144
2020-07-13,"금천구",82.4941
2020-07-20,"금천구",83.67705
2020-07-27,"금천구",82.1108
2020-08-03,"금천구",80.2941
2020-08-10,"금천구",77.5344
2020-08-17,"금천구",80.31235
2020-08-24,"금천구",74.9205
2018-01-01,"노원구",270.67055
2018-01-08,"노원구",251.0766
2018-01-15,"노원구",260.3233
2018-01-22,"노원구",235.32055
2018-01-29,"노원구",243.07175
2018-02-05,"노원구",249.372525
2018-02-12,"노원구",315.81935
2018-02-19,"노원구",259.3923
2018-02-26,"노원구",270.32535
2018-03-05,"노원구",261.0847
2018-03-12,"노원구",255.1044
2018-03-19,"노원구",247.28165
2018-03-26,"노원구",259.943849
2018-04-02,"노원구",240.7975
2018-04-09,"노원구",249.11735
2018-04-16,"노원구",248.35655
2018-04-23,"노원구",254.68095
2018-04-30,"노원구",256.3872
2018-05-07,"노원구",271.5927
2018-05-14,"노원구",272.20185
2018-05-21,"노원구",286.6925
2018-05-28,"노원구",292.5277
2018-06-04,"노원구",312.5917
2018-06-11,"노원구",312.2246
2018-06-18,"노원구",328.31075
2018-06-25,"노원구",314.6685
2018-07-02,"노원구",328.96535
2018-07-09,"노원구",327.87275
2018-07-16,"노원구",351.87625
2018-07-23,"노원구",340.4513
2018-07-30,"노원구",319.0679
2018-08-06,"노원구",305.26565
2018-08-13,"노원구",298.9914
2018-08-20,"노원구",280.53715
2018-08-27,"노원구",269.123799
2018-09-03,"노원구",271.4351
2018-09-10,"노원구",279.7267
2018-09-17,"노원구",340.4827
2018-09-24,"노원구",318.5665
2018-10-01,"노원구",294.8066
2018-10-08,"노원구",285.4477
2018-10-15,"노원구",269.2158
2018-10-22,"노원구",272.9908
2018-10-29,"노원구",288.42645
2018-11-05,"노원구",310.3529
2018-11-12,"노원구",340.61475
2018-11-19,"노원구",344.98765
2018-11-26,"노원구",336.57755
2018-12-03,"노원구",304.1803
2018-12-10,"노원구",294.36325
2018-12-17,"노원구",292.64105
2018-12-24,"노원구",289.183685
2018-12-31,"노원구",306.835
2019-01-07,"노원구",285.53395
2019-01-14,"노원구",283.13745
2019-01-21,"노원구",285.71605
2019-01-28,"노원구",329.343349
2019-02-04,"노원구",346.26815
2019-02-11,"노원구",301.25845
2019-02-18,"노원구",303.016
2019-02-25,"노원구",311.96685
2019-03-04,"노원구",295.39431
2019-03-11,"노원구",281.6476
2019-03-18,"노원구",270.9899
2019-03-25,"노원구",287.461399
2019-04-01,"노원구",287.5112
2019-04-08,"노원구",282.6428
2019-04-15,"노원구",296.51805
2019-04-22,"노원구",292.9988
2019-04-29,"노원구",306.29005
2019-05-06,"노원구",318.5368
2019-05-13,"노원구",318.4675
2019-05-20,"노원구",340.0762
2019-05-27,"노원구",335.50305
2019-06-03,"노원구",365.1105
2019-06-10,"노원구",360.1034
2019-06-17,"노원구",365.6087
2019-06-24,"노원구",382.611799
2019-07-01,"노원구",392.075549
2019-07-08,"노원구",387.614249
2019-07-15,"노원구",387.6713
2019-07-22,"노원구",391.79165
2019-07-29,"노원구",385.4656
2019-08-05,"노원구",396.836
2019-08-12,"노원구",383.56905
2019-08-19,"노원구",347.1368
2019-08-26,"노원구",304.78625
2019-09-02,"노원구",355.18015
2019-09-09,"노원구",422.86695
2019-09-16,"노원구",340.48145
2019-09-23,"노원구",345.702
2019-09-30,"노원구",348.11735
2019-10-07,"노원구",330.54663
2019-10-14,"노원구",321.7941
2019-10-21,"노원구",319.94805
2019-10-28,"노원구",336.4478
2019-11-04,"노원구",340.913749
2019-11-11,"노원구",371.531699
2019-11-18,"노원구",396.628749
2019-11-25,"노원구",373.2377
2019-12-02,"노원구",341.1184
2019-12-09,"노원구",332.13715
2019-12-16,"노원구",317.7142
2019-12-23,"노원구",324.60575
2019-12-30,"노원구",336.788099
2020-01-06,"노원구",320.3701
2020-01-13,"노원구",322.807949
2020-01-20,"노원구",393.008899
2020-01-27,"노원구",373.680738
2020-02-03,"노원구",336.332199
2020-02-10,"노원구",334.765949
2020-02-17,"노원구",339.772
2020-02-24,"노원구",358.617699
2020-03-02,"노원구",346.870148
2020-03-09,"노원구",328.594
2020-03-16,"노원구",343.05875
2020-03-23,"노원구",343.5051
2020-03-30,"노원구",335.6948
2020-04-06,"노원구",333.5974
2020-04-13,"노원구",333.944699
2020-04-20,"노원구",333.54239
2020-04-27,"노원구",346.666798
2020-05-04,"노원구",359.44341
2020-05-11,"노원구",363.111499
2020-05-18,"노원구",365.59675
2020-05-25,"노원구",379.24295
2020-06-01,"노원구",392.37445
2020-06-08,"노원구",414.808098
2020-06-15,"노원구",406.9791
2020-06-22,"노원구",413.937348
2020-06-29,"노원구",395.670297
2020-07-06,"노원구",396.402
2020-07-13,"노원구",405.4944
2020-07-20,"노원구",410.818799
2020-07-27,"노원구",386.109799
2020-08-03,"노원구",392.53155
2020-08-10,"노원구",373.5086
2020-08-17,"노원구",389.60475
2020-08-24,"노원구",363.443
2018-01-01,"도봉구",389.2269
2018-01-08,"도봉구",369.4175
2018-01-15,"도봉구",384.51875
2018-01-22,"도봉구",337.224
2018-01-29,"도봉구",378.2987
2018-02-05,"도봉구",378.8281
2018-02-12,"도봉구",350.64745
2018-02-19,"도봉구",427.5195
2018-02-26,"도봉구",392.4495
2018-03-05,"도봉구",382.4733
2018-03-12,"도봉구",385.091
2018-03-19,"도봉구",379.98605
2018-03-26,"도봉구",389.27015
2018-04-02,"도봉구",380.5667
2018-04-09,"도봉구",371.28325
2018-04-16,"도봉구",376.79365
2018-04-23,"도봉구",375.9051
2018-04-30,"도봉구",358.1696
2018-05-07,"도봉구",411.75345
2018-05-14,"도봉구",387.25975
2018-05-21,"도봉구",400.9707
2018-05-28,"도봉구",403.7305
2018-06-04,"도봉구",389.82655
2018-06-11,"도봉구",383.4839
2018-06-18,"도봉구",411.18725
2018-06-25,"도봉구",428.59415
2018-07-02,"도봉구",442.7743
2018-07-09,"도봉구",435.135
2018-07-16,"도봉구",457.21855
2018-07-23,"도봉구",446.46835
2018-07-30,"도봉구",385.40235
2018-08-06,"도봉구",402.1837
2018-08-13,"도봉구",376.54585
2018-08-20,"도봉구",380.1711
2018-08-27,"도봉구",366.13955
2018-09-03,"도봉구",373.14205
2018-09-10,"도봉구",371.53235
2018-09-17,"도봉구",431.2754
2018-09-24,"도봉구",402.715
2018-10-01,"도봉구",360.0253
2018-10-08,"도봉구",341.28755
2018-10-15,"도봉구",369.6203
2018-10-22,"도봉구",372.08111
2018-10-29,"도봉구",381.14905
2018-11-05,"도봉구",399.49055
2018-11-12,"도봉구",426.00275
2018-11-19,"도봉구",433.10535
2018-11-26,"도봉구",429.49175
2018-12-03,"도봉구",393.4102
2018-12-10,"도봉구",361.24035
2018-12-17,"도봉구",375.9975
2018-12-24,"도봉구",356.73695
2018-12-31,"도봉구",360.834
2019-01-07,"도봉구",327.6595
2019-01-14,"도봉구",331.05475
2019-01-21,"도봉구",336.1107
2019-01-28,"도봉구",377.92685
2019-02-04,"도봉구",360.7588
2019-02-11,"도봉구",341.94585
2019-02-18,"도봉구",337.0768
2019-02-25,"도봉구",348.4143
2019-03-04,"도봉구",340.261899
2019-03-11,"도봉구",332.13205
2019-03-18,"도봉구",422.46245
2019-03-25,"도봉구",336.3021
2019-04-01,"도봉구",331.7173
2019-04-08,"도봉구",336.9967
2019-04-15,"도봉구",341.2156
2019-04-22,"도봉구",346.05065
2019-04-29,"도봉구",342.04725
2019-05-06,"도봉구",337.58
2019-05-13,"도봉구",356.54815
2019-05-20,"도봉구",374.6442
2019-05-27,"도봉구",377.6251
2019-06-03,"도봉구",374.70705
2019-06-10,"도봉구",385.2114
2019-06-17,"도봉구",369.28705
2019-06-24,"도봉구",401.06335
2019-07-01,"도봉구",401.748949
2019-07-08,"도봉구",402.892095
2019-07-15,"도봉구",409.5626
2019-07-22,"도봉구",409.24945
2019-07-29,"도봉구",374.74855
2019-08-05,"도봉구",416.96435
2019-08-12,"도봉구",367.33005
2019-08-19,"도봉구",367.64425
2019-08-26,"도봉구",350.5411
2019-09-02,"도봉구",385.62875
2019-09-09,"도봉구",395.029199
2019-09-16,"도봉구",415.02915
2019-09-23,"도봉구",373.51495
2019-09-30,"도봉구",364.1653
2019-10-07,"도봉구",357.686
2019-10-14,"도봉구",353.1982
2019-10-21,"도봉구",358.65645
2019-10-28,"도봉구",368.79375
2019-11-04,"도봉구",374.388249
2019-11-11,"도봉구",390.9157
2019-11-18,"도봉구",398.7289
2019-11-25,"도봉구",394.26275
2019-12-02,"도봉구",376.775199
2019-12-09,"도봉구",364.54875
2019-12-16,"도봉구",341.114999
2019-12-23,"도봉구",357.80645
2019-12-30,"도봉구",353.7324
2020-01-06,"도봉구",335.825399
2020-01-13,"도봉구",327.35465
2020-01-20,"도봉구",337.57075
2020-01-27,"도봉구",392.57566
2020-02-03,"도봉구",340.89625
2020-02-10,"도봉구",340.95427
2020-02-17,"도봉구",334.62805
2020-02-24,"도봉구",333.22694
2020-03-02,"도봉구",327.535199
2020-03-09,"도봉구",314.2421
2020-03-16,"도봉구",320.10855
2020-03-23,"도봉구",325.07365
2020-03-30,"도봉구",325.35345
2020-04-06,"도봉구",306.81051
2020-04-13,"도봉구",311.65376
2020-04-20,"도봉구",319.1843
2020-04-27,"도봉구",341.81075
2020-05-04,"도봉구",356.261139
2020-05-11,"도봉구",356.77921
2020-05-18,"도봉구",364.38476
2020-05-25,"도봉구",373.30715
2020-06-01,"도봉구",348.52475
2020-06-08,"도봉구",386.38345
2020-06-15,"도봉구",360.24209
2020-06-22,"도봉구",360.16105
2020-06-29,"도봉구",385.068849
2020-07-06,"도봉구",372.606854
2020-07-13,"도봉구",389.367529
2020-07-20,"도봉구",393.152484
2020-07-27,"도봉구",385.190985
2020-08-03,"도봉구",377.79983
2020-08-10,"도봉구",366.6819
2020-08-17,"도봉구",361.9302
2020-08-24,"도봉구",336.18935
2018-01-01,"동대문구",30.2308
2018-01-08,"동대문구",27.923
2018-01-15,"동대문구",28.81885
2018-01-22,"동대문구",26.15565
2018-01-29,"동대문구",27.08615
2018-02-05,"동대문구",29.9954
2018-02-12,"동대문구",39.20715
2018-02-19,"동대문구",31.4742
2018-02-26,"동대문구",32.03785
2018-03-05,"동대문구",31.24215
2018-03-12,"동대문구",30.80195
2018-03-19,"동대문구",29.8837
2018-03-26,"동대문구",30.82655
2018-04-02,"동대문구",29.0705
2018-04-09,"동대문구",29.61935
2018-04-16,"동대문구",25.77185
2018-04-23,"동대문구",25.42065
2018-04-30,"동대문구",28.21435
2018-05-07,"동대문구",31.03755
2018-05-14,"동대문구",31.4091
2018-05-21,"동대문구",33.3949
2018-05-28,"동대문구",34.16305
2018-06-04,"동대문구",35.1183
2018-06-11,"동대문구",35.3984
2018-06-18,"동대문구",34.1736
2018-06-25,"동대문구",34.263449
2018-07-02,"동대문구",36.8835
2018-07-09,"동대문구",36.8754
2018-07-16,"동대문구",39.4488
2018-07-23,"동대문구",38.76995
2018-07-30,"동대문구",43.3119
2018-08-06,"동대문구",44.92125
2018-08-13,"동대문구",48.80925
2018-08-20,"동대문구",49.2317
2018-08-27,"동대문구",55.6664
2018-09-03,"동대문구",57.5586
2018-09-10,"동대문구",59.64105
2018-09-17,"동대문구",75.07375
2018-09-24,"동대문구",71.48465
2018-10-01,"동대문구",64.4684
2018-10-08,"동대문구",60.91315
2018-10-15,"동대문구",59.60735
2018-10-22,"동대문구",60.737
2018-10-29,"동대문구",62.9909
2018-11-05,"동대문구",68.25775
2018-11-12,"동대문구",73.4846
2018-11-19,"동대문구",75.220949
2018-11-26,"동대문구",66.72095
2018-12-03,"동대문구",64.13145
2018-12-10,"동대문구",61.20705
2018-12-17,"동대문구",61.77555
2018-12-24,"동대문구",60.35405
2018-12-31,"동대문구",63.95755
2019-01-07,"동대문구",60.1528
2019-01-14,"동대문구",60.2483
2019-01-21,"동대문구",60.1587
2019-01-28,"동대문구",71.17955
2019-02-04,"동대문구",72.245
2019-02-11,"동대문구",61.77635
2019-02-18,"동대문구",61.76265
2019-02-25,"동대문구",62.69635
2019-03-04,"동대문구",59.9157
2019-03-11,"동대문구",56.8537
2019-03-18,"동대문구",54.2872
2019-03-25,"동대문구",58.2043
2019-04-01,"동대문구",57.19705
2019-04-08,"동대문구",56.951449
2019-04-15,"동대문구",58.5018
2019-04-22,"동대문구",58.53395
2019-04-29,"동대문구",60.84975
2019-05-06,"동대문구",62.9944
2019-05-13,"동대문구",64.10175
2019-05-20,"동대문구",69.60431
2019-05-27,"동대문구",71.08695
2019-06-03,"동대문구",84.584358
2019-06-10,"동대문구",83.891349
2019-06-17,"동대문구",85.88105
2019-06-24,"동대문구",89.790889
2019-07-01,"동대문구",104.834009
2019-07-08,"동대문구",106.372549
2019-07-15,"동대문구",107.6837
2019-07-22,"동대문구",109.84505
2019-07-29,"동대문구",105.947249
2019-08-05,"동대문구",108.796147
2019-08-12,"동대문구",105.710746
2019-08-19,"동대문구",97.95395
2019-08-26,"동대문구",86.76087
2019-09-02,"동대문구",101.564688
2019-09-09,"동대문구",122.855967
2019-09-16,"동대문구",98.146349
2019-09-23,"동대문구",96.565589
2019-09-30,"동대문구",95.2406
2019-10-07,"동대문구",90.745199
2019-10-14,"동대문구",88.4954
2019-10-21,"동대문구",89.556099
2019-10-28,"동대문구",94.198897
2019-11-04,"동대문구",97.688497
2019-11-11,"동대문구",107.870148
2019-11-18,"동대문구",112.40605
2019-11-25,"동대문구",105.285697
2019-12-02,"동대문구",96.52333
2019-12-09,"동대문구",93.814
2019-12-16,"동대문구",89.843107
2019-12-23,"동대문구",93.199597
2019-12-30,"동대문구",96.651147
2020-01-06,"동대문구",92.12255
2020-01-13,"동대문구",92.508048
2020-01-20,"동대문구",113.775947
2020-01-27,"동대문구",109.909597
2020-02-03,"동대문구",92.482797
2020-02-10,"동대문구",96.417749
2020-02-17,"동대문구",96.116448
2020-02-24,"동대문구",101.230748
2020-03-02,"동대문구",97.31005
2020-03-09,"동대문구",92.3081
2020-03-16,"동대문구",95.51495
2020-03-23,"동대문구",95.831249
2020-03-30,"동대문구",93.488399
2020-04-06,"동대문구",91.104599
2020-04-13,"동대문구",92.36195
2020-04-20,"동대문구",93.11835
2020-04-27,"동대문구",95.755198
2020-05-04,"동대문구",99.841749
2020-05-11,"동대문구",101.777249
2020-05-18,"동대문구",102.432449
2020-05-25,"동대문구",106.0338
2020-06-01,"동대문구",108.58438
2020-06-08,"동대문구",115.278837
2020-06-15,"동대문구",114.490978
2020-06-22,"동대문구",113.762211
2020-06-29,"동대문구",110.277779
2020-07-06,"동대문구",111.126651
2020-07-13,"동대문구",113.311385
2020-07-20,"동대문구",114.958715
2020-07-27,"동대문구",110.925133
2020-08-03,"동대문구",110.393489
2020-08-10,"동대문구",105.320026
2020-08-17,"동대문구",110.495262
2020-08-24,"동대문구",101.894638
2018-01-01,"동작구",105.67525
2018-01-08,"동작구",98.992
2018-01-15,"동작구",103.1222
2018-01-22,"동작구",93.5634
2018-01-29,"동작구",96.8082
2018-02-05,"동작구",100.60815
2018-02-12,"동작구",124.8677
2018-02-19,"동작구",103.49922
2018-02-26,"동작구",107.10545
2018-03-05,"동작구",103.829
2018-03-12,"동작구",102.26925
2018-03-19,"동작구",98.14235
2018-03-26,"동작구",103.04985
2018-04-02,"동작구",97.0313
2018-04-09,"동작구",98.8338
2018-04-16,"동작구",97.44355
2018-04-23,"동작구",99.0269
2018-04-30,"동작구",99.118
2018-05-07,"동작구",103.79665
2018-05-14,"동작구",104.36525
2018-05-21,"동작구",110.10035
2018-05-28,"동작구",112.24975
2018-06-04,"동작구",116.9815
2018-06-11,"동작구",118.37965
2018-06-18,"동작구",120.18125
2018-06-25,"동작구",114.64506
2018-07-02,"동작구",120.0087
2018-07-09,"동작구",123.66455
2018-07-16,"동작구",130.37815
2018-07-23,"동작구",126.6833
2018-07-30,"동작구",118.6154
2018-08-06,"동작구",111.86751
2018-08-13,"동작구",109.70535
2018-08-20,"동작구",103.2829
2018-08-27,"동작구",98.05525
2018-09-03,"동작구",98.68855
2018-09-10,"동작구",102.68045
2018-09-17,"동작구",127.544
2018-09-24,"동작구",116.5636
2018-10-01,"동작구",110.4624
2018-10-08,"동작구",105.9513
2018-10-15,"동작구",100.89095
2018-10-22,"동작구",105.28445
2018-10-29,"동작구",108.24075
2018-11-05,"동작구",113.35345
2018-11-12,"동작구",123.671449
2018-11-19,"동작구",127.66565
2018-11-26,"동작구",128.22273
2018-12-03,"동작구",119.4634
2018-12-10,"동작구",108.3124
2018-12-17,"동작구",106.6468
2018-12-24,"동작구",105.6761
2018-12-31,"동작구",111.18015
2019-01-07,"동작구",101.68645
2019-01-14,"동작구",101.0553
2019-01-21,"동작구",102.43285
2019-01-28,"동작구",117.55865
2019-02-04,"동작구",120.11485
2019-02-11,"동작구",106.37825
2019-02-18,"동작구",107.48945
2019-02-25,"동작구",109.5781
2019-03-04,"동작구",104.9707
2019-03-11,"동작구",99.87465
2019-03-18,"동작구",91.0289
2019-03-25,"동작구",101.486771
2019-04-01,"동작구",101.69605
2019-04-08,"동작구",101.32319
2019-04-15,"동작구",105.1218
2019-04-22,"동작구",103.03415
2019-04-29,"동작구",107.4964
2019-05-06,"동작구",111.66185
2019-05-13,"동작구",113.09375
2019-05-20,"동작구",119.68005
2019-05-27,"동작구",116.3184
2019-06-03,"동작구",125.45805
2019-06-10,"동작구",123.45525
2019-06-17,"동작구",125.27445
2019-06-24,"동작구",129.8934
2019-07-01,"동작구",133.7953
2019-07-08,"동작구",132.3395
2019-07-15,"동작구",133.40145
2019-07-22,"동작구",133.66455
2019-07-29,"동작구",132.4393
2019-08-05,"동작구",133.613
2019-08-12,"동작구",130.435135
2019-08-19,"동작구",115.62456
2019-08-26,"동작구",102.9494
2019-09-02,"동작구",118.32845
2019-09-09,"동작구",142.78105
2019-09-16,"동작구",113.39535
2019-09-23,"동작구",114.30105
2019-09-30,"동작구",114.36585
2019-10-07,"동작구",108.5173
2019-10-14,"동작구",106.527849
2019-10-21,"동작구",103.88805
2019-10-28,"동작구",111.89576
2019-11-04,"동작구",112.76535
2019-11-11,"동작구",125.84215
2019-11-18,"동작구",134.4508
2019-11-25,"동작구",129.78345
2019-12-02,"동작구",119.34778
2019-12-09,"동작구",116.649549
2019-12-16,"동작구",110.5378
2019-12-23,"동작구",113.807749
2019-12-30,"동작구",118.392249
2020-01-06,"동작구",111.02025
2020-01-13,"동작구",112.1591
2020-01-20,"동작구",134.5565
2020-01-27,"동작구",129.835999
2020-02-03,"동작구",117.5328
2020-02-10,"동작구",112.92595
2020-02-17,"동작구",117.01625
2020-02-24,"동작구",121.492649
2020-03-02,"동작구",118.9985
2020-03-09,"동작구",112.30295
2020-03-16,"동작구",118.99515
2020-03-23,"동작구",117.770199
2020-03-30,"동작구",115.875699
2020-04-06,"동작구",109.17365
2020-04-13,"동작구",114.30545
2020-04-20,"동작구",114.83095
2020-04-27,"동작구",118.04175
2020-05-04,"동작구",123.851
2020-05-11,"동작구",125.5546
2020-05-18,"동작구",125.698999
2020-05-25,"동작구",131.755399
2020-06-01,"동작구",135.19785
2020-06-08,"동작구",144.2682
2020-06-15,"동작구",142.37055
2020-06-22,"동작구",141.52475
2020-06-29,"동작구",138.7369
2020-07-06,"동작구",138.04295
2020-07-13,"동작구",141.8893
2020-07-20,"동작구",141.375249
2020-07-27,"동작구",137.779099
2020-08-03,"동작구",138.42025
2020-08-10,"동작구",133.86995
2020-08-17,"동작구",142.96585
2020-08-24,"동작구",133.63175
2018-01-01,"마포구",249.37045
2018-01-08,"마포구",225.10885
2018-01-15,"마포구",220.07655
2018-01-22,"마포구",212.7827
2018-01-29,"마포구",224.5336
2018-02-05,"마포구",223.9599
2018-02-12,"마포구",252.17265
2018-02-19,"마포구",225.49774
2018-02-26,"마포구",242.5257
2018-03-05,"마포구",233.85255
2018-03-12,"마포구",237.0816
2018-03-19,"마포구",233.57787
2018-03-26,"마포구",243.91595
2018-04-02,"마포구",221.4428
2018-04-09,"마포구",228.63598
2018-04-16,"마포구",232.7137
2018-04-23,"마포구",226.27265
2018-04-30,"마포구",226.74487
2018-05-07,"마포구",234.00525
2018-05-14,"마포구",234.15972
2018-05-21,"마포구",247.73743
2018-05-28,"마포구",241.43765
2018-06-04,"마포구",256.99962
2018-06-11,"마포구",259.3582
2018-06-18,"마포구",255.09485
2018-06-25,"마포구",263.85465
2018-07-02,"마포구",271.57315
2018-07-09,"마포구",261.309
2018-07-16,"마포구",266.76965
2018-07-23,"마포구",271.51595
2018-07-30,"마포구",271.9223
2018-08-06,"마포구",242.2076
2018-08-13,"마포구",244.69255
2018-08-20,"마포구",230.4556
2018-08-27,"마포구",241.5409
2018-09-03,"마포구",220.53375
2018-09-10,"마포구",223.23375
2018-09-17,"마포구",248.25
2018-09-24,"마포구",238.4533
2018-10-01,"마포구",228.44065
2018-10-08,"마포구",220.477949
2018-10-15,"마포구",206.92075
2018-10-22,"마포구",210.8493
2018-10-29,"마포구",234.1828
2018-11-05,"마포구",224.8999
2018-11-12,"마포구",239.3999
2018-11-19,"마포구",247.17045
2018-11-26,"마포구",259.351849
2018-12-03,"마포구",219.8792
2018-12-10,"마포구",213.5982
2018-12-17,"마포구",216.44525
2018-12-24,"마포구",225.50285
2018-12-31,"마포구",219.6315
2019-01-07,"마포구",199.3632
2019-01-14,"마포구",198.6383
2019-01-21,"마포구",197.41125
2019-01-28,"마포구",220.34945
2019-02-04,"마포구",223.44665
2019-02-11,"마포구",208.1298
2019-02-18,"마포구",208.097
2019-02-25,"마포구",211.85075
2019-03-04,"마포구",201.42225
2019-03-11,"마포구",191.41075
2019-03-18,"마포구",174.50459
2019-03-25,"마포구",192.22565
2019-04-01,"마포구",194.02105
2019-04-08,"마포구",192.0387
2019-04-15,"마포구",198.6258
2019-04-22,"마포구",193.9993
2019-04-29,"마포구",207.6691
2019-05-06,"마포구",210.8091
2019-05-13,"마포구",212.58085
2019-05-20,"마포구",223.02295
2019-05-27,"마포구",218.0407
2019-06-03,"마포구",229.2251
2019-06-10,"마포구",224.3178
2019-06-17,"마포구",224.40495
2019-06-24,"마포구",232.76145
2019-07-01,"마포구",236.18015
2019-07-08,"마포구",235.3836
2019-07-15,"마포구",236.9832
2019-07-22,"마포구",242.40715
2019-07-29,"마포구",243.48948
2019-08-05,"마포구",244.80373
2019-08-12,"마포구",239.5666
2019-08-19,"마포구",219.69955
2019-08-26,"마포구",188.2685
2019-09-02,"마포구",218.186849
2019-09-09,"마포구",248.3654
2019-09-16,"마포구",218.8659
2019-09-23,"마포구",214.468749
2019-09-30,"마포구",221.33235
2019-10-07,"마포구",212.561098
2019-10-14,"마포구",204.7116
2019-10-21,"마포구",200.887599
2019-10-28,"마포구",213.594788
2019-11-04,"마포구",207.558718
2019-11-11,"마포구",224.664046
2019-11-18,"마포구",238.294549
2019-11-25,"마포구",231.07749
2019-12-02,"마포구",216.38011
2019-12-09,"마포구",213.414799
2019-12-16,"마포구",208.359247
2019-12-23,"마포구",218.75746
2019-12-30,"마포구",220.212438
2020-01-06,"마포구",206.27565
2020-01-13,"마포구",208.41615
2020-01-20,"마포구",224.0351
2020-01-27,"마포구",233.346028
2020-02-03,"마포구",207.8254
2020-02-10,"마포구",207.02102
2020-02-17,"마포구",208.144759
2020-02-24,"마포구",208.286877
2020-03-02,"마포구",201.457969
2020-03-09,"마포구",191.50123
2020-03-16,"마포구",203.781249
2020-03-23,"마포구",203.523599
2020-03-30,"마포구",199.886439
2020-04-06,"마포구",190.37168
2020-04-13,"마포구",198.669738
2020-04-20,"마포구",201.733099
2020-04-27,"마포구",206.7101
2020-05-04,"마포구",216.306499
2020-05-11,"마포구",215.56105
2020-05-18,"마포구",213.657
2020-05-25,"마포구",222.64445
2020-06-01,"마포구",226.6843
2020-06-08,"마포구",240.309539
2020-06-15,"마포구",240.64649
2020-06-22,"마포구",239.63235
2020-06-29,"마포구",234.077849
2020-07-06,"마포구",236.10955
2020-07-13,"마포구",237.867249
2020-07-20,"마포구",238.843699
2020-07-27,"마포구",233.292719
2020-08-03,"마포구",231.147689
2020-08-10,"마포구",223.86695
2020-08-17,"마포구",231.3819
2020-08-24,"마포구",216.084049
2018-01-01,"서대문구",112.0554
2018-01-08,"서대문구",102.2714
2018-01-15,"서대문구",106.15645
2018-01-22,"서대문구",96.64125
2018-01-29,"서대문구",97.97605
2018-02-05,"서대문구",102.1919
2018-02-12,"서대문구",128.09775
2018-02-19,"서대문구",105.59895
2018-02-26,"서대문구",108.5931
2018-03-05,"서대문구",104.141
2018-03-12,"서대문구",103.6507
2018-03-19,"서대문구",99.5443
2018-03-26,"서대문구",103.9879
2018-04-02,"서대문구",99.27345
2018-04-09,"서대문구",102.0957
2018-04-16,"서대문구",100.8793
2018-04-23,"서대문구",102.44015
2018-04-30,"서대문구",102.22655
2018-05-07,"서대문구",108.3662
2018-05-14,"서대문구",107.50265
2018-05-21,"서대문구",114.4049
2018-05-28,"서대문구",115.04105
2018-06-04,"서대문구",120.57485
2018-06-11,"서대문구",121.79295
2018-06-18,"서대문구",127.9772
2018-06-25,"서대문구",119.72075
2018-07-02,"서대문구",129.12535
2018-07-09,"서대문구",127.60995
2018-07-16,"서대문구",135.384
2018-07-23,"서대문구",129.3462
2018-07-30,"서대문구",122.74835
2018-08-06,"서대문구",117.24375
2018-08-13,"서대문구",112.2481
2018-08-20,"서대문구",106.8673
2018-08-27,"서대문구",101.16935
2018-09-03,"서대문구",100.7359
2018-09-10,"서대문구",106.08615
2018-09-17,"서대문구",126.11245
2018-09-24,"서대문구",119.027
2018-10-01,"서대문구",108.25135
2018-10-08,"서대문구",102.22322
2018-10-15,"서대문구",100.35595
2018-10-22,"서대문구",100.939
2018-10-29,"서대문구",107.8011
2018-11-05,"서대문구",113.7459
2018-11-12,"서대문구",120.81745
2018-11-19,"서대문구",125.32865
2018-11-26,"서대문구",123.07925
2018-12-03,"서대문구",109.12805
2018-12-10,"서대문구",104.4903
2018-12-17,"서대문구",103.76905
2018-12-24,"서대문구",104.4196
2018-12-31,"서대문구",110.39185
2019-01-07,"서대문구",102.2216
2019-01-14,"서대문구",101.94285
2019-01-21,"서대문구",101.58615
2019-01-28,"서대문구",112.3542
2019-02-04,"서대문구",120.8135
2019-02-11,"서대문구",104.01075
2019-02-18,"서대문구",103.38385
2019-02-25,"서대문구",106.0515
2019-03-04,"서대문구",101.0543
2019-03-11,"서대문구",96.4354
2019-03-18,"서대문구",94.59125
2019-03-25,"서대문구",97.5655
2019-04-01,"서대문구",98.2368
2019-04-08,"서대문구",97.14665
2019-04-15,"서대문구",101.07195
2019-04-22,"서대문구",100.549
2019-04-29,"서대문구",103.9088
2019-05-06,"서대문구",109.9927
2019-05-13,"서대문구",110.21585
2019-05-20,"서대문구",116.16475
2019-05-27,"서대문구",114.1759
2019-06-03,"서대문구",121.36005
2019-06-10,"서대문구",120.6512
2019-06-17,"서대문구",121.94445
2019-06-24,"서대문구",125.5362
2019-07-01,"서대문구",128.25975
2019-07-08,"서대문구",127.95305
2019-07-15,"서대문구",128.08205
2019-07-22,"서대문구",128.61055
2019-07-29,"서대문구",126.321
2019-08-05,"서대문구",129.3986
2019-08-12,"서대문구",126.41645
2019-08-19,"서대문구",115.1103
2019-08-26,"서대문구",101.47695
2019-09-02,"서대문구",117.2194
2019-09-09,"서대문구",138.1216
2019-09-16,"서대문구",112.62935
2019-09-23,"서대문구",110.09495
2019-09-30,"서대문구",109.53315
2019-10-07,"서대문구",104.86075
2019-10-14,"서대문구",101.2137
2019-10-21,"서대문구",101.0574
2019-10-28,"서대문구",105.75195
2019-11-04,"서대문구",107.6939
2019-11-11,"서대문구",118.2398
2019-11-18,"서대문구",126.70185
2019-11-25,"서대문구",120.1913
2019-12-02,"서대문구",111.18725
2019-12-09,"서대문구",108.5826
2019-12-16,"서대문구",102.959
2019-12-23,"서대문구",106.7936
2019-12-30,"서대문구",111.0158
2020-01-06,"서대문구",103.646
2020-01-13,"서대문구",105.60925
2020-01-20,"서대문구",127.2797
2020-01-27,"서대문구",122.2837
2020-02-03,"서대문구",111.0425
2020-02-10,"서대문구",108.4702
2020-02-17,"서대문구",111.4767
2020-02-24,"서대문구",117.30285
2020-03-02,"서대문구",113.20185
2020-03-09,"서대문구",108.0949
2020-03-16,"서대문구",111.46635
2020-03-23,"서대문구",111.56605
2020-03-30,"서대문구",109.39205
2020-04-06,"서대문구",107.50195
2020-04-13,"서대문구",108.5972
2020-04-20,"서대문구",109.17035
2020-04-27,"서대문구",113.0942
2020-05-04,"서대문구",116.7161
2020-05-11,"서대문구",120.16495
2020-05-18,"서대문구",120.49075
2020-05-25,"서대문구",124.489
2020-06-01,"서대문구",128.254
2020-06-08,"서대문구",135.8924
2020-06-15,"서대문구",149.9565
2020-06-22,"서대문구",135.7027
2020-06-29,"서대문구",130.6151
2020-07-06,"서대문구",130.97395
2020-07-13,"서대문구",134.21365
2020-07-20,"서대문구",134.636299
2020-07-27,"서대문구",129.0778
2020-08-03,"서대문구",130.36325
2020-08-10,"서대문구",124.28175
2020-08-17,"서대문구",131.717
2020-08-24,"서대문구",123.1644
2018-01-01,"서초구",83.67925
2018-01-08,"서초구",80.6038
2018-01-15,"서초구",82.36705
2018-01-22,"서초구",75.5328
2018-01-29,"서초구",77.8685
2018-02-05,"서초구",80.39335
2018-02-12,"서초구",91.53795
2018-02-19,"서초구",86.6292
2018-02-26,"서초구",86.1075
2018-03-05,"서초구",85.50185
2018-03-12,"서초구",84.111
2018-03-19,"서초구",81.6931
2018-03-26,"서초구",85.00545
2018-04-02,"서초구",80.0363
2018-04-09,"서초구",84.23625
2018-04-16,"서초구",89.61415
2018-04-23,"서초구",85.78745
2018-04-30,"서초구",85.0204
2018-05-07,"서초구",92.9726
2018-05-14,"서초구",91.21405
2018-05-21,"서초구",96.5863
2018-05-28,"서초구",100.4319
2018-06-04,"서초구",103.77885
2018-06-11,"서초구",104.89895
2018-06-18,"서초구",108.3606
2018-06-25,"서초구",104.4879
2018-07-02,"서초구",111.02072
2018-07-09,"서초구",108.3638
2018-07-16,"서초구",114.93395
2018-07-23,"서초구",112.02755
2018-07-30,"서초구",107.9101
2018-08-06,"서초구",102.63865
2018-08-13,"서초구",98.92965
2018-08-20,"서초구",93.2994
2018-08-27,"서초구",90.59005
2018-09-03,"서초구",89.30655
2018-09-10,"서초구",91.2177
2018-09-17,"서초구",108.8852
2018-09-24,"서초구",94.52545
2018-10-01,"서초구",94.67422
2018-10-08,"서초구",89.4387
2018-10-15,"서초구",87.8117
2018-10-22,"서초구",88.7438
2018-10-29,"서초구",90.3063
2018-11-05,"서초구",97.132
2018-11-12,"서초구",101.9402
2018-11-19,"서초구",106.05335
2018-11-26,"서초구",101.4049
2018-12-03,"서초구",96.43435
2018-12-10,"서초구",91.7025
2018-12-17,"서초구",91.55845
2018-12-24,"서초구",89.73965
2018-12-31,"서초구",94.8599
2019-01-07,"서초구",90.15375
2019-01-14,"서초구",88.36875
2019-01-21,"서초구",88.78575
2019-01-28,"서초구",98.87395
2019-02-04,"서초구",93.836
2019-02-11,"서초구",90.1185
2019-02-18,"서초구",89.1734
2019-02-25,"서초구",89.60335
2019-03-04,"서초구",88.39485
2019-03-11,"서초구",83.7774
2019-03-18,"서초구",81.6369
2019-03-25,"서초구",85.3273
2019-04-01,"서초구",84.9129
2019-04-08,"서초구",85.3836
2019-04-15,"서초구",88.242849
2019-04-22,"서초구",87.672299
2019-04-29,"서초구",90.05
2019-05-06,"서초구",94.29395
2019-05-13,"서초구",96.0456
2019-05-20,"서초구",101.4472
2019-05-27,"서초구",99.7696
2019-06-03,"서초구",105.3602
2019-06-10,"서초구",104.514
2019-06-17,"서초구",105.3148
2019-06-24,"서초구",109.38975
2019-07-01,"서초구",112.1453
2019-07-08,"서초구",109.6359
2019-07-15,"서초구",110.551
2019-07-22,"서초구",111.42175
2019-07-29,"서초구",110.40365
2019-08-05,"서초구",111.4256
2019-08-12,"서초구",108.7496
2019-08-19,"서초구",100.25785
2019-08-26,"서초구",86.420798
2019-09-02,"서초구",100.012299
2019-09-09,"서초구",110.79655
2019-09-16,"서초구",98.427099
2019-09-23,"서초구",96.47135
2019-09-30,"서초구",94.439299
2019-10-07,"서초구",90.65405
2019-10-14,"서초구",89.0137
2019-10-21,"서초구",88.0711
2019-10-28,"서초구",92.0502
2019-11-04,"서초구",92.4557
2019-11-11,"서초구",98.87195
2019-11-18,"서초구",105.89015
2019-11-25,"서초구",104.698599
2019-12-02,"서초구",97.232849
2019-12-09,"서초구",96.361497
2019-12-16,"서초구",91.175
2019-12-23,"서초구",93.21055
2019-12-30,"서초구",98.54794
2020-01-06,"서초구",94.229408
2020-01-13,"서초구",95.1094
2020-01-20,"서초구",107.00175
2020-01-27,"서초구",108.103959
2020-02-03,"서초구",100.507299
2020-02-10,"서초구",98.34655
2020-02-17,"서초구",101.579049
2020-02-24,"서초구",109.018599
2020-03-02,"서초구",105.364939
2020-03-09,"서초구",102.00705
2020-03-16,"서초구",104.55959
2020-03-23,"서초구",103.391898
2020-03-30,"서초구",102.42834
2020-04-06,"서초구",100.11046
2020-04-13,"서초구",100.210348
2020-04-20,"서초구",102.229599
2020-04-27,"서초구",103.455546
2020-05-04,"서초구",108.213948
2020-05-11,"서초구",111.329209
2020-05-18,"서초구",112.26425
2020-05-25,"서초구",115.547689
2020-06-01,"서초구",119.320799
2020-06-08,"서초구",125.951558
2020-06-15,"서초구",124.91899
2020-06-22,"서초구",124.8318
2020-06-29,"서초구",121.256799
2020-07-06,"서초구",121.50094
2020-07-13,"서초구",123.403147
2020-07-20,"서초구",121.394149
2020-07-27,"서초구",118.228768
2020-08-03,"서초구",118.4184
2020-08-10,"서초구",113.9365
2020-08-17,"서초구",121.6137
2020-08-24,"서초구",114.0718
2018-01-01,"성동구",81.73795
2018-01-08,"성동구",75.9028
2018-01-15,"성동구",77.98615
2018-01-22,"성동구",71.7126
2018-01-29,"성동구",73.0315
2018-02-05,"성동구",75.53055
2018-02-12,"성동구",91.2779
2018-02-19,"성동구",77.85195
2018-02-26,"성동구",79.9142
2018-03-05,"성동구",76.0555
2018-03-12,"성동구",75.2149
2018-03-19,"성동구",74.46175
2018-03-26,"성동구",78.0727
2018-04-02,"성동구",72.7073
2018-04-09,"성동구",75.63805
2018-04-16,"성동구",74.6031
2018-04-23,"성동구",76.1727
2018-04-30,"성동구",75.6785
2018-05-07,"성동구",80.03965
2018-05-14,"성동구",80.78165
2018-05-21,"성동구",85.0988
2018-05-28,"성동구",86.8905
2018-06-04,"성동구",91.37525
2018-06-11,"성동구",93.1271
2018-06-18,"성동구",95.6248
2018-06-25,"성동구",90.17125
2018-07-02,"성동구",94.02035
2018-07-09,"성동구",96.2205
2018-07-16,"성동구",101.1073
2018-07-23,"성동구",97.8586
2018-07-30,"성동구",94.01135
2018-08-06,"성동구",88.7515
2018-08-13,"성동구",86.5724
2018-08-20,"성동구",82.0848
2018-08-27,"성동구",77.997
2018-09-03,"성동구",77.48515
2018-09-10,"성동구",79.47175
2018-09-17,"성동구",94.6658
2018-09-24,"성동구",88.0256
2018-10-01,"성동구",82.9538
2018-10-08,"성동구",79.26585
2018-10-15,"성동구",77.422
2018-10-22,"성동구",81.623199
2018-10-29,"성동구",88.85605
2018-11-05,"성동구",97.07535
2018-11-12,"성동구",104.77725
2018-11-19,"성동구",107.2272
2018-11-26,"성동구",104.3984
2018-12-03,"성동구",96.71025
2018-12-10,"성동구",92.96525
2018-12-17,"성동구",93.1462
2018-12-24,"성동구",92.88355
2018-12-31,"성동구",97.76375
2019-01-07,"성동구",89.1232
2019-01-14,"성동구",89.11585
2019-01-21,"성동구",87.97515
2019-01-28,"성동구",98.93965
2019-02-04,"성동구",104.5593
2019-02-11,"성동구",91.37295
2019-02-18,"성동구",91.17925
2019-02-25,"성동구",93.1847
2019-03-04,"성동구",88.0969
2019-03-11,"성동구",84.61645
2019-03-18,"성동구",79.5303
2019-03-25,"성동구",84.53855
2019-04-01,"성동구",85.8765
2019-04-08,"성동구",84.66035
2019-04-15,"성동구",87.5043
2019-04-22,"성동구",87.2347
2019-04-29,"성동구",90.80445
2019-05-06,"성동구",94.67565
2019-05-13,"성동구",95.17425
2019-05-20,"성동구",100.56355
2019-05-27,"성동구",99.10765
2019-06-03,"성동구",106.53965
2019-06-10,"성동구",103.78985
2019-06-17,"성동구",104.8185
2019-06-24,"성동구",106.71545
2019-07-01,"성동구",110.3407
2019-07-08,"성동구",109.87125
2019-07-15,"성동구",110.7623
2019-07-22,"성동구",110.4178
2019-07-29,"성동구",109.5919
2019-08-05,"성동구",111.1476
2019-08-12,"성동구",109.526
2019-08-19,"성동구",100.5857
2019-08-26,"성동구",87.94115
2019-09-02,"성동구",102.4052
2019-09-09,"성동구",118.21555
2019-09-16,"성동구",97.54415
2019-09-23,"성동구",98.062
2019-09-30,"성동구",97.08805
2019-10-07,"성동구",93.4127
2019-10-14,"성동구",90.6648
2019-10-21,"성동구",89.37375
2019-10-28,"성동구",95.14355
2019-11-04,"성동구",94.33065
2019-11-11,"성동구",105.25795
2019-11-18,"성동구",111.23405
2019-11-25,"성동구",105.7997
2019-12-02,"성동구",103.902
2019-12-09,"성동구",101.051649
2019-12-16,"성동구",96.958348
2019-12-23,"성동구",99.4695
2019-12-30,"성동구",104.475898
2020-01-06,"성동구",100.694299
2020-01-13,"성동구",101.929598
2020-01-20,"성동구",119.345899
2020-01-27,"성동구",117.662648
2020-02-03,"성동구",107.8622
2020-02-10,"성동구",104.335649
2020-02-17,"성동구",107.225549
2020-02-24,"성동구",111.23852
2020-03-02,"성동구",107.6441
2020-03-09,"성동구",101.46175
2020-03-16,"성동구",106.829849
2020-03-23,"성동구",105.9009
2020-03-30,"성동구",104.8111
2020-04-06,"성동구",100.4156
2020-04-13,"성동구",102.37245
2020-04-20,"성동구",103.4182
2020-04-27,"성동구",107.133
2020-05-04,"성동구",110.981099
2020-05-11,"성동구",111.96745
2020-05-18,"성동구",112.4172
2020-05-25,"성동구",117.554299
2020-06-01,"성동구",118.1
2020-06-08,"성동구",125.07475
2020-06-15,"성동구",123.61545
2020-06-22,"성동구",124.58625
2020-06-29,"성동구",122.1363
2020-07-06,"성동구",121.595449
2020-07-13,"성동구",124.847447
2020-07-20,"성동구",126.59375
2020-07-27,"성동구",122.749849
2020-08-03,"성동구",124.911
2020-08-10,"성동구",119.742749
2020-08-17,"성동구",127.44555
2020-08-24,"성동구",119.342519
2018-01-01,"성북구",45.88695
2018-01-08,"성북구",41.78665
2018-01-15,"성북구",43.24745
2018-01-22,"성북구",39.45975
2018-01-29,"성북구",40.35315
2018-02-05,"성북구",41.90415
2018-02-12,"성북구",55.1322
2018-02-19,"성북구",44.6042
2018-02-26,"성북구",45.15865
2018-03-05,"성북구",43.9801
2018-03-12,"성북구",43.71605
2018-03-19,"성북구",48.1951
2018-03-26,"성북구",44.3036
2018-04-02,"성북구",40.76215
2018-04-09,"성북구",42.69745
2018-04-16,"성북구",42.02085
2018-04-23,"성북구",42.5561
2018-04-30,"성북구",42.93835
2018-05-07,"성북구",44.62985
2018-05-14,"성북구",45.1213
2018-05-21,"성북구",47.36275
2018-05-28,"성북구",48.39885
2018-06-04,"성북구",50.3019
2018-06-11,"성북구",50.61095
2018-06-18,"성북구",52.0904
2018-06-25,"성북구",51.10255
2018-07-02,"성북구",54.5024
2018-07-09,"성북구",52.9013
2018-07-16,"성북구",56.0824
2018-07-23,"성북구",53.9355
2018-07-30,"성북구",50.8768
2018-08-06,"성북구",47.8278
2018-08-13,"성북구",47.09415
2018-08-20,"성북구",43.845549
2018-08-27,"성북구",42.028851
2018-09-03,"성북구",42.409301
2018-09-10,"성북구",43.39835
2018-09-17,"성북구",53.523597
2018-09-24,"성북구",51.04805
2018-10-01,"성북구",45.756178
2018-10-08,"성북구",43.733334
2018-10-15,"성북구",43.35835
2018-10-22,"성북구",42.7047
2018-10-29,"성북구",44.76885
2018-11-05,"성북구",47.5768
2018-11-12,"성북구",52.9468
2018-11-19,"성북구",54.92535
2018-11-26,"성북구",51.20615
2018-12-03,"성북구",46.9034
2018-12-10,"성북구",44.20695
2018-12-17,"성북구",44.0039
2018-12-24,"성북구",43.4804
2018-12-31,"성북구",45.4322
2019-01-07,"성북구",42.89225
2019-01-14,"성북구",42.671
2019-01-21,"성북구",42.77385
2019-01-28,"성북구",48.48075
2019-02-04,"성북구",51.4208
2019-02-11,"성북구",43.5341
2019-02-18,"성북구",43.836883
2019-02-25,"성북구",44.923348
2019-03-04,"성북구",42.430642
2019-03-11,"성북구",40.269742
2019-03-18,"성북구",40.471927
2019-03-25,"성북구",40.369014
2019-04-01,"성북구",40.428742
2019-04-08,"성북구",39.772161
2019-04-15,"성북구",41.791503
2019-04-22,"성북구",41.742898
2019-04-29,"성북구",42.812933
2019-05-06,"성북구",44.91311
2019-05-13,"성북구",44.624414
2019-05-20,"성북구",47.995764
2019-05-27,"성북구",46.10516
2019-06-03,"성북구",49.62704
2019-06-10,"성북구",48.223366
2019-06-17,"성북구",49.315047
2019-06-24,"성북구",50.935961
2019-07-01,"성북구",64.769022
2019-07-08,"성북구",67.193707
2019-07-15,"성북구",67.437471
2019-07-22,"성북구",69.187122
2019-07-29,"성북구",67.816049
2019-08-05,"성북구",70.382167
2019-08-12,"성북구",68.545395
2019-08-19,"성북구",62.657393
2019-08-26,"성북구",56.609496
2019-09-02,"성북구",65.35155
2019-09-09,"성북구",79.312927
2019-09-16,"성북구",62.996289
2019-09-23,"성북구",61.220067
2019-09-30,"성북구",61.376833
2019-10-07,"성북구",58.069276
2019-10-14,"성북구",56.230334
2019-10-21,"성북구",57.349526
2019-10-28,"성북구",58.576564
2019-11-04,"성북구",60.933123
2019-11-11,"성북구",66.823373
2019-11-18,"성북구",71.556299
2019-11-25,"성북구",68.591083
2019-12-02,"성북구",61.781949
2019-12-09,"성북구",59.828354
2019-12-16,"성북구",56.752578
2019-12-23,"성북구",58.8865
2019-12-30,"성북구",60.42266
2020-01-06,"성북구",57.80861
2020-01-13,"성북구",57.63372
2020-01-20,"성북구",71.93275
2020-01-27,"성북구",68.56595
2020-02-03,"성북구",65.44358
2020-02-10,"성북구",65.683138
2020-02-17,"성북구",66.28407
2020-02-24,"성북구",71.153888
2020-03-02,"성북구",73.163849
2020-03-09,"성북구",71.408579
2020-03-16,"성북구",72.79644
2020-03-23,"성북구",72.610478
2020-03-30,"성북구",71.67094
2020-04-06,"성북구",71.329909
2020-04-13,"성북구",71.86442
2020-04-20,"성북구",73.08105
2020-04-27,"성북구",75.200788
2020-05-04,"성북구",78.55042
2020-05-11,"성북구",80.34967
2020-05-18,"성북구",79.922396
2020-05-25,"성북구",83.12791
2020-06-01,"성북구",85.360779
2020-06-08,"성북구",90.7212
2020-06-15,"성북구",89.02123
2020-06-22,"성북구",88.199699
2020-06-29,"성북구",86.0909
2020-07-06,"성북구",86.31428
2020-07-13,"성북구",88.900479
2020-07-20,"성북구",89.253789
2020-07-27,"성북구",84.75098
2020-08-03,"성북구",85.5437
2020-08-10,"성북구",81.39448
2020-08-17,"성북구",86.63228
2020-08-24,"성북구",80.47994
2018-01-01,"송파구",380.2181
2018-01-08,"송파구",351.28965
2018-01-15,"송파구",363.32025
2018-01-22,"송파구",331.45115
2018-01-29,"송파구",336.9558
2018-02-05,"송파구",348.1139
2018-02-12,"송파구",414.63805
2018-02-19,"송파구",367.41655
2018-02-26,"송파구",371.23685
2018-03-05,"송파구",359.6518
2018-03-12,"송파구",354.5144
2018-03-19,"송파구",344.07895
2018-03-26,"송파구",360.7125
2018-04-02,"송파구",338.08675
2018-04-09,"송파구",346.80165
2018-04-16,"송파구",344.90995
2018-04-23,"송파구",347.70011
2018-04-30,"송파구",346.5933
2018-05-07,"송파구",366.9847
2018-05-14,"송파구",367.3886
2018-05-21,"송파구",388.82595
2018-05-28,"송파구",395.9484
2018-06-04,"송파구",414.6169
2018-06-11,"송파구",415.86775
2018-06-18,"송파구",428.2339
2018-06-25,"송파구",412.39535
2018-07-02,"송파구",436.56855
2018-07-09,"송파구",433.93105
2018-07-16,"송파구",461.89765
2018-07-23,"송파구",446.78825
2018-07-30,"송파구",423.4191
2018-08-06,"송파구",401.4888
2018-08-13,"송파구",389.4507
2018-08-20,"송파구",366.72935
2018-08-27,"송파구",352.34925
2018-09-03,"송파구",350.03925
2018-09-10,"송파구",360.8672
2018-09-17,"송파구",431.338449
2018-09-24,"송파구",386.86375
2018-10-01,"송파구",373.914889
2018-10-08,"송파구",354.90275
2018-10-15,"송파구",341.49275
2018-10-22,"송파구",353.1092
2018-10-29,"송파구",364.95515
2018-11-05,"송파구",388.55835
2018-11-12,"송파구",424.678499
2018-11-19,"송파구",446.6481
2018-11-26,"송파구",430.3703
2018-12-03,"송파구",383.69995
2018-12-10,"송파구",366.54945
2018-12-17,"송파구",364.746899
2018-12-24,"송파구",359.8798
2018-12-31,"송파구",378.8547
2019-01-07,"송파구",353.70584
2019-01-14,"송파구",351.1652
2019-01-21,"송파구",355.298
2019-01-28,"송파구",391.1852
2019-02-04,"송파구",397.35515
2019-02-11,"송파구",362.14745
2019-02-18,"송파구",361.18355
2019-02-25,"송파구",370.51705
2019-03-04,"송파구",357.3392
2019-03-11,"송파구",341.0268
2019-03-18,"송파구",331.25785
2019-03-25,"송파구",347.8431
2019-04-01,"송파구",349.06605
2019-04-08,"송파구",345.0372
2019-04-15,"송파구",356.9645
2019-04-22,"송파구",357.7621
2019-04-29,"송파구",367.3798
2019-05-06,"송파구",387.39615
2019-05-13,"송파구",386.652399
2019-05-20,"송파구",409.874998
2019-05-27,"송파구",400.9771
2019-06-03,"송파구",426.966849
2019-06-10,"송파구",419.0948
2019-06-17,"송파구",424.477699
2019-06-24,"송파구",437.8979
2019-07-01,"송파구",450.2871
2019-07-08,"송파구",444.097049
2019-07-15,"송파구",451.71355
2019-07-22,"송파구",454.02435
2019-07-29,"송파구",448.05985
2019-08-05,"송파구",450.252349
2019-08-12,"송파구",439.377149
2019-08-19,"송파구",402.024399
2019-08-26,"송파구",351.54846
2019-09-02,"송파구",408.769499
2019-09-09,"송파구",457.93495
2019-09-16,"송파구",391.40205
2019-09-23,"송파구",387.5899
2019-09-30,"송파구",386.821549
2019-10-07,"송파구",367.6262
2019-10-14,"송파구",361.12625
2019-10-21,"송파구",359.94875
2019-10-28,"송파구",375.54398
2019-11-04,"송파구",379.5346
2019-11-11,"송파구",413.47786
2019-11-18,"송파구",448.508199
2019-11-25,"송파구",428.724048
2019-12-02,"송파구",395.957449
2019-12-09,"송파구",383.99085
2019-12-16,"송파구",365.70165
2019-12-23,"송파구",374.250399
2019-12-30,"송파구",376.92015
2020-01-06,"송파구",355.45305
2020-01-13,"송파구",371.165049
2020-01-20,"송파구",428.2537
2020-01-27,"송파구",423.26854
2020-02-03,"송파구",390.74245
2020-02-10,"송파구",379.352769
2020-02-17,"송파구",382.7065
2020-02-24,"송파구",406.97625
2020-03-02,"송파구",394.367749
2020-03-09,"송파구",372.561348
2020-03-16,"송파구",391.084099
2020-03-23,"송파구",390.251
2020-03-30,"송파구",383.784
2020-04-06,"송파구",371.51385
2020-04-13,"송파구",380.081
2020-04-20,"송파구",381.600199
2020-04-27,"송파구",389.74695
2020-05-04,"송파구",407.864999
2020-05-11,"송파구",417.00625
2020-05-18,"송파구",415.991597
2020-05-25,"송파구",431.02925
2020-06-01,"송파구",444.813199
2020-06-08,"송파구",468.69355
2020-06-15,"송파구",462.3267
2020-06-22,"송파구",458.770649
2020-06-29,"송파구",448.551749
2020-07-06,"송파구",450.00255
2020-07-13,"송파구",461.221099
2020-07-20,"송파구",460.021548
2020-07-27,"송파구",444.8621
2020-08-03,"송파구",443.7232
2020-08-10,"송파구",421.77855
2020-08-17,"송파구",448.8857
2020-08-24,"송파구",420.27855
2018-01-01,"양천구",92.28455
2018-01-08,"양천구",87.53035
2018-01-15,"양천구",92.4591
2018-01-22,"양천구",81.632
2018-01-29,"양천구",89.8658
2018-02-05,"양천구",88.6429
2018-02-12,"양천구",91.58063
2018-02-19,"양천구",88.61585
2018-02-26,"양천구",94.48235
2018-03-05,"양천구",93.4767
2018-03-12,"양천구",93.3576
2018-03-19,"양천구",90.79895
2018-03-26,"양천구",93.27745
2018-04-02,"양천구",88.9846
2018-04-09,"양천구",91.60255
2018-04-16,"양천구",87.93691
2018-04-23,"양천구",84.692
2018-04-30,"양천구",86.23325
2018-05-07,"양천구",90.79115
2018-05-14,"양천구",91.75645
2018-05-21,"양천구",98.91415
2018-05-28,"양천구",99.07195
2018-06-04,"양천구",104.83965
2018-06-11,"양천구",106.93685
2018-06-18,"양천구",106.6613
2018-06-25,"양천구",103.66295
2018-07-02,"양천구",118.65965
2018-07-09,"양천구",121.7423
2018-07-16,"양천구",125.7227
2018-07-23,"양천구",120.068
2018-07-30,"양천구",126.71245
2018-08-06,"양천구",123.5883
2018-08-13,"양천구",123.3004
2018-08-20,"양천구",115.61355
2018-08-27,"양천구",115.7118
2018-09-03,"양천구",118.51545
2018-09-10,"양천구",119.80045
2018-09-17,"양천구",138.0989
2018-09-24,"양천구",95.1629
2018-10-01,"양천구",117.54045
2018-10-08,"양천구",119.16785
2018-10-15,"양천구",105.52185
2018-10-22,"양천구",106.34595
2018-10-29,"양천구",106.3092
2018-11-05,"양천구",117.8363
2018-11-12,"양천구",129.69055
2018-11-19,"양천구",131.94935
2018-11-26,"양천구",127.6708
2018-12-03,"양천구",115.7892
2018-12-10,"양천구",114.54465
2018-12-17,"양천구",123.5778
2018-12-24,"양천구",115.379
2018-12-31,"양천구",118.88425
2019-01-07,"양천구",118.11015
2019-01-14,"양천구",119.9658
2019-01-21,"양천구",121.24255
2019-01-28,"양천구",139.0144325
2019-02-04,"양천구",94.71155
2019-02-11,"양천구",114.6008
2019-02-18,"양천구",111.915799
2019-02-25,"양천구",108.9285
2019-03-04,"양천구",91.7381
2019-03-11,"양천구",88.69715
2019-03-18,"양천구",84.0341
2019-03-25,"양천구",89.5073
2019-04-01,"양천구",90.432
2019-04-08,"양천구",90.839885
2019-04-15,"양천구",91.5788
2019-04-22,"양천구",89.29215
2019-04-29,"양천구",80.00595
2019-05-06,"양천구",95.16395
2019-05-13,"양천구",96.6253
2019-05-20,"양천구",99.49725
2019-05-27,"양천구",99.878449
2019-06-03,"양천구",99.48575
2019-06-10,"양천구",102.9804
2019-06-17,"양천구",102.2773
2019-06-24,"양천구",100.9495
2019-07-01,"양천구",104.076
2019-07-08,"양천구",106.6646
2019-07-15,"양천구",106.72705
2019-07-22,"양천구",107.9488
2019-07-29,"양천구",108.7893
2019-08-05,"양천구",107.7398
2019-08-12,"양천구",105.479
2019-08-19,"양천구",98.9068
2019-08-26,"양천구",89.18315
2019-09-02,"양천구",89.06545
2019-09-09,"양천구",93.5025
2019-09-16,"양천구",91.016899
2019-09-23,"양천구",97.5943
2019-09-30,"양천구",97.705299
2019-10-07,"양천구",94.29305
2019-10-14,"양천구",91.02855
2019-10-21,"양천구",90.06875
2019-10-28,"양천구",93.67865
2019-11-04,"양천구",89.07531
2019-11-11,"양천구",85.25479
2019-11-18,"양천구",86.37775
2019-11-25,"양천구",94.746399
2019-12-02,"양천구",93.15115
2019-12-09,"양천구",94.81905
2019-12-16,"양천구",92.80345
2019-12-23,"양천구",90.0294
2019-12-30,"양천구",85.048299
2020-01-06,"양천구",88.5346
2020-01-13,"양천구",91.706198
2020-01-20,"양천구",92.22715
2020-01-27,"양천구",97.9819
2020-02-03,"양천구",121.9404
2020-02-10,"양천구",95.3373
2020-02-17,"양천구",84.34055
2020-02-24,"양천구",82.60672
2020-03-02,"양천구",86.4489
2020-03-09,"양천구",85.58215
2020-03-16,"양천구",90.6638
2020-03-23,"양천구",89.05205
2020-03-30,"양천구",91.47005
2020-04-06,"양천구",88.72405
2020-04-13,"양천구",89.460148
2020-04-20,"양천구",92.4243
2020-04-27,"양천구",93.5475
2020-05-04,"양천구",99.33425
2020-05-11,"양천구",101.5949
2020-05-18,"양천구",102.504649
2020-05-25,"양천구",104.846649
2020-06-01,"양천구",103.91055
2020-06-08,"양천구",105.928699
2020-06-15,"양천구",100.25169
2020-06-22,"양천구",105.4178
2020-06-29,"양천구",109.754099
2020-07-06,"양천구",108.643448
2020-07-13,"양천구",111.5255
2020-07-20,"양천구",112.5029
2020-07-27,"양천구",108.51875
2020-08-03,"양천구",109.07445
2020-08-10,"양천구",107.6403
2020-08-17,"양천구",102.2603
2020-08-24,"양천구",90.8959
2018-01-01,"영등포구",194.35775
2018-01-08,"영등포구",178.91805
2018-01-15,"영등포구",185.0277
2018-01-22,"영등포구",167.3615
2018-01-29,"영등포구",170.20915
2018-02-05,"영등포구",177.6981
2018-02-12,"영등포구",223.57875
2018-02-19,"영등포구",185.3148
2018-02-26,"영등포구",193.5406
2018-03-05,"영등포구",187.25855
2018-03-12,"영등포구",183.1229
2018-03-19,"영등포구",177.08855
2018-03-26,"영등포구",185.9923
2018-04-02,"영등포구",173.2766
2018-04-09,"영등포구",178.81625
2018-04-16,"영등포구",174.8964
2018-04-23,"영등포구",179.60075
2018-04-30,"영등포구",177.26195
2018-05-07,"영등포구",186.6324
2018-05-14,"영등포구",185.8106
2018-05-21,"영등포구",196.1024
2018-05-28,"영등포구",200.501799
2018-06-04,"영등포구",211.09655
2018-06-11,"영등포구",210.9759
2018-06-18,"영등포구",216.5131
2018-06-25,"영등포구",206.2894
2018-07-02,"영등포구",218.32155
2018-07-09,"영등포구",219.7791
2018-07-16,"영등포구",232.50275
2018-07-23,"영등포구",226.4338
2018-07-30,"영등포구",214.23015
2018-08-06,"영등포구",201.71495
2018-08-13,"영등포구",196.55775
2018-08-20,"영등포구",184.56385
2018-08-27,"영등포구",175.93595
2018-09-03,"영등포구",176.1255
2018-09-10,"영등포구",182.06805
2018-09-17,"영등포구",221.16285
2018-09-24,"영등포구",203.91105
2018-10-01,"영등포구",189.611
2018-10-08,"영등포구",182.4735
2018-10-15,"영등포구",166.55485
2018-10-22,"영등포구",178.74265
2018-10-29,"영등포구",184.60015
2018-11-05,"영등포구",196.7725
2018-11-12,"영등포구",215.52935
2018-11-19,"영등포구",224.25045
2018-11-26,"영등포구",219.93805
2018-12-03,"영등포구",192.4552
2018-12-10,"영등포구",182.7092
2018-12-17,"영등포구",183.456
2018-12-24,"영등포구",179.9473
2018-12-31,"영등포구",188.2715
2019-01-07,"영등포구",172.6681
2019-01-14,"영등포구",173.48895
2019-01-21,"영등포구",173.47665
2019-01-28,"영등포구",201.47275
2019-02-04,"영등포구",203.2627
2019-02-11,"영등포구",177.827949
2019-02-18,"영등포구",178.9326
2019-02-25,"영등포구",184.77585
2019-03-04,"영등포구",174.46325
2019-03-11,"영등포구",166.9414
2019-03-18,"영등포구",151.39345
2019-03-25,"영등포구",168.0779
2019-04-01,"영등포구",169.89225
2019-04-08,"영등포구",168.18885
2019-04-15,"영등포구",173.70915
2019-04-22,"영등포구",171.75215
2019-04-29,"영등포구",178.6813
2019-05-06,"영등포구",187.1844
2019-05-13,"영등포구",186.049
2019-05-20,"영등포구",199.68425
2019-05-27,"영등포구",193.00405
2019-06-03,"영등포구",206.816249
2019-06-10,"영등포구",204.326
2019-06-17,"영등포구",205.850949
2019-06-24,"영등포구",211.0114
2019-07-01,"영등포구",217.71795
2019-07-08,"영등포구",216.59015
2019-07-15,"영등포구",218.43775
2019-07-22,"영등포구",218.000099
2019-07-29,"영등포구",217.20686
2019-08-05,"영등포구",218.718658
2019-08-12,"영등포구",213.595599
2019-08-19,"영등포구",192.21791
2019-08-26,"영등포구",167.71615
2019-09-02,"영등포구",197.34524
2019-09-09,"영등포구",234.213539
2019-09-16,"영등포구",188.12625
2019-09-23,"영등포구",187.82886
2019-09-30,"영등포구",188.681888
2019-10-07,"영등포구",178.710188
2019-10-14,"영등포구",173.77394
2019-10-21,"영등포구",171.3035
2019-10-28,"영등포구",179.44485
2019-11-04,"영등포구",182.751039
2019-11-11,"영등포구",202.473757
2019-11-18,"영등포구",221.307239
2019-11-25,"영등포구",209.58625
2019-12-02,"영등포구",190.15616
2019-12-09,"영등포구",185.302418
2019-12-16,"영등포구",175.233299
2019-12-23,"영등포구",182.298789
2019-12-30,"영등포구",187.15425
2020-01-06,"영등포구",176.1346
2020-01-13,"영등포구",178.562047
2020-01-20,"영등포구",214.563948
2020-01-27,"영등포구",205.177999
2020-02-03,"영등포구",186.1721
2020-02-10,"영등포구",182.922547
2020-02-17,"영등포구",184.158298
2020-02-24,"영등포구",189.007087
2020-03-02,"영등포구",188.976747
2020-03-09,"영등포구",171.248199
2020-03-16,"영등포구",188.1345
2020-03-23,"영등포구",187.404999
2020-03-30,"영등포구",183.451599
2020-04-06,"영등포구",172.412189
2020-04-13,"영등포구",180.714197
2020-04-20,"영등포구",182.702947
2020-04-27,"영등포구",187.995148
2020-05-04,"영등포구",196.806139
2020-05-11,"영등포구",199.760508
2020-05-18,"영등포구",200.091999
2020-05-25,"영등포구",210.697407
2020-06-01,"영등포구",216.993995
2020-06-08,"영등포구",227.90288
2020-06-15,"영등포구",225.567848
2020-06-22,"영등포구",225.478728
2020-06-29,"영등포구",217.995107
2020-07-06,"영등포구",220.115985
2020-07-13,"영등포구",225.211597
2020-07-20,"영등포구",225.564198
2020-07-27,"영등포구",220.708448
2020-08-03,"영등포구",217.51009
2020-08-10,"영등포구",209.97854
2020-08-17,"영등포구",219.78734
2020-08-24,"영등포구",207.4805
2018-01-01,"용산구",1.3433
2018-01-08,"용산구",1.2152
2018-01-15,"용산구",1.2724
2018-01-22,"용산구",1.10515
2018-01-29,"용산구",1.09055
2018-02-05,"용산구",1.2287
2018-02-12,"용산구",1.48985
2018-02-19,"용산구",1.3906
2018-02-26,"용산구",1.2719
2018-03-05,"용산구",1.2748
2018-03-12,"용산구",1.22225
2018-03-19,"용산구",1.178
2018-03-26,"용산구",1.23605
2018-04-02,"용산구",1.1301
2018-04-09,"용산구",1.20875
2018-04-16,"용산구",1.258
2018-04-23,"용산구",1.15605
2018-04-30,"용산구",1.1754
2018-05-07,"용산구",1.29305
2018-05-14,"용산구",1.24075
2018-05-21,"용산구",1.3759
2018-05-28,"용산구",1.25845
2018-06-04,"용산구",1.3577
2018-06-11,"용산구",1.3793
2018-06-18,"용산구",1.5168
2018-06-25,"용산구",1.3493
2018-07-02,"용산구",1.543
2018-07-09,"용산구",1.50045
2018-07-16,"용산구",1.5048
2018-07-23,"용산구",1.52665
2018-07-30,"용산구",1.25795
2018-08-06,"용산구",1.27475
2018-08-13,"용산구",1.321
2018-08-20,"용산구",1.2696
2018-08-27,"용산구",1.2021
2018-09-03,"용산구",1.14045
2018-09-10,"용산구",1.1643
2018-09-17,"용산구",1.4953
2018-09-24,"용산구",1.4434
2018-10-01,"용산구",1.2719
2018-10-08,"용산구",1.2014
2018-10-15,"용산구",1.17655
2018-10-22,"용산구",1.16015
2018-10-29,"용산구",1.2559
2018-11-05,"용산구",1.3225
2018-11-12,"용산구",1.4766
2018-11-19,"용산구",1.45065
2018-11-26,"용산구",1.4717
2018-12-03,"용산구",1.2504
2018-12-10,"용산구",1.18745
2018-12-17,"용산구",1.27745
2018-12-24,"용산구",1.19035
2018-12-31,"용산구",1.27805
2019-01-07,"용산구",1.2247
2019-01-14,"용산구",1.1988
2019-01-21,"용산구",1.1675
2019-01-28,"용산구",1.33395
2019-02-04,"용산구",1.54685
2019-02-11,"용산구",1.19175
2019-02-18,"용산구",1.13
2019-02-25,"용산구",1.3374
2019-03-04,"용산구",1.11515
2019-03-11,"용산구",1.19015
2019-03-18,"용산구",1.137
2019-03-25,"용산구",1.20525
2019-04-01,"용산구",1.06135
2019-04-08,"용산구",1.07465
2019-04-15,"용산구",1.20545
2019-04-22,"용산구",1.19895
2019-04-29,"용산구",1.237
2019-05-06,"용산구",1.30265
2019-05-13,"용산구",1.24655
2019-05-20,"용산구",1.39485
2019-05-27,"용산구",1.3088
2019-06-03,"용산구",1.28875
2019-06-10,"용산구",1.3571
2019-06-17,"용산구",1.4368
2019-06-24,"용산구",1.3685
2019-07-01,"용산구",1.4318
2019-07-08,"용산구",1.4349
2019-07-15,"용산구",1.5158
2019-07-22,"용산구",1.59045
2019-07-29,"용산구",1.49675
2019-08-05,"용산구",1.4805
2019-08-12,"용산구",1.5022
2019-08-19,"용산구",1.33405
2019-08-26,"용산구",1.166
2019-09-02,"용산구",1.4028
2019-09-09,"용산구",1.60085
2019-09-16,"용산구",1.3423
2019-09-23,"용산구",1.3209
2019-09-30,"용산구",1.28485
2019-10-07,"용산구",1.27995
2019-10-14,"용산구",1.24025
2019-10-21,"용산구",1.20545
2019-10-28,"용산구",1.21485
2019-11-04,"용산구",1.24835
2019-11-11,"용산구",1.2949
2019-11-18,"용산구",1.38505
2019-11-25,"용산구",1.33175
2019-12-02,"용산구",1.49165
2019-12-09,"용산구",1.34875
2019-12-16,"용산구",1.3008
2019-12-23,"용산구",1.3795
2019-12-30,"용산구",2.7905
2020-01-06,"용산구",3.42895
2020-01-13,"용산구",3.49125
2020-01-20,"용산구",3.993
2020-01-27,"용산구",3.91835
2020-02-03,"용산구",3.7413
2020-02-10,"용산구",3.6192
2020-02-17,"용산구",3.745799
2020-02-24,"용산구",3.941249
2020-03-02,"용산구",3.8616
2020-03-09,"용산구",3.73075
2020-03-16,"용산구",3.628599
2020-03-23,"용산구",3.71515
2020-03-30,"용산구",3.6115
2020-04-06,"용산구",3.5529
2020-04-13,"용산구",3.6904
2020-04-20,"용산구",3.62995
2020-04-27,"용산구",3.71985
2020-05-04,"용산구",4.0214
2020-05-11,"용산구",4.0424
2020-05-18,"용산구",4.21635
2020-05-25,"용산구",4.3279
2020-06-01,"용산구",4.3329
2020-06-08,"용산구",4.411399
2020-06-15,"용산구",4.5177
2020-06-22,"용산구",4.52305
2020-06-29,"용산구",4.31255
2020-07-06,"용산구",4.4602
2020-07-13,"용산구",4.573449
2020-07-20,"용산구",4.485599
2020-07-27,"용산구",4.4172
2020-08-03,"용산구",4.40005
2020-08-10,"용산구",4.28365
2020-08-17,"용산구",4.5678
2020-08-24,"용산구",4.3493
2018-01-01,"은평구",31.4837
2018-01-08,"은평구",29.17355
2018-01-15,"은평구",29.47465
2018-01-22,"은평구",26.7126
2018-01-29,"은평구",27.6554
2018-02-05,"은평구",28.69405
2018-02-12,"은평구",36.35885
2018-02-19,"은평구",30.0278
2018-02-26,"은평구",30.6463
2018-03-05,"은평구",29.24445
2018-03-12,"은평구",28.86355
2018-03-19,"은평구",28.25995
2018-03-26,"은평구",29.4885
2018-04-02,"은평구",27.20365
2018-04-09,"은평구",28.22435
2018-04-16,"은평구",27.6503
2018-04-23,"은평구",28.5963
2018-04-30,"은평구",28.22165
2018-05-07,"은평구",30.43495
2018-05-14,"은평구",30.20485
2018-05-21,"은평구",31.56395
2018-05-28,"은평구",32.43265
2018-06-04,"은평구",33.4968
2018-06-11,"은평구",34.40605
2018-06-18,"은평구",35.53405
2018-06-25,"은평구",33.9418
2018-07-02,"은평구",35.81305
2018-07-09,"은평구",36.00315
2018-07-16,"은평구",37.86161
2018-07-23,"은평구",36.57021
2018-07-30,"은평구",35.81696
2018-08-06,"은평구",33.5262
2018-08-13,"은평구",32.83565
2018-08-20,"은평구",29.67055
2018-08-27,"은평구",28.9846
2018-09-03,"은평구",28.6683
2018-09-10,"은평구",29.8785
2018-09-17,"은평구",36.88045
2018-09-24,"은평구",34.6277
2018-10-01,"은평구",32.3233
2018-10-08,"은평구",31.2319
2018-10-15,"은평구",29.94679
2018-10-22,"은평구",33.56855
2018-10-29,"은평구",35.101
2018-11-05,"은평구",36.96715
2018-11-12,"은평구",39.4464
2018-11-19,"은평구",41.31095
2018-11-26,"은평구",39.95785
2018-12-03,"은평구",36.34325
2018-12-10,"은평구",34.2845
2018-12-17,"은평구",34.22765
2018-12-24,"은평구",35.0929
2018-12-31,"은평구",39.0803
2019-01-07,"은평구",34.71375
2019-01-14,"은평구",34.98565
2019-01-21,"은평구",34.9338
2019-01-28,"은평구",39.34465
2019-02-04,"은평구",42.3265
2019-02-11,"은평구",36.4423
2019-02-18,"은평구",36.37935
2019-02-25,"은평구",36.7677
2019-03-04,"은평구",35.50155
2019-03-11,"은평구",33.75645
2019-03-18,"은평구",31.98455
2019-03-25,"은평구",34.08565
2019-04-01,"은평구",33.59515
2019-04-08,"은평구",33.4761
2019-04-15,"은평구",34.921
2019-04-22,"은평구",34.6381
2019-04-29,"은평구",36.3162
2019-05-06,"은평구",38.20965
2019-05-13,"은평구",38.66135
2019-05-20,"은평구",41.76225
2019-05-27,"은평구",39.46673
2019-06-03,"은평구",42.84988
2019-06-10,"은평구",42.16374
2019-06-17,"은평구",43.163621
2019-06-24,"은평구",44.91279
2019-07-01,"은평구",45.21241
2019-07-08,"은평구",45.35298
2019-07-15,"은평구",45.62208
2019-07-22,"은평구",46.409645
2019-07-29,"은평구",45.410377
2019-08-05,"은평구",45.977665
2019-08-12,"은평구",47.5012
2019-08-19,"은평구",44.80826
2019-08-26,"은평구",41.020582
2019-09-02,"은평구",47.86366
2019-09-09,"은평구",57.37384
2019-09-16,"은평구",47.15209
2019-09-23,"은평구",46.320155
2019-09-30,"은평구",46.2088
2019-10-07,"은평구",43.7834
2019-10-14,"은평구",42.439
2019-10-21,"은평구",42.31305
2019-10-28,"은평구",44.3751
2019-11-04,"은평구",44.00365
2019-11-11,"은평구",49.49065
2019-11-18,"은평구",52.636
2019-11-25,"은평구",51.1601
2019-12-02,"은평구",46.1986
2019-12-09,"은평구",44.841
2019-12-16,"은평구",42.36955
2019-12-23,"은평구",43.72945
2019-12-30,"은평구",45.0235
2020-01-06,"은평구",42.49045
2020-01-13,"은평구",43.00475
2020-01-20,"은평구",50.62215
2020-01-27,"은평구",50.7438
2020-02-03,"은평구",44.2673
2020-02-10,"은평구",44.3915
2020-02-17,"은평구",45.7863
2020-02-24,"은평구",48.04185
2020-03-02,"은평구",46.4347
2020-03-09,"은평구",44.076635
2020-03-16,"은평구",45.736904
2020-03-23,"은평구",45.181139
2020-03-30,"은평구",44.09285
2020-04-06,"은평구",43.4005
2020-04-13,"은평구",43.97
2020-04-20,"은평구",44.03195
2020-04-27,"은평구",45.151861
2020-05-04,"은평구",47.388384
2020-05-11,"은평구",47.9361
2020-05-18,"은평구",48.23625
2020-05-25,"은평구",50.97091
2020-06-01,"은평구",52.783766
2020-06-08,"은평구",56.969294
2020-06-15,"은평구",55.88381
2020-06-22,"은평구",56.21081
2020-06-29,"은평구",55.884525
2020-07-06,"은평구",56.56503
2020-07-13,"은평구",57.96498
2020-07-20,"은평구",58.78367
2020-07-27,"은평구",57.93837
2020-08-03,"은평구",57.75536
2020-08-10,"은평구",56.28366
2020-08-17,"은평구",59.69052
2020-08-24,"은평구",55.029524
2018-01-01,"종로구",18.1689
2018-01-08,"종로구",17.2162
2018-01-15,"종로구",17.4415
2018-01-22,"종로구",16.2512
2018-01-29,"종로구",16.11505
2018-02-05,"종로구",17.0659
2018-02-12,"종로구",21.3369
2018-02-19,"종로구",18.00485
2018-02-26,"종로구",17.977
2018-03-05,"종로구",17.42105
2018-03-12,"종로구",17.24745
2018-03-19,"종로구",17.00355
2018-03-26,"종로구",17.77255
2018-04-02,"종로구",16.79745
2018-04-09,"종로구",17.544
2018-04-16,"종로구",17.01935
2018-04-23,"종로구",17.03585
2018-04-30,"종로구",17.3812
2018-05-07,"종로구",18.1333
2018-05-14,"종로구",18.2341
2018-05-21,"종로구",18.9279
2018-05-28,"종로구",19.2266
2018-06-04,"종로구",20.3784
2018-06-11,"종로구",20.40265
2018-06-18,"종로구",21.1938
2018-06-25,"종로구",20.77575
2018-07-02,"종로구",22.1621
2018-07-09,"종로구",21.77725
2018-07-16,"종로구",24.12665
2018-07-23,"종로구",23.75085
2018-07-30,"종로구",23.7955
2018-08-06,"종로구",22.702
2018-08-13,"종로구",22.4452
2018-08-20,"종로구",21.1465
2018-08-27,"종로구",20.2697
2018-09-03,"종로구",21.39635
2018-09-10,"종로구",21.85875
2018-09-17,"종로구",26.56675
2018-09-24,"종로구",24.26605
2018-10-01,"종로구",22.9586
2018-10-08,"종로구",21.63205
2018-10-15,"종로구",20.60765
2018-10-22,"종로구",21.58815
2018-10-29,"종로구",22.18085
2018-11-05,"종로구",23.6334
2018-11-12,"종로구",24.9892
2018-11-19,"종로구",25.2951
2018-11-26,"종로구",25.62685
2018-12-03,"종로구",23.4305
2018-12-10,"종로구",22.1871
2018-12-17,"종로구",22.03745
2018-12-24,"종로구",21.98565
2018-12-31,"종로구",23.2698
2019-01-07,"종로구",22.0044
2019-01-14,"종로구",21.36015
2019-01-21,"종로구",21.71415
2019-01-28,"종로구",24.3371
2019-02-04,"종로구",24.92395
2019-02-11,"종로구",22.35255
2019-02-18,"종로구",22.798
2019-02-25,"종로구",22.88935
2019-03-04,"종로구",21.81395
2019-03-11,"종로구",20.8039
2019-03-18,"종로구",19.47065
2019-03-25,"종로구",20.72025
2019-04-01,"종로구",21.027
2019-04-08,"종로구",20.9257
2019-04-15,"종로구",21.5563
2019-04-22,"종로구",21.5096
2019-04-29,"종로구",22.86525
2019-05-06,"종로구",23.55685
2019-05-13,"종로구",23.5155
2019-05-20,"종로구",25.14045
2019-05-27,"종로구",24.71345
2019-06-03,"종로구",26.01535
2019-06-10,"종로구",25.9305
2019-06-17,"종로구",26.29555
2019-06-24,"종로구",26.6688
2019-07-01,"종로구",27.89015
2019-07-08,"종로구",27.68295
2019-07-15,"종로구",27.8685
2019-07-22,"종로구",27.9983
2019-07-29,"종로구",27.9196
2019-08-05,"종로구",27.91405
2019-08-12,"종로구",27.51215
2019-08-19,"종로구",24.71845
2019-08-26,"종로구",21.4002
2019-09-02,"종로구",24.98675
2019-09-09,"종로구",29.4468
2019-09-16,"종로구",24.1801
2019-09-23,"종로구",23.6295
2019-09-30,"종로구",23.9426
2019-10-07,"종로구",22.57895
2019-10-14,"종로구",21.86365
2019-10-21,"종로구",21.7288
2019-10-28,"종로구",22.70965
2019-11-04,"종로구",23.0505
2019-11-11,"종로구",24.8568
2019-11-18,"종로구",27.56575
2019-11-25,"종로구",25.9248
2019-12-02,"종로구",23.81735
2019-12-09,"종로구",23.73975
2019-12-16,"종로구",22.4665
2019-12-23,"종로구",23.03495
2019-12-30,"종로구",24.2255
2020-01-06,"종로구",23.14715
2020-01-13,"종로구",22.9975
2020-01-20,"종로구",27.44725
2020-01-27,"종로구",27.22865
2020-02-03,"종로구",24.85675
2020-02-10,"종로구",24.6743
2020-02-17,"종로구",24.6932
2020-02-24,"종로구",25.0512
2020-03-02,"종로구",24.7108
2020-03-09,"종로구",23.73775
2020-03-16,"종로구",24.83795
2020-03-23,"종로구",25.1585
2020-03-30,"종로구",24.31215
2020-04-06,"종로구",23.27685
2020-04-13,"종로구",23.89875
2020-04-20,"종로구",24.4252
2020-04-27,"종로구",24.94375
2020-05-04,"종로구",26.0754
2020-05-11,"종로구",26.72305
2020-05-18,"종로구",26.6509
2020-05-25,"종로구",27.64035
2020-06-01,"종로구",28.7308
2020-06-08,"종로구",30.2239
2020-06-15,"종로구",30.29175
2020-06-22,"종로구",29.8739
2020-06-29,"종로구",30.01715
2020-07-06,"종로구",29.3759
2020-07-13,"종로구",30.1845
2020-07-20,"종로구",30.4793
2020-07-27,"종로구",29.42745
2020-08-03,"종로구",29.65955
2020-08-10,"종로구",28.6383
2020-08-17,"종로구",30.1778
2020-08-24,"종로구",28.0517
2018-01-01,"중구",36.23755
2018-01-08,"중구",33.34285
2018-01-15,"중구",34.4444
2018-01-22,"중구",31.5842
2018-01-29,"중구",32.47096
2018-02-05,"중구",33.6326
2018-02-12,"중구",42.0123
2018-02-19,"중구",34.3706
2018-02-26,"중구",35.60025
2018-03-05,"중구",34.1124
2018-03-12,"중구",34.1277
2018-03-19,"중구",33.4362
2018-03-26,"중구",34.7709
2018-04-02,"중구",36.01325
2018-04-09,"중구",37.23655
2018-04-16,"중구",36.77975
2018-04-23,"중구",37.63355
2018-04-30,"중구",37.51725
2018-05-07,"중구",39.28225
2018-05-14,"중구",39.61355
2018-05-21,"중구",42.3918
2018-05-28,"중구",42.08585
2018-06-04,"중구",44.26305
2018-06-11,"중구",44.4907
2018-06-18,"중구",45.5835
2018-06-25,"중구",44.4288
2018-07-02,"중구",49.81195
2018-07-09,"중구",50.9103
2018-07-16,"중구",54.43585
2018-07-23,"중구",51.954
2018-07-30,"중구",49.7058
2018-08-06,"중구",46.22425
2018-08-13,"중구",45.5528
2018-08-20,"중구",42.42496
2018-08-27,"중구",40.91965
2018-09-03,"중구",40.56355
2018-09-10,"중구",41.13585
2018-09-17,"중구",51.3018
2018-09-24,"중구",48.8959
2018-10-01,"중구",43.9399
2018-10-08,"중구",42.1338
2018-10-15,"중구",40.04175
2018-10-22,"중구",41.55705
2018-10-29,"중구",42.9574
2018-11-05,"중구",45.33735
2018-11-12,"중구",49.4909
2018-11-19,"중구",50.2146
2018-11-26,"중구",50.62045
2018-12-03,"중구",45.11609
2018-12-10,"중구",42.7786
2018-12-17,"중구",42.99805
2018-12-24,"중구",41.9863
2018-12-31,"중구",44.3741
2019-01-07,"중구",40.1424
2019-01-14,"중구",40.3551
2019-01-21,"중구",40.31025
2019-01-28,"중구",46.5648
2019-02-04,"중구",48.15005
2019-02-11,"중구",42.0889
2019-02-18,"중구",41.6749
2019-02-25,"중구",43.615
2019-03-04,"중구",41.2435
2019-03-11,"중구",39.21275
2019-03-18,"중구",36.2234
2019-03-25,"중구",39.06615
2019-04-01,"중구",39.74655
2019-04-08,"중구",39.33705
2019-04-15,"중구",40.42645
2019-04-22,"중구",40.06685
2019-04-29,"중구",42.345
2019-05-06,"중구",43.77645
2019-05-13,"중구",43.79095
2019-05-20,"중구",46.9277
2019-05-27,"중구",45.0017
2019-06-03,"중구",48.4368
2019-06-10,"중구",47.53215
2019-06-17,"중구",47.9828
2019-06-24,"중구",49.52485
2019-07-01,"중구",51.07855
2019-07-08,"중구",50.6787
2019-07-15,"중구",51.3332
2019-07-22,"중구",51.5355
2019-07-29,"중구",51.6502
2019-08-05,"중구",51.1983
2019-08-12,"중구",50.06015
2019-08-19,"중구",45.04055
2019-08-26,"중구",40.0613
2019-09-02,"중구",47.0144
2019-09-09,"중구",56.42365
2019-09-16,"중구",44.7877
2019-09-23,"중구",44.95085
2019-09-30,"중구",45.30825
2019-10-07,"중구",43.00635
2019-10-14,"중구",41.82965
2019-10-21,"중구",41.53385
2019-10-28,"중구",42.9988
2019-11-04,"중구",42.792
2019-11-11,"중구",48.3621
2019-11-18,"중구",51.5981
2019-11-25,"중구",49.33905
2019-12-02,"중구",45.106
2019-12-09,"중구",44.1167
2019-12-16,"중구",42.33405
2019-12-23,"중구",43.1053
2019-12-30,"중구",45.3364
2020-01-06,"중구",42.984
2020-01-13,"중구",42.451
2020-01-20,"중구",51.56075
2020-01-27,"중구",48.80165
2020-02-03,"중구",44.80595
2020-02-10,"중구",43.06355
2020-02-17,"중구",44.11905
2020-02-24,"중구",45.95415
2020-03-02,"중구",45.0942
2020-03-09,"중구",41.9494
2020-03-16,"중구",44.655649
2020-03-23,"중구",44.85365
2020-03-30,"중구",43.96565
2020-04-06,"중구",42.05965
2020-04-13,"중구",43.37565
2020-04-20,"중구",43.3994
2020-04-27,"중구",44.83695
2020-05-04,"중구",46.86655
2020-05-11,"중구",46.7956
2020-05-18,"중구",46.7411
2020-05-25,"중구",49.51475
2020-06-01,"중구",50.1958
2020-06-08,"중구",52.720549
2020-06-15,"중구",52.54238
2020-06-22,"중구",52.394225
2020-06-29,"중구",51.347405
2020-07-06,"중구",51.2307
2020-07-13,"중구",52.89455
2020-07-20,"중구",52.08735
2020-07-27,"중구",51.0208
2020-08-03,"중구",51.2462
2020-08-10,"중구",48.6897
2020-08-17,"중구",51.47745
2020-08-24,"중구",48.09935
2018-01-01,"중랑구",106.17015
2018-01-08,"중랑구",97.9198
2018-01-15,"중랑구",102.47815
2018-01-22,"중랑구",91.0669
2018-01-29,"중랑구",93.0959
2018-02-05,"중랑구",98.67405
2018-02-12,"중랑구",132.46065
2018-02-19,"중랑구",106.75575
2018-02-26,"중랑구",107.766
2018-03-05,"중랑구",104.6053
2018-03-12,"중랑구",102.3643
2018-03-19,"중랑구",98.51675
2018-03-26,"중랑구",102.51975
2018-04-02,"중랑구",96.09085
2018-04-09,"중랑구",97.7261
2018-04-16,"중랑구",96.952
2018-04-23,"중랑구",97.95365
2018-04-30,"중랑구",101.04865
2018-05-07,"중랑구",107.6375
2018-05-14,"중랑구",108.20785
2018-05-21,"중랑구",114.4195
2018-05-28,"중랑구",116.2707
2018-06-04,"중랑구",122.1054
2018-06-11,"중랑구",121.36825
2018-06-18,"중랑구",125.3219
2018-06-25,"중랑구",123.32315
2018-07-02,"중랑구",132.0527
2018-07-09,"중랑구",128.6956
2018-07-16,"중랑구",135.11265
2018-07-23,"중랑구",130.92105
2018-07-30,"중랑구",123.6977
2018-08-06,"중랑구",114.76055
2018-08-13,"중랑구",113.22725
2018-08-20,"중랑구",105.91265
2018-08-27,"중랑구",102.43835
2018-09-03,"중랑구",102.5479
2018-09-10,"중랑구",105.6623
2018-09-17,"중랑구",134.1284
2018-09-24,"중랑구",125.15485
2018-10-01,"중랑구",112.6097
2018-10-08,"중랑구",106.93725
2018-10-15,"중랑구",104.3994
2018-10-22,"중랑구",104.0331
2018-10-29,"중랑구",110.03875
2018-11-05,"중랑구",118.4413
2018-11-12,"중랑구",129.8476
2018-11-19,"중랑구",130.5953
2018-11-26,"중랑구",101.4874
2018-12-03,"중랑구",109.59225
2018-12-10,"중랑구",102.76425
2018-12-17,"중랑구",105.2119
2018-12-24,"중랑구",103.3959
2018-12-31,"중랑구",106.53385
2019-01-07,"중랑구",100.7938
2019-01-14,"중랑구",101.05135
2019-01-21,"중랑구",102.44445
2019-01-28,"중랑구",119.12095
2019-02-04,"중랑구",124.4843
2019-02-11,"중랑구",103.97495
2019-02-18,"중랑구",104.6961
2019-02-25,"중랑구",107.30775
2019-03-04,"중랑구",101.77545
2019-03-11,"중랑구",98.6172
2019-03-18,"중랑구",99.82195
2019-03-25,"중랑구",100.8946
2019-04-01,"중랑구",101.3249
2019-04-08,"중랑구",100.65865
2019-04-15,"중랑구",104.83975
2019-04-22,"중랑구",105.3526
2019-04-29,"중랑구",109.17285
2019-05-06,"중랑구",113.9883
2019-05-13,"중랑구",113.11795
2019-05-20,"중랑구",118.4129
2019-05-27,"중랑구",117.9278
2019-06-03,"중랑구",125.17445
2019-06-10,"중랑구",123.2906
2019-06-17,"중랑구",125.39555
2019-06-24,"중랑구",131.2917
2019-07-01,"중랑구",132.87265
2019-07-08,"중랑구",131.27605
2019-07-15,"중랑구",133.336
2019-07-22,"중랑구",134.7918
2019-07-29,"중랑구",133.8904
2019-08-05,"중랑구",133.9474
2019-08-12,"중랑구",130.88905
2019-08-19,"중랑구",120.8573
2019-08-26,"중랑구",107.90765
2019-09-02,"중랑구",125.20805
2019-09-09,"중랑구",155.422
2019-09-16,"중랑구",119.83475
2019-09-23,"중랑구",117.95925
2019-09-30,"중랑구",119.9015
2019-10-07,"중랑구",113.20645
2019-10-14,"중랑구",110.14315
2019-10-21,"중랑구",111.57385
2019-10-28,"중랑구",115.678649
2019-11-04,"중랑구",120.31895
2019-11-11,"중랑구",133.38437
2019-11-18,"중랑구",144.11595
2019-11-25,"중랑구",132.1725
2019-12-02,"중랑구",120.005948
2019-12-09,"중랑구",118.272149
2019-12-16,"중랑구",112.7978
2019-12-23,"중랑구",115.5866
2019-12-30,"중랑구",118.687849
2020-01-06,"중랑구",114.4625
2020-01-13,"중랑구",114.344
2020-01-20,"중랑구",149.0144
2020-01-27,"중랑구",132.66205
2020-02-03,"중랑구",104.18335
2020-02-10,"중랑구",118.6644
2020-02-17,"중랑구",118.2311
2020-02-24,"중랑구",125.56225
2020-03-02,"중랑구",121.85875
2020-03-09,"중랑구",116.77955
2020-03-16,"중랑구",119.11425
2020-03-23,"중랑구",119.64185
2020-03-30,"중랑구",115.953649
2020-04-06,"중랑구",114.31765
2020-04-13,"중랑구",115.373099
2020-04-20,"중랑구",114.6194
2020-04-27,"중랑구",120.3255
2020-05-04,"중랑구",125.79145
2020-05-11,"중랑구",125.87705
2020-05-18,"중랑구",125.20275
2020-05-25,"중랑구",129.6044
2020-06-01,"중랑구",134.74665
2020-06-08,"중랑구",144.0927
2020-06-15,"중랑구",140.780999
2020-06-22,"중랑구",141.1161
2020-06-29,"중랑구",138.647199
2020-07-06,"중랑구",139.729949
2020-07-13,"중랑구",142.8119
2020-07-20,"중랑구",144.3031
2020-07-27,"중랑구",141.1819
2020-08-03,"중랑구",144.2591
2020-08-10,"중랑구",138.6453
2020-08-17,"중랑구",143.3973
2020-08-24,"중랑구",134.0591
