"Month","gu","TotalHouses","age_05","mem1","nBusiness","avg_temp"
2018-01-01,"강동구",177490,0.0443313434417675,0.337000530061239,5341,-3.97741935483871
2018-02-01,"강동구",177490,0.0443313434417675,0.338047931118036,5341,-1.64642857142857
2018-03-01,"강동구",177490,0.0443313434417675,0.339343061580934,5341,8.08064516129032
2018-04-01,"강동구",177605,0.0438360342831526,0.340244499878933,5341,12.9866666666667
2018-05-01,"강동구",177605,0.0438360342831526,0.340618877102898,5341,18.1677419354839
2018-06-01,"강동구",177605,0.0438360342831526,0.340649193434869,5341,23.1366666666667
2018-07-01,"강동구",177591,0.0428321008578958,0.34134666824343,5291,27.7967741935484
2018-08-01,"강동구",177591,0.0428321008578958,0.342717981925167,5291,28.7612903225806
2018-09-01,"강동구",177591,0.0428321008578958,0.343913824461825,5291,21.4966666666667
2018-10-01,"강동구",177247,0.0420700090978617,0.345174719598001,5310,13.0548387096774
2018-11-01,"강동구",177247,0.0420700090978617,0.346286603799125,5310,7.79333333333333
2018-12-01,"강동구",177247,0.0420700090978617,0.347334510598205,5310,-0.606451612903226
2019-01-01,"강동구",177140,0.0411529697813374,0.348410392394708,5316,-0.896774193548387
2019-02-01,"강동구",177140,0.0411529697813374,0.349601520595153,5316,0.985714285714286
2019-03-01,"강동구",177140,0.0411529697813374,0.350282262617139,5316,7.09354838709677
2019-04-01,"강동구",177368,0.0407227126474713,0.351142495879338,5330,12.12
2019-05-01,"강동구",177368,0.0407227126474713,0.351836389280677,5330,19.4193548387097
2019-06-01,"강동구",177368,0.0407227126474713,0.352510035632132,5330,22.5033333333333
2019-07-01,"강동구",178969,0.04055192283779,0.353314958994538,5296,25.8774193548387
2019-08-01,"강동구",178969,0.04055192283779,0.353961254798384,5296,27.1903225806452
2019-09-01,"강동구",178969,0.04055192283779,0.35424570735714,5296,22.6433333333333
2019-10-01,"강동구",183390,0.0413078724141015,0.353698228939298,5332,16.3709677419355
2019-11-01,"강동구",183390,0.0413078724141015,0.353246125627423,5332,7.58
2019-12-01,"강동구",183390,0.0413078724141015,0.353012705163858,5332,1.41612903225806
2020-01-01,"강동구",190019,0.0426867795142341,0.351848052607142,5410,1.6258064516129
2020-02-01,"강동구",190019,0.0426867795142341,0.351038768614158,5410,2.53448275862069
2020-03-01,"강동구",190019,0.0426867795142341,0.349522942442598,5410,7.73548387096774
2020-04-01,"강동구",193095,0.0423502288019179,0.350043626142247,5455,11.1233333333333
2020-05-01,"강동구",193095,0.0423502288019179,0.350692025330935,5455,18.0064516129032
2020-06-01,"강동구",193095,0.0423502288019179,0.351697351044822,5455,23.8866666666667
2018-01-01,"강서구",256042,0.0497826144764133,0.361440912462762,6126,-3.97741935483871
2018-02-01,"강서구",256042,0.0497826144764133,0.363123044572968,6126,-1.64642857142857
2018-03-01,"강서구",256042,0.0497826144764133,0.364826864342569,6126,8.08064516129032
2018-04-01,"강서구",256560,0.0488757315616478,0.366061920494927,6154,12.9866666666667
2018-05-01,"강서구",256560,0.0488757315616478,0.366866258127894,6154,18.1677419354839
2018-06-01,"강서구",256560,0.0488757315616478,0.367087620829436,6154,23.1366666666667
2018-07-01,"강서구",257558,0.0476491270286891,0.368519860095191,6134,27.7967741935484
2018-08-01,"강서구",257558,0.0476491270286891,0.370448004977833,6134,28.7612903225806
2018-09-01,"강서구",257558,0.0476491270286891,0.372219072985502,6134,21.4966666666667
2018-10-01,"강서구",258503,0.0465902447277741,0.373933107125545,6203,13.0548387096774
2018-11-01,"강서구",258503,0.0465902447277741,0.375554290450132,6203,7.79333333333333
2018-12-01,"강서구",258503,0.0465902447277741,0.376896979918995,6203,-0.606451612903226
2019-01-01,"강서구",260152,0.0453741235344725,0.378721039285838,6227,-0.896774193548387
2019-02-01,"강서구",260152,0.0453741235344725,0.380689432096484,6227,0.985714285714286
2019-03-01,"강서구",260152,0.0453741235344725,0.382295734801193,6227,7.09354838709677
2019-04-01,"강서구",261383,0.0447077074959453,0.383944602163738,6320,12.12
2019-05-01,"강서구",261383,0.0447077074959453,0.385517302117916,6320,19.4193548387097
2019-06-01,"강서구",261383,0.0447077074959453,0.3866471805741,6320,22.5033333333333
2019-07-01,"강서구",262108,0.0435786615642706,0.38819545826295,6327,25.8774193548387
2019-08-01,"강서구",262108,0.0435786615642706,0.389389691446207,6327,27.1903225806452
2019-09-01,"강서구",262108,0.0435786615642706,0.391159369420239,6327,22.6433333333333
2019-10-01,"강서구",262708,0.0426515218081907,0.392717304693606,6421,16.3709677419355
2019-11-01,"강서구",262708,0.0426515218081907,0.39401086716303,6421,7.58
2019-12-01,"강서구",262708,0.0426515218081907,0.395100263410326,6421,1.41612903225806
2020-01-01,"강서구",263645,0.0412097702027144,0.3962517954447,6585,1.6258064516129
2020-02-01,"강서구",263645,0.0412097702027144,0.397941635378664,6585,2.53448275862069
2020-03-01,"강서구",263645,0.0412097702027144,0.399389330349523,6585,7.73548387096774
2020-04-01,"강서구",265252,0.0401628116183025,0.401338831021805,6679,11.1233333333333
2020-05-01,"강서구",265252,0.0401628116183025,0.403432341239104,6679,18.0064516129032
2020-06-01,"강서구",265252,0.0401628116183025,0.405727383770905,6679,23.8866666666667
2018-01-01,"관악구",258536,0.0344299180287246,0.526220099800633,5746,-3.97741935483871
2018-02-01,"관악구",258536,0.0344299180287246,0.529022705987961,5746,-1.64642857142857
2018-03-01,"관악구",258536,0.0344299180287246,0.53138827861497,5746,8.08064516129032
2018-04-01,"관악구",259681,0.0337209948258896,0.532918276523558,5732,12.9866666666667
2018-05-01,"관악구",259681,0.0337209948258896,0.534130521964462,5732,18.1677419354839
2018-06-01,"관악구",259681,0.0337209948258896,0.534894736234072,5732,23.1366666666667
2018-07-01,"관악구",261401,0.032937399296764,0.536310507901111,5712,27.7967741935484
2018-08-01,"관악구",261401,0.032937399296764,0.538176296222443,5712,28.7612903225806
2018-09-01,"관악구",261401,0.032937399296764,0.539837261525396,5712,21.4966666666667
2018-10-01,"관악구",262222,0.0320505541311308,0.541254617056467,5725,13.0548387096774
2018-11-01,"관악구",262222,0.0320505541311308,0.542398453793325,5725,7.79333333333333
2018-12-01,"관악구",262222,0.0320505541311308,0.544355546064022,5725,-0.606451612903226
2019-01-01,"관악구",265360,0.0305959830088636,0.54663276436762,5723,-0.896774193548387
2019-02-01,"관악구",265360,0.0305959830088636,0.549951987418435,5723,0.985714285714286
2019-03-01,"관악구",265360,0.0305959830088636,0.552151793789569,5723,7.09354838709677
2019-04-01,"관악구",266692,0.0300225657204201,0.553491592780479,5754,12.12
2019-05-01,"관악구",266692,0.0300225657204201,0.554981624616632,5754,19.4193548387097
2019-06-01,"관악구",266692,0.0300225657204201,0.556057174568416,5754,22.5033333333333
2019-07-01,"관악구",268226,0.0294353706407072,0.557167072664205,5757,25.8774193548387
2019-08-01,"관악구",268226,0.0294353706407072,0.558332960026281,5757,27.1903225806452
2019-09-01,"관악구",268226,0.0294353706407072,0.55951697449166,5757,22.6433333333333
2019-10-01,"관악구",268559,0.0288785708286842,0.560309426390013,5811,16.3709677419355
2019-11-01,"관악구",268559,0.0288785708286842,0.560991432342348,5811,7.58
2019-12-01,"관악구",268559,0.0288785708286842,0.562911687934495,5811,1.41612903225806
2020-01-01,"관악구",270760,0.027658628603011,0.56459237676161,5885,1.6258064516129
2020-02-01,"관악구",270760,0.027658628603011,0.567401579469855,5885,2.53448275862069
2020-03-01,"관악구",270760,0.027658628603011,0.569544984488108,5885,7.73548387096774
2020-04-01,"관악구",273715,0.0268659703045584,0.570835160865863,5950,11.1233333333333
2020-05-01,"관악구",273715,0.0268659703045584,0.572892662664573,5950,18.0064516129032
2020-06-01,"관악구",273715,0.0268659703045584,0.575467183018833,5950,23.8866666666667
2018-01-01,"광진구",161407,0.0396529179698109,0.425113098303991,5133,-3.97741935483871
2018-02-01,"광진구",161407,0.0396529179698109,0.426327626907563,5133,-1.64642857142857
2018-03-01,"광진구",161407,0.0396529179698109,0.427038480363305,5133,8.08064516129032
2018-04-01,"광진구",161294,0.0388083699697539,0.427859864324877,5120,12.9866666666667
2018-05-01,"광진구",161294,0.0388083699697539,0.428799831442223,5120,18.1677419354839
2018-06-01,"광진구",161294,0.0388083699697539,0.429278212456756,5120,23.1366666666667
2018-07-01,"광진구",161714,0.0380782577345141,0.430037261381461,5087,27.7967741935484
2018-08-01,"광진구",161714,0.0380782577345141,0.431639802916636,5087,28.7612903225806
2018-09-01,"광진구",161714,0.0380782577345141,0.432318785015521,5087,21.4966666666667
2018-10-01,"광진구",162606,0.0377124471606681,0.4332784184514,5118,13.0548387096774
2018-11-01,"광진구",162606,0.0377124471606681,0.43384154977278,5118,7.79333333333333
2018-12-01,"광진구",162606,0.0377124471606681,0.434209069776023,5118,-0.606451612903226
2019-01-01,"광진구",163460,0.0369117966145635,0.435478918733036,5110,-0.896774193548387
2019-02-01,"광진구",163460,0.0369117966145635,0.437642764846013,5110,0.985714285714286
2019-03-01,"광진구",163460,0.0369117966145635,0.439367429340511,5110,7.09354838709677
2019-04-01,"광진구",163914,0.0358287319358649,0.440780545061072,5127,12.12
2019-05-01,"광진구",163914,0.0358287319358649,0.442244083436062,5127,19.4193548387097
2019-06-01,"광진구",163914,0.0358287319358649,0.443092109276816,5127,22.5033333333333
2019-07-01,"광진구",164173,0.0350702596032799,0.444264095679766,5125,25.8774193548387
2019-08-01,"광진구",164173,0.0350702596032799,0.445466291244622,5125,27.1903225806452
2019-09-01,"광진구",164173,0.0350702596032799,0.446340141192523,5125,22.6433333333333
2019-10-01,"광진구",164428,0.0344613633129358,0.447537629694578,5146,16.3709677419355
2019-11-01,"광진구",164428,0.0344613633129358,0.448818322395256,5146,7.58
2019-12-01,"광진구",164428,0.0344613633129358,0.45043423261245,5146,1.41612903225806
2020-01-01,"광진구",165287,0.0332946175556551,0.451951678504219,5271,1.6258064516129
2020-02-01,"광진구",165287,0.0332946175556551,0.454058146577832,5271,2.53448275862069
2020-03-01,"광진구",165287,0.0332946175556551,0.455534918051631,5271,7.73548387096774
2020-04-01,"광진구",166307,0.032325058499774,0.456809136424305,5311,11.1233333333333
2020-05-01,"광진구",166307,0.032325058499774,0.458575782765309,5311,18.0064516129032
2020-06-01,"광진구",166307,0.032325058499774,0.460197105353353,5311,23.8866666666667
2018-01-01,"구로구",171751,0.0481451824208008,0.354497632211258,5198,-3.97741935483871
2018-02-01,"구로구",171751,0.0481451824208008,0.356299511159334,5198,-1.64642857142857
2018-03-01,"구로구",171751,0.0481451824208008,0.357738819570192,5198,8.08064516129032
2018-04-01,"구로구",171882,0.0471128463909045,0.358494518539208,5188,12.9866666666667
2018-05-01,"구로구",171882,0.0471128463909045,0.358636702201946,5188,18.1677419354839
2018-06-01,"구로구",171882,0.0471128463909045,0.358728662687192,5188,23.1366666666667
2018-07-01,"구로구",172121,0.046195438071226,0.358849307733942,5133,27.7967741935484
2018-08-01,"구로구",172121,0.046195438071226,0.359778726572589,5133,28.7612903225806
2018-09-01,"구로구",172121,0.046195438071226,0.361106430941024,5133,21.4966666666667
2018-10-01,"구로구",172457,0.0453501509281898,0.362532941709138,5144,13.0548387096774
2018-11-01,"구로구",172457,0.0453501509281898,0.363761364097863,5144,7.79333333333333
2018-12-01,"구로구",172457,0.0453501509281898,0.364751793200624,5144,-0.606451612903226
2019-01-01,"구로구",173585,0.0442472191062595,0.365994937412751,5132,-0.896774193548387
2019-02-01,"구로구",173585,0.0442472191062595,0.367275146816328,5132,0.985714285714286
2019-03-01,"구로구",173585,0.0442472191062595,0.368194256416165,5132,7.09354838709677
2019-04-01,"구로구",174505,0.0437600976776883,0.368818148932872,5144,12.12
2019-05-01,"구로구",174505,0.0437600976776883,0.369181076522358,5144,19.4193548387097
2019-06-01,"구로구",174505,0.0437600976776883,0.369834675224206,5144,22.5033333333333
2019-07-01,"구로구",175844,0.043476550591521,0.370882356304097,5110,25.8774193548387
2019-08-01,"구로구",175844,0.043476550591521,0.371888200386499,5110,27.1903225806452
2019-09-01,"구로구",175844,0.043476550591521,0.372762221059576,5110,22.6433333333333
2019-10-01,"구로구",176568,0.0430478232644149,0.372993384628489,5110,16.3709677419355
2019-11-01,"구로구",176568,0.0430478232644149,0.373714130256125,5110,7.58
2019-12-01,"구로구",176568,0.0430478232644149,0.374739477141951,5110,1.41612903225806
2020-01-01,"구로구",177275,0.0422731293598169,0.375438298834973,5144,1.6258064516129
2020-02-01,"구로구",177275,0.0422731293598169,0.37735433604336,5144,2.53448275862069
2020-03-01,"구로구",177275,0.0422731293598169,0.378118742067409,5144,7.73548387096774
2020-04-01,"구로구",178367,0.041081281244214,0.379040984715271,5182,11.1233333333333
2020-05-01,"구로구",178367,0.041081281244214,0.380482209527237,5182,18.0064516129032
2020-06-01,"구로구",178367,0.041081281244214,0.382312871775609,5182,23.8866666666667
2018-01-01,"금천구",106333,0.0396007479572059,0.42094069375694,3533,-3.97741935483871
2018-02-01,"금천구",106333,0.0396007479572059,0.422247307276233,3533,-1.64642857142857
2018-03-01,"금천구",106333,0.0396007479572059,0.423405716005379,3533,8.08064516129032
2018-04-01,"금천구",106307,0.038707381796513,0.423939633434948,3505,12.9866666666667
2018-05-01,"금천구",106307,0.038707381796513,0.424829532094992,3505,18.1677419354839
2018-06-01,"금천구",106307,0.038707381796513,0.425672815524848,3505,23.1366666666667
2018-07-01,"금천구",106774,0.0376482213438735,0.426829726480313,3496,27.7967741935484
2018-08-01,"금천구",106774,0.0376482213438735,0.428508426228278,3496,28.7612903225806
2018-09-01,"금천구",106774,0.0376482213438735,0.430170266169667,3496,21.4966666666667
2018-10-01,"금천구",107971,0.0372397046815751,0.431702416000748,3512,13.0548387096774
2018-11-01,"금천구",107971,0.0372397046815751,0.432479903350216,3512,7.79333333333333
2018-12-01,"금천구",107971,0.0372397046815751,0.433838715951505,3512,-0.606451612903226
2019-01-01,"금천구",108823,0.0366269056034464,0.435699317806272,3514,-0.896774193548387
2019-02-01,"금천구",108823,0.0366269056034464,0.438037746961011,3514,0.985714285714286
2019-03-01,"금천구",108823,0.0366269056034464,0.439392407854957,3514,7.09354838709677
2019-04-01,"금천구",109708,0.0360732914956062,0.442030311905111,3550,12.12
2019-05-01,"금천구",109708,0.0360732914956062,0.444113916542719,3550,19.4193548387097
2019-06-01,"금천구",109708,0.0360732914956062,0.444962992671455,3550,22.5033333333333
2019-07-01,"금천구",110072,0.0353514361253112,0.446258045134685,3546,25.8774193548387
2019-08-01,"금천구",110072,0.0353514361253112,0.447524968618676,3546,27.1903225806452
2019-09-01,"금천구",110072,0.0353514361253112,0.448878915618868,3546,22.6433333333333
2019-10-01,"금천구",110622,0.0345260083329754,0.449911041719618,3606,16.3709677419355
2019-11-01,"금천구",110622,0.0345260083329754,0.451472280879834,3606,7.58
2019-12-01,"금천구",110622,0.0345260083329754,0.45321907034767,3606,1.41612903225806
2020-01-01,"금천구",111542,0.0333343365594218,0.45490990990991,3642,1.6258064516129
2020-02-01,"금천구",111542,0.0333343365594218,0.457268144527213,3642,2.53448275862069
2020-03-01,"금천구",111542,0.0333343365594218,0.458849581323627,3642,7.73548387096774
2020-04-01,"금천구",112570,0.0327061356297094,0.460125059264494,3653,11.1233333333333
2020-05-01,"금천구",112570,0.0327061356297094,0.462269698157585,3653,18.0064516129032
2020-06-01,"금천구",112570,0.0327061356297094,0.464777471795327,3653,23.8866666666667
2018-01-01,"노원구",217999,0.0411359263057572,0.298194364577343,4613,-3.97741935483871
2018-02-01,"노원구",217999,0.0411359263057572,0.299230358490913,4613,-1.64642857142857
2018-03-01,"노원구",217999,0.0411359263057572,0.30291423355153,4613,8.08064516129032
2018-04-01,"노원구",217662,0.0403575036633204,0.3035529081347,4598,12.9866666666667
2018-05-01,"노원구",217662,0.0403575036633204,0.303668094601854,4598,18.1677419354839
2018-06-01,"노원구",217662,0.0403575036633204,0.303888597917873,4598,23.1366666666667
2018-07-01,"노원구",217900,0.0392531874473178,0.304397594792395,4591,27.7967741935484
2018-08-01,"노원구",217900,0.0392531874473178,0.305803694513372,4591,28.7612903225806
2018-09-01,"노원구",217900,0.0392531874473178,0.307627351996329,4591,21.4966666666667
2018-10-01,"노원구",217655,0.0384458356015242,0.308520693768927,4575,13.0548387096774
2018-11-01,"노원구",217655,0.0384458356015242,0.309528399753964,4575,7.79333333333333
2018-12-01,"노원구",217655,0.0384458356015242,0.310247869334497,4575,-0.606451612903226
2019-01-01,"노원구",217748,0.0374297360922735,0.310298346099878,4581,-0.896774193548387
2019-02-01,"노원구",217748,0.0374297360922735,0.311307908175001,4581,0.985714285714286
2019-03-01,"노원구",217748,0.0374297360922735,0.313784741995334,4581,7.09354838709677
2019-04-01,"노원구",217462,0.0369183616606297,0.314447683239694,4609,12.12
2019-05-01,"노원구",217462,0.0369183616606297,0.31563904384667,4609,19.4193548387097
2019-06-01,"노원구",217462,0.0369183616606297,0.315774710064287,4609,22.5033333333333
2019-07-01,"노원구",217058,0.0360931247454613,0.316116320715197,4594,25.8774193548387
2019-08-01,"노원구",217058,0.0360931247454613,0.316788845833084,4594,27.1903225806452
2019-09-01,"노원구",217058,0.0360931247454613,0.317707709460144,4594,22.6433333333333
2019-10-01,"노원구",216966,0.0356329927473002,0.318952674811709,4636,16.3709677419355
2019-11-01,"노원구",216966,0.0356329927473002,0.319577978520804,4636,7.58
2019-12-01,"노원구",216966,0.0356329927473002,0.320193025635353,4636,1.41612903225806
2020-01-01,"노원구",217148,0.0350841843412041,0.320569996406424,4687,1.6258064516129
2020-02-01,"노원구",217148,0.0350841843412041,0.321323271970074,4687,2.53448275862069
2020-03-01,"노원구",217148,0.0350841843412041,0.321637777000018,4687,7.73548387096774
2020-04-01,"노원구",217897,0.0345177703365747,0.322436056732106,4715,11.1233333333333
2020-05-01,"노원구",217897,0.0345177703365747,0.323850187747898,4715,18.0064516129032
2020-06-01,"노원구",217897,0.0345177703365747,0.325589613441213,4715,23.8866666666667
2018-01-01,"도봉구",137479,0.0388087300684534,0.301195265497348,3059,-3.97741935483871
2018-02-01,"도봉구",137479,0.0388087300684534,0.30237309330968,3059,-1.64642857142857
2018-03-01,"도봉구",137479,0.0388087300684534,0.302802609853141,3059,8.08064516129032
2018-04-01,"도봉구",137560,0.0380050770922533,0.303392850649115,3058,12.9866666666667
2018-05-01,"도봉구",137560,0.0380050770922533,0.30407945151698,3058,18.1677419354839
2018-06-01,"도봉구",137560,0.0380050770922533,0.30457255015993,3058,23.1366666666667
2018-07-01,"도봉구",137901,0.0372158790879968,0.305447598015357,3061,27.7967741935484
2018-08-01,"도봉구",137901,0.0372158790879968,0.307428878231406,3061,28.7612903225806
2018-09-01,"도봉구",137901,0.0372158790879968,0.308547436204233,3061,21.4966666666667
2018-10-01,"도봉구",138087,0.0366544593165259,0.309964410231877,3061,13.0548387096774
2018-11-01,"도봉구",138087,0.0366544593165259,0.311348781937017,3061,7.79333333333333
2018-12-01,"도봉구",138087,0.0366544593165259,0.312715896500033,3061,-0.606451612903226
2019-01-01,"도봉구",138175,0.0356639630572494,0.31388975374523,3067,-0.896774193548387
2019-02-01,"도봉구",138175,0.0356639630572494,0.314681163721651,3067,0.985714285714286
2019-03-01,"도봉구",138175,0.0356639630572494,0.315809661660937,3067,7.09354838709677
2019-04-01,"도봉구",138460,0.0351798941484654,0.316764569708895,3074,12.12
2019-05-01,"도봉구",138460,0.0351798941484654,0.31825668588271,3074,19.4193548387097
2019-06-01,"도봉구",138460,0.0351798941484654,0.319088545428283,3074,22.5033333333333
2019-07-01,"도봉구",138603,0.0344249582438559,0.320391152166853,3067,25.8774193548387
2019-08-01,"도봉구",138603,0.0344249582438559,0.321160298733629,3067,27.1903225806452
2019-09-01,"도봉구",138603,0.0344249582438559,0.322157529057813,3067,22.6433333333333
2019-10-01,"도봉구",138508,0.0340920680821449,0.322976972496932,3079,16.3709677419355
2019-11-01,"도봉구",138508,0.0340920680821449,0.323948035442197,3079,7.58
2019-12-01,"도봉구",138508,0.0340920680821449,0.324984838420885,3079,1.41612903225806
2020-01-01,"도봉구",138595,0.0330336495208883,0.326296486148914,3093,1.6258064516129
2020-02-01,"도봉구",138595,0.0330336495208883,0.327624145966654,3093,2.53448275862069
2020-03-01,"도봉구",138595,0.0330336495208883,0.328193657779862,3093,7.73548387096774
2020-04-01,"도봉구",138966,0.0323734676538415,0.329308555116634,3106,11.1233333333333
2020-05-01,"도봉구",138966,0.0323734676538415,0.330488885048284,3106,18.0064516129032
2020-06-01,"도봉구",138966,0.0323734676538415,0.332023660463711,3106,23.8866666666667
2018-01-01,"동대문구",160489,0.0391745966310534,0.438954706011066,5127,-3.97741935483871
2018-02-01,"동대문구",160489,0.0391745966310534,0.440634825572691,5127,-1.64642857142857
2018-03-01,"동대문구",160489,0.0391745966310534,0.442697007271526,5127,8.08064516129032
2018-04-01,"동대문구",160757,0.0389535200327885,0.443559841519025,5099,12.9866666666667
2018-05-01,"동대문구",160757,0.0389535200327885,0.444285197971061,5099,18.1677419354839
2018-06-01,"동대문구",160757,0.0389535200327885,0.444117518988287,5099,23.1366666666667
2018-07-01,"동대문구",162232,0.0390950375974167,0.444042247235583,5061,27.7967741935484
2018-08-01,"동대문구",162232,0.0390950375974167,0.445395841564599,5061,28.7612903225806
2018-09-01,"동대문구",162232,0.0390950375974167,0.446422407416539,5061,21.4966666666667
2018-10-01,"동대문구",161820,0.0384942479859331,0.447312662453651,5095,13.0548387096774
2018-11-01,"동대문구",161820,0.0384942479859331,0.448208031177544,5095,7.79333333333333
2018-12-01,"동대문구",161820,0.0384942479859331,0.448745519713262,5095,-0.606451612903226
2019-01-01,"동대문구",162228,0.0377880317231435,0.449326705493935,5050,-0.896774193548387
2019-02-01,"동대문구",162228,0.0377880317231435,0.451423604904179,5050,0.985714285714286
2019-03-01,"동대문구",162228,0.0377880317231435,0.452893458589146,5050,7.09354838709677
2019-04-01,"동대문구",162851,0.0376160530561239,0.454165742588896,5052,12.12
2019-05-01,"동대문구",162851,0.0376160530561239,0.455360712506381,5052,19.4193548387097
2019-06-01,"동대문구",162851,0.0376160530561239,0.455778595157537,5052,22.5033333333333
2019-07-01,"동대문구",163606,0.0371835602840563,0.456368061899536,5051,25.8774193548387
2019-08-01,"동대문구",163606,0.0371835602840563,0.457599637792,5051,27.1903225806452
2019-09-01,"동대문구",163606,0.0371835602840563,0.458613987262081,5051,22.6433333333333
2019-10-01,"동대문구",164191,0.0369763774068875,0.459399019955275,5063,16.3709677419355
2019-11-01,"동대문구",164191,0.0369763774068875,0.460091519219036,5063,7.58
2019-12-01,"동대문구",164191,0.0369763774068875,0.461078865467657,5063,1.41612903225806
2020-01-01,"동대문구",165279,0.036393995770693,0.462055622144209,5093,1.6258064516129
2020-02-01,"동대문구",165279,0.036393995770693,0.46408119191478,5093,2.53448275862069
2020-03-01,"동대문구",165279,0.036393995770693,0.464874545465546,5093,7.73548387096774
2020-04-01,"동대문구",166451,0.035761719710758,0.466184538050702,5116,11.1233333333333
2020-05-01,"동대문구",166451,0.035761719710758,0.468209763176434,5116,18.0064516129032
2020-06-01,"동대문구",166451,0.035761719710758,0.470204444551249,5116,23.8866666666667
2018-01-01,"동작구",173544,0.0432860913952728,0.398048769210318,4293,-3.97741935483871
2018-02-01,"동작구",173544,0.0432860913952728,0.40067742233301,4293,-1.64642857142857
2018-03-01,"동작구",173544,0.0432860913952728,0.402773936292813,4293,8.08064516129032
2018-04-01,"동작구",174427,0.042926836681966,0.404042147909006,4318,12.9866666666667
2018-05-01,"동작구",174427,0.042926836681966,0.404711572707115,4318,18.1677419354839
2018-06-01,"동작구",174427,0.042926836681966,0.405579411444329,4318,23.1366666666667
2018-07-01,"동작구",175873,0.0419505806383102,0.406971956631136,4308,27.7967741935484
2018-08-01,"동작구",175873,0.0419505806383102,0.409264122033049,4308,28.7612903225806
2018-09-01,"동작구",175873,0.0419505806383102,0.41053487459701,4308,21.4966666666667
2018-10-01,"동작구",177176,0.0412061493729225,0.412314205774022,4339,13.0548387096774
2018-11-01,"동작구",177176,0.0412061493729225,0.413385469794854,4339,7.79333333333333
2018-12-01,"동작구",177176,0.0412061493729225,0.414424075495552,4339,-0.606451612903226
2019-01-01,"동작구",179709,0.0403398464724257,0.415797334171785,4333,-0.896774193548387
2019-02-01,"동작구",179709,0.0403398464724257,0.417922691026378,4333,0.985714285714286
2019-03-01,"동작구",179709,0.0403398464724257,0.419812029447607,4333,7.09354838709677
2019-04-01,"동작구",180463,0.0400391090163832,0.420631129969232,4374,12.12
2019-05-01,"동작구",180463,0.0400391090163832,0.421525310034759,4374,19.4193548387097
2019-06-01,"동작구",180463,0.0400391090163832,0.42229709137053,4374,22.5033333333333
2019-07-01,"동작구",180841,0.039271360954484,0.423328754071481,4353,25.8774193548387
2019-08-01,"동작구",180841,0.039271360954484,0.424686354626892,4353,27.1903225806452
2019-09-01,"동작구",180841,0.039271360954484,0.426087004606256,4353,22.6433333333333
2019-10-01,"동작구",180753,0.0385717857476582,0.426798582038789,4363,16.3709677419355
2019-11-01,"동작구",180753,0.0385717857476582,0.427392985775698,4363,7.58
2019-12-01,"동작구",180753,0.0385717857476582,0.428153336320836,4363,1.41612903225806
2020-01-01,"동작구",181761,0.0377986603006476,0.429305216131636,4418,1.6258064516129
2020-02-01,"동작구",181761,0.0377986603006476,0.431780567998764,4418,2.53448275862069
2020-03-01,"동작구",181761,0.0377986603006476,0.433299772778539,4418,7.73548387096774
2020-04-01,"동작구",183537,0.0370933660622778,0.4346287231941,4425,11.1233333333333
2020-05-01,"동작구",183537,0.0370933660622778,0.436544200435063,4425,18.0064516129032
2020-06-01,"동작구",183537,0.0370933660622778,0.438625454268077,4425,23.8866666666667
2018-01-01,"마포구",170219,0.0455806928500141,0.425441958652247,9003,-3.97741935483871
2018-02-01,"마포구",170219,0.0455806928500141,0.427539471516977,9003,-1.64642857142857
2018-03-01,"마포구",170219,0.0455806928500141,0.42820131712676,9003,8.08064516129032
2018-04-01,"마포구",170788,0.0449917398603116,0.428902677413106,9072,12.9866666666667
2018-05-01,"마포구",170788,0.0449917398603116,0.429477029895734,9072,18.1677419354839
2018-06-01,"마포구",170788,0.0449917398603116,0.430416656907979,9072,23.1366666666667
2018-07-01,"마포구",171320,0.0441639535318867,0.431464420461525,9058,27.7967741935484
2018-08-01,"마포구",171320,0.0441639535318867,0.432856925827675,9058,28.7612903225806
2018-09-01,"마포구",171320,0.0441639535318867,0.434035722624329,9058,21.4966666666667
2018-10-01,"마포구",172505,0.043894986896024,0.43531623175586,9095,13.0548387096774
2018-11-01,"마포구",172505,0.043894986896024,0.436087168645308,9095,7.79333333333333
2018-12-01,"마포구",172505,0.043894986896024,0.437552534709139,9095,-0.606451612903226
2019-01-01,"마포구",173517,0.0429345305060436,0.438704453441296,9078,-0.896774193548387
2019-02-01,"마포구",173517,0.0429345305060436,0.440464721864887,9078,0.985714285714286
2019-03-01,"마포구",173517,0.0429345305060436,0.441582092820876,9078,7.09354838709677
2019-04-01,"마포구",173845,0.0424494287194663,0.442245536408732,9130,12.12
2019-05-01,"마포구",173845,0.0424494287194663,0.443716343719796,9130,19.4193548387097
2019-06-01,"마포구",173845,0.0424494287194663,0.444280824872731,9130,22.5033333333333
2019-07-01,"마포구",174181,0.041996204791384,0.445683684973426,9153,25.8774193548387
2019-08-01,"마포구",174181,0.041996204791384,0.446623833052441,9153,27.1903225806452
2019-09-01,"마포구",174181,0.041996204791384,0.447115357013681,9153,22.6433333333333
2019-10-01,"마포구",175023,0.0416190998168621,0.447726204532688,9232,16.3709677419355
2019-11-01,"마포구",175023,0.0416190998168621,0.448748533996968,9232,7.58
2019-12-01,"마포구",175023,0.0416190998168621,0.449295235483336,9232,1.41612903225806
2020-01-01,"마포구",176133,0.0406412686547241,0.450656656131263,9380,1.6258064516129
2020-02-01,"마포구",176133,0.0406412686547241,0.451193552426378,9380,2.53448275862069
2020-03-01,"마포구",176133,0.0406412686547241,0.452067471740105,9380,7.73548387096774
2020-04-01,"마포구",177544,0.0400064104276289,0.452408084587692,9432,11.1233333333333
2020-05-01,"마포구",177544,0.0400064104276289,0.454810133724539,9432,18.0064516129032
2020-06-01,"마포구",177544,0.0400064104276289,0.457103591222458,9432,23.8866666666667
2018-01-01,"서대문구",137758,0.0410840476320078,0.402398556208884,4546,-3.97741935483871
2018-02-01,"서대문구",137758,0.0410840476320078,0.403766130964917,4546,-1.64642857142857
2018-03-01,"서대문구",137758,0.0410840476320078,0.404666153689804,4546,8.08064516129032
2018-04-01,"서대문구",137725,0.0406675661783603,0.405316145141505,4552,12.9866666666667
2018-05-01,"서대문구",137725,0.0406675661783603,0.405991623051851,4552,18.1677419354839
2018-06-01,"서대문구",137725,0.0406675661783603,0.406186240697041,4552,23.1366666666667
2018-07-01,"서대문구",138027,0.039899028926152,0.407362747519358,4553,27.7967741935484
2018-08-01,"서대문구",138027,0.039899028926152,0.408578353118741,4553,28.7612903225806
2018-09-01,"서대문구",138027,0.039899028926152,0.409847348707137,4553,21.4966666666667
2018-10-01,"서대문구",138549,0.0396889592121503,0.411203244378463,4567,13.0548387096774
2018-11-01,"서대문구",138549,0.0396889592121503,0.411446467188867,4567,7.79333333333333
2018-12-01,"서대문구",138549,0.0396889592121503,0.41280702134263,4567,-0.606451612903226
2019-01-01,"서대문구",139811,0.0393012820307213,0.413212314026387,4545,-0.896774193548387
2019-02-01,"서대문구",139811,0.0393012820307213,0.414624361518458,4545,0.985714285714286
2019-03-01,"서대문구",139811,0.0393012820307213,0.415446567151369,4545,7.09354838709677
2019-04-01,"서대문구",140007,0.0388445287020227,0.415824241817636,4586,12.12
2019-05-01,"서대문구",140007,0.0388445287020227,0.416631538335131,4586,19.4193548387097
2019-06-01,"서대문구",140007,0.0388445287020227,0.416807731042019,4586,22.5033333333333
2019-07-01,"서대문구",140007,0.0381237724506481,0.417546466277126,4603,25.8774193548387
2019-08-01,"서대문구",140007,0.0381237724506481,0.417814580892229,4603,27.1903225806452
2019-09-01,"서대문구",140007,0.0381237724506481,0.418693351046733,4603,22.6433333333333
2019-10-01,"서대문구",140157,0.0377088336344567,0.419533660989827,4606,16.3709677419355
2019-11-01,"서대문구",140157,0.0377088336344567,0.420372883777413,4606,7.58
2019-12-01,"서대문구",140157,0.0377088336344567,0.420685374258867,4606,1.41612903225806
2020-01-01,"서대문구",142109,0.0377364525559586,0.420316444444444,4633,1.6258064516129
2020-02-01,"서대문구",142109,0.0377364525559586,0.420925969181549,4633,2.53448275862069
2020-03-01,"서대문구",142109,0.0377364525559586,0.421718539993948,4633,7.73548387096774
2020-04-01,"서대문구",143323,0.0372154003581479,0.423186189577649,4666,11.1233333333333
2020-05-01,"서대문구",143323,0.0372154003581479,0.424578387414926,4666,18.0064516129032
2020-06-01,"서대문구",143323,0.0372154003581479,0.426993573955332,4666,23.8866666666667
2018-01-01,"서초구",174225,0.0480548991504783,0.322970966962406,7899,-3.97741935483871
2018-02-01,"서초구",174225,0.0480548991504783,0.323557617765119,7899,-1.64642857142857
2018-03-01,"서초구",174225,0.0480548991504783,0.324230162146649,7899,8.08064516129032
2018-04-01,"서초구",174268,0.047064413746692,0.324945351899344,7937,12.9866666666667
2018-05-01,"서초구",174268,0.047064413746692,0.325122219927012,7937,18.1677419354839
2018-06-01,"서초구",174268,0.047064413746692,0.325412582918264,7937,23.1366666666667
2018-07-01,"서초구",173912,0.0461332351791352,0.326476229856541,7875,27.7967741935484
2018-08-01,"서초구",173912,0.0461332351791352,0.328037039590083,7875,28.7612903225806
2018-09-01,"서초구",173912,0.0461332351791352,0.328919223515341,7875,21.4966666666667
2018-10-01,"서초구",172918,0.0455397037914419,0.330011979910611,7866,13.0548387096774
2018-11-01,"서초구",172918,0.0455397037914419,0.330725211777545,7866,7.79333333333333
2018-12-01,"서초구",172918,0.0455397037914419,0.330867810175922,7866,-0.606451612903226
2019-01-01,"서초구",172929,0.0446088150068629,0.331233768862823,7804,-0.896774193548387
2019-02-01,"서초구",172929,0.0446088150068629,0.3325998313523,7804,0.985714285714286
2019-03-01,"서초구",172929,0.0446088150068629,0.332720365005291,7804,7.09354838709677
2019-04-01,"서초구",172907,0.0439563241839763,0.33371492004024,7793,12.12
2019-05-01,"서초구",172907,0.0439563241839763,0.334289083635859,7793,19.4193548387097
2019-06-01,"서초구",172907,0.0439563241839763,0.334295314822419,7793,22.5033333333333
2019-07-01,"서초구",173215,0.0430692276817926,0.334805122751861,7780,25.8774193548387
2019-08-01,"서초구",173215,0.0430692276817926,0.336201970528649,7780,27.1903225806452
2019-09-01,"서초구",173215,0.0430692276817926,0.336350777934936,7780,22.6433333333333
2019-10-01,"서초구",173199,0.0428363190708082,0.336563057574935,7846,16.3709677419355
2019-11-01,"서초구",173199,0.0428363190708082,0.336277460387146,7846,7.58
2019-12-01,"서초구",173199,0.0428363190708082,0.336497323887551,7846,1.41612903225806
2020-01-01,"서초구",173580,0.0421002025231787,0.336666897363139,7938,1.6258064516129
2020-02-01,"서초구",173580,0.0421002025231787,0.337311026002822,7938,2.53448275862069
2020-03-01,"서초구",173580,0.0421002025231787,0.337694434842724,7938,7.73548387096774
2020-04-01,"서초구",173998,0.0411103261921249,0.338445849009858,7947,11.1233333333333
2020-05-01,"서초구",173998,0.0411103261921249,0.339610811681402,7947,18.0064516129032
2020-06-01,"서초구",173998,0.0411103261921249,0.34087748135036,7947,23.8866666666667
2018-01-01,"성동구",134543,0.0482722847859277,0.390796574422253,3888,-3.97741935483871
2018-02-01,"성동구",134543,0.0482722847859277,0.392303433001107,3888,-1.64642857142857
2018-03-01,"성동구",134543,0.0482722847859277,0.393532179303271,3888,8.08064516129032
2018-04-01,"성동구",135666,0.0480286691812793,0.394215187906502,3930,12.9866666666667
2018-05-01,"성동구",135666,0.0480286691812793,0.394943832672324,3930,18.1677419354839
2018-06-01,"성동구",135666,0.0480286691812793,0.394874176285879,3930,23.1366666666667
2018-07-01,"성동구",136831,0.0476441466640367,0.395338235294118,3952,27.7967741935484
2018-08-01,"성동구",136831,0.0476441466640367,0.396185912933902,3952,28.7612903225806
2018-09-01,"성동구",136831,0.0476441466640367,0.397234544803444,3952,21.4966666666667
2018-10-01,"성동구",137209,0.0470960771654105,0.398449578483708,4000,13.0548387096774
2018-11-01,"성동구",137209,0.0470960771654105,0.39932360037027,4000,7.79333333333333
2018-12-01,"성동구",137209,0.0470960771654105,0.400411051753165,4000,-0.606451612903226
2019-01-01,"성동구",137247,0.0458708110860172,0.401194025498786,4001,-0.896774193548387
2019-02-01,"성동구",137247,0.0458708110860172,0.403334595886021,4001,0.985714285714286
2019-03-01,"성동구",137247,0.0458708110860172,0.4048613084439,4001,7.09354838709677
2019-04-01,"성동구",136872,0.0454685573366215,0.405113350309734,4040,12.12
2019-05-01,"성동구",136872,0.0454685573366215,0.405593180756656,4040,19.4193548387097
2019-06-01,"성동구",136872,0.0454685573366215,0.406007072301128,4040,22.5033333333333
2019-07-01,"성동구",136466,0.0451282829415684,0.406223711257251,4084,25.8774193548387
2019-08-01,"성동구",136466,0.0451282829415684,0.406963804615204,4084,27.1903225806452
2019-09-01,"성동구",136466,0.0451282829415684,0.407324901440652,4084,22.6433333333333
2019-10-01,"성동구",135838,0.0448603970234871,0.408073658550912,4132,16.3709677419355
2019-11-01,"성동구",135838,0.0448603970234871,0.408558823529412,4132,7.58
2019-12-01,"성동구",135838,0.0448603970234871,0.408773686302802,4132,1.41612903225806
2020-01-01,"성동구",135643,0.0438433397315427,0.409240267586126,4191,1.6258064516129
2020-02-01,"성동구",135643,0.0438433397315427,0.410531896875483,4191,2.53448275862069
2020-03-01,"성동구",135643,0.0438433397315427,0.410806307734273,4191,7.73548387096774
2020-04-01,"성동구",135937,0.0431342616099019,0.411321673317941,4226,11.1233333333333
2020-05-01,"성동구",135937,0.0431342616099019,0.412911164819618,4226,18.0064516129032
2020-06-01,"성동구",135937,0.0431342616099019,0.415045204763972,4226,23.8866666666667
2018-01-01,"성북구",187234,0.042080293786435,0.371137108896485,4850,-3.97741935483871
2018-02-01,"성북구",187234,0.042080293786435,0.373115195410771,4850,-1.64642857142857
2018-03-01,"성북구",187234,0.042080293786435,0.373970539538759,4850,8.08064516129032
2018-04-01,"성북구",186696,0.0413607951448196,0.374328607083496,4876,12.9866666666667
2018-05-01,"성북구",186696,0.0413607951448196,0.374335928095658,4876,18.1677419354839
2018-06-01,"성북구",186696,0.0413607951448196,0.374507220293954,4876,23.1366666666667
2018-07-01,"성북구",186744,0.040268839420041,0.375341746094713,4844,27.7967741935484
2018-08-01,"성북구",186744,0.040268839420041,0.376803364315753,4844,28.7612903225806
2018-09-01,"성북구",186744,0.040268839420041,0.378127275842865,4844,21.4966666666667
2018-10-01,"성북구",186601,0.0394821367937082,0.379495719127655,4843,13.0548387096774
2018-11-01,"성북구",186601,0.0394821367937082,0.380088727911786,4843,7.79333333333333
2018-12-01,"성북구",186601,0.0394821367937082,0.380512430265647,4843,-0.606451612903226
2019-01-01,"성북구",188670,0.0389302787253705,0.381255994127764,4846,-0.896774193548387
2019-02-01,"성북구",188670,0.0389302787253705,0.383487580192355,4846,0.985714285714286
2019-03-01,"성북구",188670,0.0389302787253705,0.383972014628717,4846,7.09354838709677
2019-04-01,"성북구",190253,0.0385947224890269,0.384215635584725,4880,12.12
2019-05-01,"성북구",190253,0.0385947224890269,0.38473890085129,4880,19.4193548387097
2019-06-01,"성북구",190253,0.0385947224890269,0.384961078143314,4880,22.5033333333333
2019-07-01,"성북구",191465,0.0381960642224688,0.384686782242079,4875,25.8774193548387
2019-08-01,"성북구",191465,0.0381960642224688,0.385967757121784,4875,27.1903225806452
2019-09-01,"성북구",191465,0.0381960642224688,0.386827879769148,4875,22.6433333333333
2019-10-01,"성북구",192592,0.038224330735344,0.387047793372056,4851,16.3709677419355
2019-11-01,"성북구",192592,0.038224330735344,0.387456826031631,4851,7.58
2019-12-01,"성북구",192592,0.038224330735344,0.388214463736812,4851,1.41612903225806
2020-01-01,"성북구",193801,0.0374671746961541,0.389250501791929,4837,1.6258064516129
2020-02-01,"성북구",193801,0.0374671746961541,0.391328409467064,4837,2.53448275862069
2020-03-01,"성북구",193801,0.0374671746961541,0.392392196118699,4837,7.73548387096774
2020-04-01,"성북구",195064,0.036857305822386,0.393281640433808,4839,11.1233333333333
2020-05-01,"성북구",195064,0.036857305822386,0.395219143964875,4839,18.0064516129032
2020-06-01,"성북구",195064,0.036857305822386,0.396772341385391,4839,23.8866666666667
2018-01-01,"송파구",266550,0.0479931818386789,0.322866371918239,8009,-3.97741935483871
2018-02-01,"송파구",266550,0.0479931818386789,0.324343834241307,8009,-1.64642857142857
2018-03-01,"송파구",266550,0.0479931818386789,0.325935096604765,8009,8.08064516129032
2018-04-01,"송파구",268325,0.0473066552227586,0.327431540955619,8054,12.9866666666667
2018-05-01,"송파구",268325,0.0473066552227586,0.328228217007921,8054,18.1677419354839
2018-06-01,"송파구",268325,0.0473066552227586,0.328881021149725,8054,23.1366666666667
2018-07-01,"송파구",269558,0.0466477330662236,0.329193979211464,8021,27.7967741935484
2018-08-01,"송파구",269558,0.0466477330662236,0.330283782779883,8021,28.7612903225806
2018-09-01,"송파구",269558,0.0466477330662236,0.331283063385245,8021,21.4966666666667
2018-10-01,"송파구",270866,0.0460236861250909,0.332760663507109,8100,13.0548387096774
2018-11-01,"송파구",270866,0.0460236861250909,0.333854894910891,8100,7.79333333333333
2018-12-01,"송파구",270866,0.0460236861250909,0.334977442720755,8100,-0.606451612903226
2019-01-01,"송파구",276815,0.0459602576780969,0.335944251585593,8123,-0.896774193548387
2019-02-01,"송파구",276815,0.0459602576780969,0.336056993312009,8123,0.985714285714286
2019-03-01,"송파구",276815,0.0459602576780969,0.336556906237018,8123,7.09354838709677
2019-04-01,"송파구",278223,0.0456903011717387,0.337381707444377,8181,12.12
2019-05-01,"송파구",278223,0.0456903011717387,0.338268534856059,8181,19.4193548387097
2019-06-01,"송파구",278223,0.0456903011717387,0.338897215542928,8181,22.5033333333333
2019-07-01,"송파구",278340,0.0449527593805951,0.339812977977115,8234,25.8774193548387
2019-08-01,"송파구",278340,0.0449527593805951,0.340507202622272,8234,27.1903225806452
2019-09-01,"송파구",278340,0.0449527593805951,0.340745131853129,8234,22.6433333333333
2019-10-01,"송파구",278711,0.0445454693392074,0.341308365513919,8407,16.3709677419355
2019-11-01,"송파구",278711,0.0445454693392074,0.342234745698749,8407,7.58
2019-12-01,"송파구",278711,0.0445454693392074,0.34343459712749,8407,1.41612903225806
2020-01-01,"송파구",279301,0.043645183542379,0.34401745379509,8423,1.6258064516129
2020-02-01,"송파구",279301,0.043645183542379,0.345306359126345,8423,2.53448275862069
2020-03-01,"송파구",279301,0.043645183542379,0.346253683302244,8423,7.73548387096774
2020-04-01,"송파구",280135,0.0428451018001168,0.34709439633579,8505,11.1233333333333
2020-05-01,"송파구",280135,0.0428451018001168,0.348188280197415,8505,18.0064516129032
2020-06-01,"송파구",280135,0.0428451018001168,0.349360129937352,8505,23.8866666666667
2018-01-01,"양천구",176559,0.0415752918134525,0.268632889895273,4055,-3.97741935483871
2018-02-01,"양천구",176559,0.0415752918134525,0.269231857405574,4055,-1.64642857142857
2018-03-01,"양천구",176559,0.0415752918134525,0.269790834791769,4055,8.08064516129032
2018-04-01,"양천구",176234,0.0407362929759328,0.270016775100311,4040,12.9866666666667
2018-05-01,"양천구",176234,0.0407362929759328,0.270513184009073,4040,18.1677419354839
2018-06-01,"양천구",176234,0.0407362929759328,0.270503989014606,4040,23.1366666666667
2018-07-01,"양천구",176598,0.0397943881524325,0.271261146785868,4011,27.7967741935484
2018-08-01,"양천구",176598,0.0397943881524325,0.272139698378501,4011,28.7612903225806
2018-09-01,"양천구",176598,0.0397943881524325,0.273174101631955,4011,21.4966666666667
2018-10-01,"양천구",176498,0.0390921723019917,0.274097101892434,4015,13.0548387096774
2018-11-01,"양천구",176498,0.0390921723019917,0.275102789765198,4015,7.79333333333333
2018-12-01,"양천구",176498,0.0390921723019917,0.275442214642659,4015,-0.606451612903226
2019-01-01,"양천구",176680,0.03845447136721,0.276388542681683,3996,-0.896774193548387
2019-02-01,"양천구",176680,0.03845447136721,0.277126033291813,3996,0.985714285714286
2019-03-01,"양천구",176680,0.03845447136721,0.277926194249491,3996,7.09354838709677
2019-04-01,"양천구",177045,0.0377355216668004,0.278857194572183,3998,12.12
2019-05-01,"양천구",177045,0.0377355216668004,0.280089270580259,3998,19.4193548387097
2019-06-01,"양천구",177045,0.0377355216668004,0.280911632635771,3998,22.5033333333333
2019-07-01,"양천구",177339,0.0369969272522067,0.282030734154641,4021,25.8774193548387
2019-08-01,"양천구",177339,0.0369969272522067,0.283512158817327,4021,27.1903225806452
2019-09-01,"양천구",177339,0.0369969272522067,0.284229639278444,4021,22.6433333333333
2019-10-01,"양천구",177256,0.0363384370259623,0.284602017557717,4033,16.3709677419355
2019-11-01,"양천구",177256,0.0363384370259623,0.285093560255513,4033,7.58
2019-12-01,"양천구",177256,0.0363384370259623,0.285857742474162,4033,1.41612903225806
2020-01-01,"양천구",177436,0.0356314055997844,0.286286274996334,4107,1.6258064516129
2020-02-01,"양천구",177436,0.0356314055997844,0.287315767225588,4107,2.53448275862069
2020-03-01,"양천구",177436,0.0356314055997844,0.287760093780293,4107,7.73548387096774
2020-04-01,"양천구",179677,0.0354381344810494,0.288549678273504,4157,11.1233333333333
2020-05-01,"양천구",179677,0.0354381344810494,0.289869793556093,4157,18.0064516129032
2020-06-01,"양천구",179677,0.0354381344810494,0.292012889796691,4157,23.8866666666667
2018-01-01,"영등포구",168784,0.0461384668732797,0.433835356917321,7551,-3.97741935483871
2018-02-01,"영등포구",168784,0.0461384668732797,0.435506381361317,7551,-1.64642857142857
2018-03-01,"영등포구",168784,0.0461384668732797,0.436883827850981,7551,8.08064516129032
2018-04-01,"영등포구",169264,0.0457150754871912,0.438051134649847,7577,12.9866666666667
2018-05-01,"영등포구",169264,0.0457150754871912,0.438216522869637,7577,18.1677419354839
2018-06-01,"영등포구",169264,0.0457150754871912,0.438634322714812,7577,23.1366666666667
2018-07-01,"영등포구",170208,0.0448888563312415,0.439675215087392,7523,27.7967741935484
2018-08-01,"영등포구",170208,0.0448888563312415,0.441686731383965,7523,28.7612903225806
2018-09-01,"영등포구",170208,0.0448888563312415,0.443357539011092,7523,21.4966666666667
2018-10-01,"영등포구",171085,0.0440238404689786,0.445567259419134,7562,13.0548387096774
2018-11-01,"영등포구",171085,0.0440238404689786,0.446960332292478,7562,7.79333333333333
2018-12-01,"영등포구",171085,0.0440238404689786,0.448870444515884,7562,-0.606451612903226
2019-01-01,"영등포구",172828,0.0435248248487083,0.450471601931849,7519,-0.896774193548387
2019-02-01,"영등포구",172828,0.0435248248487083,0.453010594228292,7519,0.985714285714286
2019-03-01,"영등포구",172828,0.0435248248487083,0.454318744647858,7519,7.09354838709677
2019-04-01,"영등포구",173701,0.043347596452196,0.455405623974676,7543,12.12
2019-05-01,"영등포구",173701,0.043347596452196,0.456378275879956,7543,19.4193548387097
2019-06-01,"영등포구",173701,0.043347596452196,0.457349122918118,7543,22.5033333333333
2019-07-01,"영등포구",174309,0.0428092138479161,0.458520179372197,7541,25.8774193548387
2019-08-01,"영등포구",174309,0.0428092138479161,0.459672138680513,7541,27.1903225806452
2019-09-01,"영등포구",174309,0.0428092138479161,0.460963002484094,7541,22.6433333333333
2019-10-01,"영등포구",174806,0.0422298859327999,0.46221623480853,7578,16.3709677419355
2019-11-01,"영등포구",174806,0.0422298859327999,0.462686396093848,7578,7.58
2019-12-01,"영등포구",174806,0.0422298859327999,0.464131665961123,7578,1.41612903225806
2020-01-01,"영등포구",177743,0.0419840657375714,0.465364049829659,7739,1.6258064516129
2020-02-01,"영등포구",177743,0.0419840657375714,0.466564755838641,7739,2.53448275862069
2020-03-01,"영등포구",177743,0.0419840657375714,0.46678068897228,7739,7.73548387096774
2020-04-01,"영등포구",179787,0.0414036196695317,0.467208380298672,7752,11.1233333333333
2020-05-01,"영등포구",179787,0.0414036196695317,0.468428608937081,7752,18.0064516129032
2020-06-01,"영등포구",179787,0.0414036196695317,0.470039546797043,7752,23.8866666666667
2018-01-01,"용산구",108497,0.039698315420449,0.460506209540744,4985,-3.97741935483871
2018-02-01,"용산구",108497,0.039698315420449,0.46168267454747,4985,-1.64642857142857
2018-03-01,"용산구",108497,0.039698315420449,0.462169460906753,4985,8.08064516129032
2018-04-01,"용산구",108516,0.0392725436155993,0.46219540282832,5011,12.9866666666667
2018-05-01,"용산구",108516,0.0392725436155993,0.462303780676542,5011,18.1677419354839
2018-06-01,"용산구",108516,0.0392725436155993,0.462392642559623,5011,23.1366666666667
2018-07-01,"용산구",108777,0.0385019464582307,0.462930208563638,4998,27.7967741935484
2018-08-01,"용산구",108777,0.0385019464582307,0.463713833468306,4998,28.7612903225806
2018-09-01,"용산구",108777,0.0385019464582307,0.464877685540142,4998,21.4966666666667
2018-10-01,"용산구",108974,0.0377949248686675,0.465106453331374,5022,13.0548387096774
2018-11-01,"용산구",108974,0.0377949248686675,0.465383979878463,5022,7.79333333333333
2018-12-01,"용산구",108974,0.0377949248686675,0.466331418503496,5022,-0.606451612903226
2019-01-01,"용산구",109413,0.0370732388466103,0.467154087185971,5034,-0.896774193548387
2019-02-01,"용산구",109413,0.0370732388466103,0.46752569777225,5034,0.985714285714286
2019-03-01,"용산구",109413,0.0370732388466103,0.468399550327658,5034,7.09354838709677
2019-04-01,"용산구",109692,0.0367664388404431,0.468686573168279,5047,12.12
2019-05-01,"용산구",109692,0.0367664388404431,0.469358123224999,5047,19.4193548387097
2019-06-01,"용산구",109692,0.0367664388404431,0.469560223170331,5047,22.5033333333333
2019-07-01,"용산구",109911,0.0362714679019359,0.470271599540959,5041,25.8774193548387
2019-08-01,"용산구",109911,0.0362714679019359,0.471014229047636,5041,27.1903225806452
2019-09-01,"용산구",109911,0.0362714679019359,0.472054662408676,5041,22.6433333333333
2019-10-01,"용산구",110126,0.0361044299645778,0.472891210001001,5062,16.3709677419355
2019-11-01,"용산구",110126,0.0361044299645778,0.473509512203994,5062,7.58
2019-12-01,"용산구",110126,0.0361044299645778,0.473484917276574,5062,1.41612903225806
2020-01-01,"용산구",110895,0.0356652829744881,0.473478367147397,5146,1.6258064516129
2020-02-01,"용산구",110895,0.0356652829744881,0.474442538593482,5146,2.53448275862069
2020-03-01,"용산구",110895,0.0356652829744881,0.475152170972542,5146,7.73548387096774
2020-04-01,"용산구",111586,0.0351914083101237,0.476471806695066,5177,11.1233333333333
2020-05-01,"용산구",111586,0.0351914083101237,0.477519560901553,5177,18.0064516129032
2020-06-01,"용산구",111586,0.0351914083101237,0.478599465882817,5177,23.8866666666667
2018-01-01,"은평구",203431,0.0411626212693094,0.349329340078519,4603,-3.97741935483871
2018-02-01,"은평구",203431,0.0411626212693094,0.350489195397776,4603,-1.64642857142857
2018-03-01,"은평구",203431,0.0411626212693094,0.35095437765139,4603,8.08064516129032
2018-04-01,"은평구",203547,0.0402358854577193,0.351650295564324,4599,12.9866666666667
2018-05-01,"은평구",203547,0.0402358854577193,0.352084582051862,4599,18.1677419354839
2018-06-01,"은평구",203547,0.0402358854577193,0.352400182758773,4599,23.1366666666667
2018-07-01,"은평구",203951,0.0395517741411659,0.353140599819189,4576,27.7967741935484
2018-08-01,"은평구",203951,0.0395517741411659,0.354542421447216,4576,28.7612903225806
2018-09-01,"은평구",203951,0.0395517741411659,0.35545792862011,4576,21.4966666666667
2018-10-01,"은평구",205001,0.0389199436254778,0.356870975948649,4618,13.0548387096774
2018-11-01,"은평구",205001,0.0389199436254778,0.357831142889237,4618,7.79333333333333
2018-12-01,"은평구",205001,0.0389199436254778,0.358617762840181,4618,-0.606451612903226
2019-01-01,"은평구",206527,0.0384555024634814,0.359644298209323,4636,-0.896774193548387
2019-02-01,"은평구",206527,0.0384555024634814,0.360672919689257,4636,0.985714285714286
2019-03-01,"은평구",206527,0.0384555024634814,0.361637945643911,4636,7.09354838709677
2019-04-01,"은평구",207123,0.0380646228267835,0.362396963910174,4649,12.12
2019-05-01,"은평구",207123,0.0380646228267835,0.363173480577576,4649,19.4193548387097
2019-06-01,"은평구",207123,0.0380646228267835,0.363725902000261,4649,22.5033333333333
2019-07-01,"은평구",207410,0.0372895572215429,0.365754871186588,4633,25.8774193548387
2019-08-01,"은평구",207410,0.0372895572215429,0.367098564362408,4633,27.1903225806452
2019-09-01,"은평구",207410,0.0372895572215429,0.367740224675763,4633,22.6433333333333
2019-10-01,"은평구",207681,0.0366725551629891,0.368363716993319,4665,16.3709677419355
2019-11-01,"은평구",207681,0.0366725551629891,0.369257763166774,4665,7.58
2019-12-01,"은평구",207681,0.0366725551629891,0.370698330612815,4665,1.41612903225806
2020-01-01,"은평구",208209,0.0357747286195737,0.371809800600508,4734,1.6258064516129
2020-02-01,"은평구",208209,0.0357747286195737,0.373215855644646,4734,2.53448275862069
2020-03-01,"은평구",208209,0.0357747286195737,0.374349811967782,4734,7.73548387096774
2020-04-01,"은평구",210664,0.0355331537107632,0.375713101915496,4786,11.1233333333333
2020-05-01,"은평구",210664,0.0355331537107632,0.377363264838439,4786,18.0064516129032
2020-06-01,"은평구",210664,0.0355331537107632,0.378726312991304,4786,23.8866666666667
2018-01-01,"종로구",73879,0.03268219140855,0.482626899758027,6971,-3.97741935483871
2018-02-01,"종로구",73879,0.03268219140855,0.482628788908523,6971,-1.64642857142857
2018-03-01,"종로구",73879,0.03268219140855,0.48552362647031,6971,8.08064516129032
2018-04-01,"종로구",73655,0.0323774222915854,0.485871345979393,7019,12.9866666666667
2018-05-01,"종로구",73655,0.0323774222915854,0.486119955020254,7019,18.1677419354839
2018-06-01,"종로구",73655,0.0323774222915854,0.485710406625484,7019,23.1366666666667
2018-07-01,"종로구",73696,0.0315001694959451,0.48541207820105,6993,27.7967741935484
2018-08-01,"종로구",73696,0.0315001694959451,0.485841297461901,6993,28.7612903225806
2018-09-01,"종로구",73696,0.0315001694959451,0.487136343899262,6993,21.4966666666667
2018-10-01,"종로구",73735,0.030954169797145,0.48749186021272,7016,13.0548387096774
2018-11-01,"종로구",73735,0.030954169797145,0.487634474244706,7016,7.79333333333333
2018-12-01,"종로구",73735,0.030954169797145,0.488397640198006,7016,-0.606451612903226
2019-01-01,"종로구",73914,0.0303381376899815,0.488431423104585,6999,-0.896774193548387
2019-02-01,"종로구",73914,0.0303381376899815,0.489392256211559,6999,0.985714285714286
2019-03-01,"종로구",73914,0.0303381376899815,0.490813648293963,6999,7.09354838709677
2019-04-01,"종로구",73828,0.0298896241432387,0.491544928988235,7047,12.12
2019-05-01,"종로구",73828,0.0298896241432387,0.492320819112628,7047,19.4193548387097
2019-06-01,"종로구",73828,0.0298896241432387,0.49290242184537,7047,22.5033333333333
2019-07-01,"종로구",73942,0.0296638926775913,0.492898766770565,7078,25.8774193548387
2019-08-01,"종로구",73942,0.0296638926775913,0.493157367009024,7078,27.1903225806452
2019-09-01,"종로구",73942,0.0296638926775913,0.494860836872143,7078,22.6433333333333
2019-10-01,"종로구",73947,0.0291955846387732,0.49507482477742,7077,16.3709677419355
2019-11-01,"종로구",73947,0.0291955846387732,0.495476734594529,7077,7.58
2019-12-01,"종로구",73947,0.0291955846387732,0.496517776245149,7077,1.41612903225806
2020-01-01,"종로구",74151,0.0283632131307988,0.495935069327021,7256,1.6258064516129
2020-02-01,"종로구",74151,0.0283632131307988,0.496190630572216,7256,2.53448275862069
2020-03-01,"종로구",74151,0.0283632131307988,0.497457889981254,7256,7.73548387096774
2020-04-01,"종로구",74497,0.0278621918700917,0.499656792150635,7217,11.1233333333333
2020-05-01,"종로구",74497,0.0278621918700917,0.501935275776798,7217,18.0064516129032
2020-06-01,"종로구",74497,0.0278621918700917,0.503416244949461,7217,23.8866666666667
2018-01-01,"중구",60903,0.0387604892054377,0.477313284864508,6625,-3.97741935483871
2018-02-01,"중구",60903,0.0387604892054377,0.477813112755195,6625,-1.64642857142857
2018-03-01,"중구",60903,0.0387604892054377,0.478728469861912,6625,8.08064516129032
2018-04-01,"중구",61091,0.0380617620921671,0.479054198185189,6647,12.9866666666667
2018-05-01,"중구",61091,0.0380617620921671,0.479113789320277,6647,18.1677419354839
2018-06-01,"중구",61091,0.0380617620921671,0.479579643482673,6647,23.1366666666667
2018-07-01,"중구",61232,0.0377300003974089,0.479819893573475,6606,27.7967741935484
2018-08-01,"중구",61232,0.0377300003974089,0.480524154628887,6606,28.7612903225806
2018-09-01,"중구",61232,0.0377300003974089,0.481921217663967,6606,21.4966666666667
2018-10-01,"중구",61502,0.0372320540862995,0.483352618112482,6607,13.0548387096774
2018-11-01,"중구",61502,0.0372320540862995,0.483962356312482,6607,7.79333333333333
2018-12-01,"중구",61502,0.0372320540862995,0.485057396507431,6607,-0.606451612903226
2019-01-01,"중구",61800,0.0368185355163488,0.485554762059339,6618,-0.896774193548387
2019-02-01,"중구",61800,0.0368185355163488,0.486773514651125,6618,0.985714285714286
2019-03-01,"중구",61800,0.0368185355163488,0.48705501618123,6618,7.09354838709677
2019-04-01,"중구",62156,0.0363634922270756,0.48821086313612,6646,12.12
2019-05-01,"중구",62156,0.0363634922270756,0.488193557771564,6646,19.4193548387097
2019-06-01,"중구",62156,0.0363634922270756,0.489494175944398,6646,22.5033333333333
2019-07-01,"중구",62593,0.035907253439233,0.49141338967046,6685,25.8774193548387
2019-08-01,"중구",62593,0.035907253439233,0.492558310552651,6685,27.1903225806452
2019-09-01,"중구",62593,0.035907253439233,0.492483185020689,6685,22.6433333333333
2019-10-01,"중구",62739,0.0353409262033272,0.493403398926655,6703,16.3709677419355
2019-11-01,"중구",62739,0.0353409262033272,0.49392492775374,6703,7.58
2019-12-01,"중구",62739,0.0353409262033272,0.495210315752562,6703,1.41612903225806
2020-01-01,"중구",63045,0.0339845452744204,0.495351354793517,6957,1.6258064516129
2020-02-01,"중구",63045,0.0339845452744204,0.49774660403707,6957,2.53448275862069
2020-03-01,"중구",63045,0.0339845452744204,0.498025220080895,6957,7.73548387096774
2020-04-01,"중구",63354,0.0333010817498335,0.497614556751359,6980,11.1233333333333
2020-05-01,"중구",63354,0.0333010817498335,0.498576715058355,6980,18.0064516129032
2020-06-01,"중구",63354,0.0333010817498335,0.499463333017647,6980,23.8866666666667
2018-01-01,"중랑구",179600,0.0409346520247353,0.387981069738369,4377,-3.97741935483871
2018-02-01,"중랑구",179600,0.0409346520247353,0.389819641513116,4377,-1.64642857142857
2018-03-01,"중랑구",179600,0.0409346520247353,0.391163697104677,4377,8.08064516129032
2018-04-01,"중랑구",179690,0.0400294907422248,0.392309832507929,4351,12.9866666666667
2018-05-01,"중랑구",179690,0.0400294907422248,0.39268946642339,4351,18.1677419354839
2018-06-01,"중랑구",179690,0.0400294907422248,0.39300461906617,4351,23.1366666666667
2018-07-01,"중랑구",180044,0.0391182079230695,0.394157700909,4344,27.7967741935484
2018-08-01,"중랑구",180044,0.0391182079230695,0.395261069177496,4344,28.7612903225806
2018-09-01,"중랑구",180044,0.0391182079230695,0.396464197640577,4344,21.4966666666667
2018-10-01,"중랑구",180511,0.0384961645201372,0.397846240908107,4344,13.0548387096774
2018-11-01,"중랑구",180511,0.0384961645201372,0.398469727212242,4344,7.79333333333333
2018-12-01,"중랑구",180511,0.0384961645201372,0.399344084294032,4344,-0.606451612903226
2019-01-01,"중랑구",181182,0.037694895363784,0.40047582162222,4325,-0.896774193548387
2019-02-01,"중랑구",181182,0.037694895363784,0.401975843435404,4325,0.985714285714286
2019-03-01,"중랑구",181182,0.037694895363784,0.403439635283858,4325,7.09354838709677
2019-04-01,"중랑구",181383,0.0372135046835105,0.404537227115202,4360,12.12
2019-05-01,"중랑구",181383,0.0372135046835105,0.405364246814944,4360,19.4193548387097
2019-06-01,"중랑구",181383,0.0372135046835105,0.406195729478507,4360,22.5033333333333
2019-07-01,"중랑구",181448,0.0364758332246773,0.407291195641385,4344,25.8774193548387
2019-08-01,"중랑구",181448,0.0364758332246773,0.408374913852516,4344,27.1903225806452
2019-09-01,"중랑구",181448,0.0364758332246773,0.409412062960187,4344,22.6433333333333
2019-10-01,"중랑구",181579,0.0358198052970291,0.410536877970251,4368,16.3709677419355
2019-11-01,"중랑구",181579,0.0358198052970291,0.411659316427784,4368,7.58
2019-12-01,"중랑구",181579,0.0358198052970291,0.412729445585668,4368,1.41612903225806
2020-01-01,"중랑구",182220,0.0347076353764607,0.413684025218128,4403,1.6258064516129
2020-02-01,"중랑구",182220,0.0347076353764607,0.415361965347133,4403,2.53448275862069
2020-03-01,"중랑구",182220,0.0347076353764607,0.416792887718143,4403,7.73548387096774
2020-04-01,"중랑구",183310,0.0340505154482346,0.417868477742514,4433,11.1233333333333
2020-05-01,"중랑구",183310,0.0340505154482346,0.419799923467993,4433,18.0064516129032
2020-06-01,"중랑구",183310,0.0340505154482346,0.42221373629371,4433,23.8866666666667
2020-07-01,"강동구",189114.117241379,0.0409899757833835,0.356043350651196,5394.52413793103,26.8370967741936
2020-08-01,"강동구",189638.163515017,0.0409129292295532,0.356577796402317,5397.89988876529,27.9758064516129
2020-09-01,"강동구",190162.209788654,0.0408358826757229,0.357112242153439,5401.27563959955,22.07
2020-10-01,"강동구",190686.256062291,0.0407588361218926,0.35764668790456,5404.65139043382,14.7129032258064
2020-11-01,"강동구",191210.302335929,0.0406817895680623,0.358181133655682,5408.02714126808,7.68666666666667
2020-12-01,"강동구",191734.348609566,0.040604743014232,0.358715579406803,5411.40289210234,0.404838709677417
2021-01-01,"강동구",192258.394883204,0.0405276964604017,0.359250025157925,5414.7786429366,-1.08279569892473
2021-02-01,"강동구",192782.441156841,0.0404506499065714,0.359784470909046,5418.15439377086,0.624589490968802
2021-03-01,"강동구",193306.487430478,0.0403736033527411,0.360318916660168,5421.53014460512,7.63655913978494
2021-04-01,"강동구",193830.533704116,0.0402965567989108,0.360853362411289,5424.90589543938,12.0766666666667
2021-05-01,"강동구",194354.579977753,0.0402195102450806,0.361387808162411,5428.28164627364,18.5311827956989
2021-06-01,"강동구",194878.62625139,0.0401424636912503,0.361922253913532,5431.6573971079,23.1755555555556
2020-07-01,"강서구",265675.682758621,0.039629395809416,0.406025275275529,6624.65517241379,26.8370967741936
2020-08-01,"강서구",266016.623581757,0.0392791483518401,0.407533470456694,6644.46518353727,27.9758064516129
2020-09-01,"강서구",266357.564404894,0.0389289008942643,0.40904166563786,6664.27519466074,22.07
2020-10-01,"강서구",266698.505228031,0.0385786534366884,0.410549860819025,6684.08520578421,14.7129032258064
2020-11-01,"강서구",267039.446051168,0.0382284059791125,0.41205805600019,6703.89521690768,7.68666666666667
2020-12-01,"강서구",267380.386874305,0.0378781585215366,0.413566251181355,6723.70522803115,0.404838709677417
2021-01-01,"강서구",267721.327697442,0.0375279110639608,0.41507444636252,6743.51523915462,-1.08279569892473
2021-02-01,"강서구",268062.268520578,0.0371776636063849,0.416582641543685,6763.32525027809,0.624589490968802
2021-03-01,"강서구",268403.209343715,0.036827416148809,0.41809083672485,6783.13526140156,7.63655913978494
2021-04-01,"강서구",268744.150166852,0.0364771686912332,0.419599031906016,6802.94527252503,12.0766666666667
2021-05-01,"강서구",269085.090989989,0.0361269212336573,0.421107227087181,6822.7552836485,18.5311827956989
2021-06-01,"강서구",269426.031813126,0.0357766737760814,0.422615422268346,6842.56529477197,23.1755555555556
2020-07-01,"관악구",273872.724137931,0.0263388133712897,0.575847009075846,5889.02068965517,26.8370967741936
2020-08-01,"관악구",274411.919243604,0.0260600532314455,0.577462648929455,5896.08654060067,27.9758064516129
2020-09-01,"관악구",274951.114349277,0.0257812930916012,0.579078288783063,5903.15239154616,22.07
2020-10-01,"관악구",275490.30945495,0.025502532951757,0.580693928636672,5910.21824249166,14.7129032258064
2020-11-01,"관악구",276029.504560623,0.0252237728119128,0.58230956849028,5917.28409343715,7.68666666666667
2020-12-01,"관악구",276568.699666296,0.0249450126720685,0.583925208343889,5924.34994438265,0.404838709677417
2021-01-01,"관악구",277107.894771969,0.0246662525322243,0.585540848197497,5931.41579532814,-1.08279569892473
2021-02-01,"관악구",277647.089877642,0.0243874923923801,0.587156488051106,5938.48164627364,0.624589490968802
2021-03-01,"관악구",278186.284983315,0.0241087322525358,0.588772127904714,5945.54749721913,7.63655913978494
2021-04-01,"관악구",278725.480088988,0.0238299721126916,0.590387767758323,5952.61334816463,12.0766666666667
2021-05-01,"관악구",279264.675194661,0.0235512119728474,0.592003407611932,5959.67919911012,18.5311827956989
2021-06-01,"관악구",279803.870300334,0.0232724518330031,0.59361904746554,5966.74505005562,23.1755555555556
2020-07-01,"광진구",166276.186206897,0.0321289685381303,0.459247007520807,5247.65517241379,26.8370967741936
2020-08-01,"광진구",166457.940155729,0.0318653934737721,0.46044931911935,5253.64582869855,27.9758064516129
2020-09-01,"광진구",166639.694104561,0.0316018184094139,0.461651630717892,5259.63648498331,22.07
2020-10-01,"광진구",166821.448053393,0.0313382433450557,0.462853942316435,5265.62714126808,14.7129032258064
2020-11-01,"광진구",167003.202002225,0.0310746682806976,0.464056253914978,5271.61779755284,7.68666666666667
2020-12-01,"광진구",167184.955951057,0.0308110932163394,0.46525856551352,5277.6084538376,0.404838709677417
2021-01-01,"광진구",167366.709899889,0.0305475181519812,0.466460877112063,5283.59911012236,-1.08279569892473
2021-02-01,"광진구",167548.463848721,0.030283943087623,0.467663188710606,5289.58976640712,0.624589490968802
2021-03-01,"광진구",167730.217797553,0.0300203680232649,0.468865500309148,5295.58042269188,7.63655913978494
2021-04-01,"광진구",167911.971746385,0.0297567929589067,0.470067811907691,5301.57107897664,12.0766666666667
2021-05-01,"광진구",168093.725695217,0.0294932178945485,0.471270123506234,5307.5617352614,18.5311827956989
2021-06-01,"광진구",168275.479644049,0.0292296428301903,0.472472435104776,5313.55239154616,23.1755555555556
2020-07-01,"구로구",178488.944827586,0.0407665852278631,0.381744148531772,5128.11034482758,26.8370967741936
2020-08-01,"구로구",178750.457397108,0.0405277215712411,0.382643336900081,5126.79488320356,27.9758064516129
2020-09-01,"구로구",179011.96996663,0.0402888579146191,0.383542525268389,5125.47942157953,22.07
2020-10-01,"구로구",179273.482536151,0.0400499942579972,0.384441713636698,5124.1639599555,14.7129032258064
2020-11-01,"구로구",179534.995105673,0.0398111306013752,0.385340902005007,5122.84849833148,7.68666666666667
2020-12-01,"구로구",179796.507675195,0.0395722669447532,0.386240090373316,5121.53303670745,0.404838709677417
2021-01-01,"구로구",180058.020244716,0.0393334032881313,0.387139278741624,5120.21757508342,-1.08279569892473
2021-02-01,"구로구",180319.532814238,0.0390945396315093,0.388038467109933,5118.9021134594,0.624589490968802
2021-03-01,"구로구",180581.04538376,0.0388556759748873,0.388937655478242,5117.58665183537,7.63655913978494
2021-04-01,"구로구",180842.557953281,0.0386168123182653,0.389836843846551,5116.27119021135,12.0766666666667
2021-05-01,"구로구",181104.070522803,0.0383779486616434,0.390736032214859,5114.95572858732,18.5311827956989
2021-06-01,"구로구",181365.583092325,0.0381390850050214,0.391635220583168,5113.64026696329,23.1755555555556
2020-07-01,"금천구",112771.696551724,0.0324109658768946,0.46438705079954,3640.33103448276,26.8370967741936
2020-08-01,"금천구",113010.37374861,0.0321677109687869,0.465908223897762,3645.79110122358,27.9758064516129
2020-09-01,"금천구",113249.050945495,0.0319244560606792,0.467429396995984,3651.2511679644,22.07
2020-10-01,"금천구",113487.72814238,0.0316812011525715,0.468950570094205,3656.71123470523,14.7129032258064
2020-11-01,"금천구",113726.405339266,0.0314379462444638,0.470471743192427,3662.17130144605,7.68666666666667
2020-12-01,"금천구",113965.082536151,0.0311946913363561,0.471992916290649,3667.63136818687,0.404838709677417
2021-01-01,"금천구",114203.759733037,0.0309514364282485,0.473514089388871,3673.0914349277,-1.08279569892473
2021-02-01,"금천구",114442.436929922,0.0307081815201408,0.475035262487092,3678.55150166852,0.624589490968802
2021-03-01,"금천구",114681.114126808,0.0304649266120331,0.476556435585314,3684.01156840934,7.63655913978494
2021-04-01,"금천구",114919.791323693,0.0302216717039254,0.478077608683536,3689.47163515017,12.0766666666667
2021-05-01,"금천구",115158.468520578,0.0299784167958177,0.479598781781758,3694.93170189099,18.5311827956989
2021-06-01,"금천구",115397.145717464,0.02973516188771,0.481119954879979,3700.39176863181,23.1755555555556
2020-07-01,"노원구",217199.95862069,0.0336960896207005,0.326309064170468,4677.34482758621,26.8370967741936
2020-08-01,"노원구",217177.40756396,0.0334515236417691,0.327181541314523,4681.050945495,27.9758064516129
2020-09-01,"노원구",217154.85650723,0.0332069576628378,0.328054018458578,4684.75706340378,22.07
2020-10-01,"노원구",217132.305450501,0.0329623916839064,0.328926495602632,4688.46318131257,14.7129032258064
2020-11-01,"노원구",217109.754393771,0.0327178257049751,0.329798972746687,4692.16929922136,7.68666666666667
2020-12-01,"노원구",217087.203337041,0.0324732597260437,0.330671449890742,4695.87541713015,0.404838709677417
2021-01-01,"노원구",217064.652280312,0.0322286937471124,0.331543927034797,4699.58153503893,-1.08279569892473
2021-02-01,"노원구",217042.101223582,0.031984127768181,0.332416404178851,4703.28765294772,0.624589490968802
2021-03-01,"노원구",217019.550166852,0.0317395617892497,0.333288881322906,4706.99377085651,7.63655913978494
2021-04-01,"노원구",216996.999110122,0.0314949958103184,0.334161358466961,4710.6998887653,12.0766666666667
2021-05-01,"노원구",216974.448053393,0.031250429831387,0.335033835611016,4714.40600667408,18.5311827956989
2021-06-01,"노원구",216951.896996663,0.0310058638524557,0.33590631275507,4718.11212458287,23.1755555555556
2020-07-01,"도봉구",139024.655172414,0.031960453120326,0.332873246124557,3096.8,26.8370967741936
2020-08-01,"도봉구",139075.703893215,0.0317291781844007,0.333957727768945,3098.36774193548,27.9758064516129
2020-09-01,"도봉구",139126.752614016,0.0314979032484754,0.335042209413334,3099.93548387097,22.07
2020-10-01,"도봉구",139177.801334816,0.0312666283125502,0.336126691057722,3101.50322580645,14.7129032258064
2020-11-01,"도봉구",139228.850055617,0.0310353533766249,0.33721117270211,3103.07096774194,7.68666666666667
2020-12-01,"도봉구",139279.898776418,0.0308040784406997,0.338295654346498,3104.63870967742,0.404838709677417
2021-01-01,"도봉구",139330.947497219,0.0305728035047744,0.339380135990886,3106.2064516129,-1.08279569892473
2021-02-01,"도봉구",139381.99621802,0.0303415285688492,0.340464617635275,3107.77419354839,0.624589490968802
2021-03-01,"도봉구",139433.044938821,0.0301102536329239,0.341549099279663,3109.34193548387,7.63655913978494
2021-04-01,"도봉구",139484.093659622,0.0298789786969986,0.342633580924051,3110.90967741935,12.0766666666667
2021-05-01,"도봉구",139535.142380423,0.0296477037610734,0.343718062568439,3112.47741935484,18.5311827956989
2021-06-01,"도봉구",139586.191101224,0.0294164288251481,0.344802544212828,3114.04516129032,23.1755555555556
2020-07-01,"동대문구",166127.613793103,0.0357783031799419,0.468820190238859,5072.6,26.8370967741936
2020-08-01,"동대문구",166330.014682981,0.0356515024805907,0.469814856656348,5072.07741935484,27.9758064516129
2020-09-01,"동대문구",166532.415572859,0.0355247017812395,0.470809523073837,5071.55483870968,22.07
2020-10-01,"동대문구",166734.816462736,0.0353979010818883,0.471804189491326,5071.03225806452,14.7129032258064
2020-11-01,"동대문구",166937.217352614,0.0352711003825371,0.472798855908815,5070.50967741936,7.68666666666667
2020-12-01,"동대문구",167139.618242492,0.035144299683186,0.473793522326304,5069.98709677419,0.404838709677417
2021-01-01,"동대문구",167342.019132369,0.0350174989838348,0.474788188743793,5069.46451612903,-1.08279569892473
2021-02-01,"동대문구",167544.420022247,0.0348906982844836,0.475782855161282,5068.94193548387,0.624589490968802
2021-03-01,"동대문구",167746.820912125,0.0347638975851324,0.476777521578771,5068.41935483871,7.63655913978494
2021-04-01,"동대문구",167949.221802002,0.0346370968857812,0.47777218799626,5067.89677419355,12.0766666666667
2021-05-01,"동대문구",168151.62269188,0.03451029618643,0.478766854413749,5067.37419354839,18.5311827956989
2021-06-01,"동대문구",168354.023581758,0.0343834954870788,0.479761520831238,5066.85161290323,23.1755555555556
2020-07-01,"동작구",184314.662068966,0.0366908698418996,0.438838286733419,4422.10344827586,26.8370967741936
2020-08-01,"동작구",184669.904783092,0.0364613531436844,0.440136790173234,4426.60044493882,27.9758064516129
2020-09-01,"동작구",185025.147497219,0.0362318364454692,0.441435293613049,4431.09744160178,22.07
2020-10-01,"동작구",185380.390211346,0.036002319747254,0.442733797052864,4435.59443826474,14.7129032258064
2020-11-01,"동작구",185735.632925473,0.0357728030490389,0.444032300492679,4440.0914349277,7.68666666666667
2020-12-01,"동작구",186090.8756396,0.0355432863508237,0.445330803932493,4444.58843159066,0.404838709677417
2021-01-01,"동작구",186446.118353726,0.0353137696526085,0.446629307372308,4449.08542825361,-1.08279569892473
2021-02-01,"동작구",186801.361067853,0.0350842529543933,0.447927810812123,4453.58242491657,0.624589490968802
2021-03-01,"동작구",187156.60378198,0.0348547362561782,0.449226314251938,4458.07942157953,7.63655913978494
2021-04-01,"동작구",187511.846496107,0.034625219557963,0.450524817691753,4462.57641824249,12.0766666666667
2021-05-01,"동작구",187867.089210234,0.0343957028597478,0.451823321131568,4467.07341490545,18.5311827956989
2021-06-01,"동작구",188222.33192436,0.0341661861615326,0.453121824571383,4471.57041156841,23.1755555555556
2020-07-01,"마포구",177455.427586207,0.0397390453563111,0.457168916976777,9384.04827586207,26.8370967741936
2020-08-01,"마포구",177710.132591769,0.0395397688241096,0.458208377367645,9398.29010011123,27.9758064516129
2020-09-01,"마포구",177964.83759733,0.0393404922919081,0.459247837758512,9412.5319243604,22.07
2020-10-01,"마포구",178219.542602892,0.0391412157597066,0.46028729814938,9426.77374860956,14.7129032258064
2020-11-01,"마포구",178474.247608454,0.0389419392275051,0.461326758540247,9441.01557285873,7.68666666666667
2020-12-01,"마포구",178728.952614016,0.0387426626953035,0.462366218931114,9455.2573971079,0.404838709677417
2021-01-01,"마포구",178983.657619577,0.038543386163102,0.463405679321982,9469.49922135706,-1.08279569892473
2021-02-01,"마포구",179238.362625139,0.0383441096309005,0.464445139712849,9483.74104560623,0.624589490968802
2021-03-01,"마포구",179493.067630701,0.038144833098699,0.465484600103717,9497.98286985539,7.63655913978494
2021-04-01,"마포구",179747.772636263,0.0379455565664975,0.466524060494584,9512.22469410456,12.0766666666667
2021-05-01,"마포구",180002.477641824,0.037746280034296,0.467563520885452,9526.46651835373,18.5311827956989
2021-06-01,"마포구",180257.182647386,0.0375470035020945,0.468602981276319,9540.70834260289,23.1755555555556
2020-07-01,"서대문구",142726.393103448,0.0368099175196519,0.426290046577931,4649.66206896552,26.8370967741936
2020-08-01,"서대문구",142918.592658509,0.0366668807681415,0.427051808276055,4653.78865406007,27.9758064516129
2020-09-01,"서대문구",143110.792213571,0.0365238440166312,0.427813569974179,4657.91523915462,22.07
2020-10-01,"서대문구",143302.991768632,0.0363808072651208,0.428575331672303,4662.04182424917,14.7129032258064
2020-11-01,"서대문구",143495.191323693,0.0362377705136104,0.429337093370427,4666.16840934372,7.68666666666667
2020-12-01,"서대문구",143687.390878754,0.0360947337621001,0.430098855068551,4670.29499443827,0.404838709677417
2021-01-01,"서대문구",143879.590433815,0.0359516970105897,0.430860616766676,4674.42157953281,-1.08279569892473
2021-02-01,"서대문구",144071.789988877,0.0358086602590793,0.4316223784648,4678.54816462736,0.624589490968802
2021-03-01,"서대문구",144263.989543938,0.035665623507569,0.432384140162924,4682.67474972191,7.63655913978494
2021-04-01,"서대문구",144456.189098999,0.0355225867560586,0.433145901861048,4686.80133481646,12.0766666666667
2021-05-01,"서대문구",144648.38865406,0.0353795500045482,0.433907663559172,4690.92791991101,18.5311827956989
2021-06-01,"서대문구",144840.588209121,0.0352365132530379,0.434669425257296,4695.05450500556,23.1755555555556
2020-07-01,"서초구",173218.565517241,0.0406673735011002,0.341325063314754,7869.27586206896,26.8370967741936
2020-08-01,"서초구",173199.434260289,0.0404235042655164,0.34191069773618,7869.32591768632,27.9758064516129
2020-09-01,"서초구",173180.303003337,0.0401796350299326,0.342496332157607,7869.37597330367,22.07
2020-10-01,"서초구",173161.171746385,0.0399357657943488,0.343081966579034,7869.42602892102,14.7129032258064
2020-11-01,"서초구",173142.040489433,0.039691896558765,0.343667601000461,7869.47608453838,7.68666666666667
2020-12-01,"서초구",173122.909232481,0.0394480273231812,0.344253235421888,7869.52614015573,0.404838709677417
2021-01-01,"서초구",173103.777975528,0.0392041580875974,0.344838869843314,7869.57619577308,-1.08279569892473
2021-02-01,"서초구",173084.646718576,0.0389602888520136,0.345424504264741,7869.62625139043,0.624589490968802
2021-03-01,"서초구",173065.515461624,0.0387164196164297,0.346010138686168,7869.67630700779,7.63655913978494
2021-04-01,"서초구",173046.384204672,0.0384725503808459,0.346595773107595,7869.72636262514,12.0766666666667
2021-05-01,"서초구",173027.25294772,0.0382286811452621,0.347181407529022,7869.77641824249,18.5311827956989
2021-06-01,"서초구",173008.121690768,0.0379848119096783,0.347767041950448,7869.82647385984,23.1755555555556
2020-07-01,"성동구",136374.662068966,0.0429626996691154,0.414980601733531,4232.46896551724,26.8370967741936
2020-08-01,"성동구",136384.304783092,0.042770958825021,0.415754647133071,4244.60244716352,27.9758064516129
2020-09-01,"성동구",136393.947497219,0.0425792179809265,0.416528692532611,4256.73592880979,22.07
2020-10-01,"성동구",136403.590211346,0.0423874771368321,0.417302737932151,4268.86941045606,14.7129032258064
2020-11-01,"성동구",136413.232925473,0.0421957362927376,0.418076783331691,4281.00289210234,7.68666666666667
2020-12-01,"성동구",136422.8756396,0.0420039954486432,0.418850828731231,4293.13637374861,0.404838709677417
2021-01-01,"성동구",136432.518353726,0.0418122546045487,0.419624874130771,4305.26985539488,-1.08279569892473
2021-02-01,"성동구",136442.161067853,0.0416205137604543,0.420398919530311,4317.40333704116,0.624589490968802
2021-03-01,"성동구",136451.80378198,0.0414287729163599,0.421172964929851,4329.53681868743,7.63655913978494
2021-04-01,"성동구",136461.446496107,0.0412370320722654,0.421947010329391,4341.6703003337,12.0766666666667
2021-05-01,"성동구",136471.089210234,0.041045291228171,0.422721055728931,4353.80378197998,18.5311827956989
2021-06-01,"성동구",136480.73192436,0.0408535503840765,0.423495101128471,4365.93726362625,23.1755555555556
2020-07-01,"성북구",195051.931034483,0.0363941011845554,0.395354507984049,4847.67586206896,26.8370967741936
2020-08-01,"성북구",195383.53948832,0.0362165467975218,0.396145463764007,4847.26140155729,27.9758064516129
2020-09-01,"성북구",195715.147942158,0.0360389924104883,0.396936419543965,4846.84694104561,22.07
2020-10-01,"성북구",196046.756395996,0.0358614380234547,0.397727375323923,4846.43248053393,14.7129032258064
2020-11-01,"성북구",196378.364849833,0.0356838836364212,0.398518331103881,4846.01802002225,7.68666666666667
2020-12-01,"성북구",196709.973303671,0.0355063292493876,0.399309286883839,4845.60355951057,0.404838709677417
2021-01-01,"성북구",197041.581757508,0.035328774862354,0.400100242663797,4845.18909899889,-1.08279569892473
2021-02-01,"성북구",197373.190211346,0.0351512204753205,0.400891198443755,4844.77463848721,0.624589490968802
2021-03-01,"성북구",197704.798665184,0.0349736660882869,0.401682154223713,4844.36017797553,7.63655913978494
2021-04-01,"성북구",198036.407119021,0.0347961117012534,0.402473110003671,4843.94571746385,12.0766666666667
2021-05-01,"성북구",198368.015572859,0.0346185573142198,0.403264065783629,4843.53125695217,18.5311827956989
2021-06-01,"성북구",198699.624026696,0.0344410029271863,0.404055021563587,4843.11679644049,23.1755555555556
2020-07-01,"송파구",283021.117241379,0.04289339947731,0.349733285907986,8498.57241379311,26.8370967741936
2020-08-01,"송파구",283559.098998888,0.0427212940941372,0.350573263835688,8517.46740823137,27.9758064516129
2020-09-01,"송파구",284097.080756396,0.0425491887109644,0.351413241763391,8536.36240266964,22.07
2020-10-01,"송파구",284635.062513904,0.0423770833277916,0.352253219691094,8555.2573971079,14.7129032258064
2020-11-01,"송파구",285173.044271413,0.0422049779446188,0.353093197618796,8574.15239154617,7.68666666666667
2020-12-01,"송파구",285711.026028921,0.042032872561446,0.353933175546499,8593.04738598443,0.404838709677417
2021-01-01,"송파구",286249.007786429,0.0418607671782732,0.354773153474202,8611.9423804227,-1.08279569892473
2021-02-01,"송파구",286786.989543938,0.0416886617951003,0.355613131401904,8630.83737486096,0.624589490968802
2021-03-01,"송파구",287324.971301446,0.0415165564119275,0.356453109329607,8649.73236929922,7.63655913978494
2021-04-01,"송파구",287862.953058954,0.0413444510287547,0.35729308725731,8668.62736373749,12.0766666666667
2021-05-01,"송파구",288400.934816463,0.0411723456455819,0.358133065185012,8687.52235817575,18.5311827956989
2021-06-01,"송파구",288938.916573971,0.0410002402624091,0.358973043112715,8706.41735261402,23.1755555555556
2020-07-01,"양천구",178455.944827586,0.0346024849086442,0.291432953259702,4090.37931034483,26.8370967741936
2020-08-01,"양천구",178541.347719689,0.0343717223696095,0.292238679703358,4093.41668520579,27.9758064516129
2020-09-01,"양천구",178626.750611791,0.0341409598305748,0.293044406147015,4096.45406006674,22.07
2020-10-01,"양천구",178712.153503893,0.0339101972915401,0.293850132590671,4099.4914349277,14.7129032258064
2020-11-01,"양천구",178797.556395996,0.0336794347525054,0.294655859034328,4102.52880978866,7.68666666666667
2020-12-01,"양천구",178882.959288098,0.0334486722134706,0.295461585477985,4105.56618464961,0.404838709677417
2021-01-01,"양천구",178968.3621802,0.0332179096744359,0.296267311921641,4108.60355951057,-1.08279569892473
2021-02-01,"양천구",179053.765072303,0.0329871471354012,0.297073038365298,4111.64093437152,0.624589490968802
2021-03-01,"양천구",179139.167964405,0.0327563845963665,0.297878764808954,4114.67830923248,7.63655913978494
2021-04-01,"양천구",179224.570856507,0.0325256220573318,0.298684491252611,4117.71568409344,12.0766666666667
2021-05-01,"양천구",179309.97374861,0.0322948595182971,0.299490217696268,4120.75305895439,18.5311827956989
2021-06-01,"양천구",179395.376640712,0.0320640969792624,0.300295944139924,4123.79043381535,23.1755555555556
2020-07-01,"영등포구",179207.482758621,0.0409423380821938,0.473008014742022,7687.15862068966,26.8370967741936
2020-08-01,"영등포구",179591.73971079,0.0407704537929843,0.474305833586178,7693.52369299221,27.9758064516129
2020-09-01,"영등포구",179975.996662959,0.0405985695037748,0.475603652430333,7699.88876529477,22.07
2020-10-01,"영등포구",180360.253615128,0.0404266852145653,0.476901471274489,7706.25383759733,14.7129032258064
2020-11-01,"영등포구",180744.510567297,0.0402548009253557,0.478199290118644,7712.61890989989,7.68666666666667
2020-12-01,"영등포구",181128.767519466,0.0400829166361462,0.4794971089628,7718.98398220245,0.404838709677417
2021-01-01,"영등포구",181513.024471635,0.0399110323469367,0.480794927806956,7725.34905450501,-1.08279569892473
2021-02-01,"영등포구",181897.281423804,0.0397391480577272,0.482092746651111,7731.71412680756,0.624589490968802
2021-03-01,"영등포구",182281.538375973,0.0395672637685177,0.483390565495267,7738.07919911012,7.63655913978494
2021-04-01,"영등포구",182665.795328142,0.0393953794793081,0.484688384339423,7744.44427141268,12.0766666666667
2021-05-01,"영등포구",183050.052280311,0.0392234951900986,0.485986203183578,7750.80934371524,18.5311827956989
2021-06-01,"영등포구",183434.309232481,0.0390516109008891,0.487284022027734,7757.1744160178,23.1755555555556
2020-07-01,"용산구",111323.531034483,0.0346681387659815,0.477868063127136,5147.35862068966,26.8370967741936
2020-08-01,"용산구",111432.229810901,0.034502599349586,0.478463490757132,5153.4914349277,27.9758064516129
2020-09-01,"용산구",111540.928587319,0.0343370599331904,0.479058918387128,5159.62424916574,22.07
2020-10-01,"용산구",111649.627363738,0.0341715205167949,0.479654346017123,5165.75706340378,14.7129032258064
2020-11-01,"용산구",111758.326140156,0.0340059811003993,0.480249773647119,5171.88987764183,7.68666666666667
2020-12-01,"용산구",111867.024916574,0.0338404416840038,0.480845201277115,5178.02269187987,0.404838709677417
2021-01-01,"용산구",111975.723692992,0.0336749022676082,0.481440628907111,5184.15550611791,-1.08279569892473
2021-02-01,"용산구",112084.42246941,0.0335093628512127,0.482036056537106,5190.28832035595,0.624589490968802
2021-03-01,"용산구",112193.121245829,0.0333438234348171,0.482631484167102,5196.42113459399,7.63655913978494
2021-04-01,"용산구",112301.820022247,0.0331782840184216,0.483226911797098,5202.55394883204,12.0766666666667
2021-05-01,"용산구",112410.518798665,0.033012744602026,0.483822339427094,5208.68676307008,18.5311827956989
2021-06-01,"용산구",112519.217575083,0.0328472051856305,0.484417767057089,5214.81957730812,23.1755555555556
2020-07-01,"은평구",210209.006896552,0.035013817357812,0.378008647330739,4745.95172413793,26.8370967741936
2020-08-01,"은평구",210457.691212458,0.0348104485131624,0.379009824719704,4752.14860956619,27.9758064516129
2020-09-01,"은평구",210706.375528365,0.0346070796685128,0.380011002108669,4758.34549499444,22.07
2020-10-01,"은평구",210955.059844271,0.0344037108238633,0.381012179497634,4764.54238042269,14.7129032258064
2020-11-01,"은평구",211203.744160178,0.0342003419792137,0.382013356886598,4770.73926585095,7.68666666666667
2020-12-01,"은평구",211452.428476085,0.0339969731345641,0.383014534275563,4776.9361512792,0.404838709677417
2021-01-01,"은평구",211701.112791991,0.0337936042899145,0.384015711664528,4783.13303670745,-1.08279569892473
2021-02-01,"은평구",211949.797107898,0.0335902354452649,0.385016889053493,4789.32992213571,0.624589490968802
2021-03-01,"은평구",212198.481423804,0.0333868666006153,0.386018066442457,4795.52680756396,7.63655913978494
2021-04-01,"은평구",212447.165739711,0.0331834977559657,0.387019243831422,4801.72369299221,12.0766666666667
2021-05-01,"은평구",212695.850055617,0.0329801289113161,0.388020421220387,4807.92057842047,18.5311827956989
2021-06-01,"은평구",212944.534371524,0.0327767600666666,0.389021598609352,4814.11746384872,23.1755555555556
2020-07-01,"종로구",74260.3172413793,0.0275726750162113,0.500866907993556,7207.79310344828,26.8370967741936
2020-08-01,"종로구",74281.9893214683,0.0273978372937494,0.50148546458763,7216.85717463849,27.9758064516129
2020-09-01,"종로구",74303.6614015573,0.0272229995712876,0.502104021181704,7225.9212458287,22.07
2020-10-01,"종로구",74325.3334816463,0.0270481618488257,0.502722577775778,7234.98531701891,14.7129032258064
2020-11-01,"종로구",74347.0055617352,0.0268733241263639,0.503341134369852,7244.04938820912,7.68666666666667
2020-12-01,"종로구",74368.6776418242,0.026698486403902,0.503959690963927,7253.11345939933,0.404838709677417
2021-01-01,"종로구",74390.3497219132,0.0265236486814401,0.504578247558001,7262.17753058954,-1.08279569892473
2021-02-01,"종로구",74412.0218020022,0.0263488109589783,0.505196804152075,7271.24160177976,0.624589490968802
2021-03-01,"종로구",74433.6938820912,0.0261739732365164,0.505815360746149,7280.30567296997,7.63655913978494
2021-04-01,"종로구",74455.3659621802,0.0259991355140546,0.506433917340223,7289.36974416018,12.0766666666667
2021-05-01,"종로구",74477.0380422692,0.0258242977915927,0.507052473934297,7298.43381535039,18.5311827956989
2021-06-01,"종로구",74498.7101223582,0.0256494600691309,0.507671030528372,7307.4978865406,23.1755555555556
2020-07-01,"중구",63497.0482758621,0.0334312208838796,0.500536425849167,6897.08275862069,26.8370967741936
2020-08-01,"중구",63590.9546162403,0.0332429116493457,0.501351048298731,6909.32035595106,27.9758064516129
2020-09-01,"중구",63684.8609566185,0.0330546024148118,0.502165670748295,6921.55795328143,22.07
2020-10-01,"중구",63778.7672969967,0.0328662931802779,0.502980293197858,6933.79555061179,14.7129032258064
2020-11-01,"중구",63872.6736373749,0.032677983945744,0.503794915647422,6946.03314794216,7.68666666666667
2020-12-01,"중구",63966.5799777531,0.0324896747112101,0.504609538096986,6958.27074527253,0.404838709677417
2021-01-01,"중구",64060.4863181313,0.0323013654766762,0.50542416054655,6970.50834260289,-1.08279569892473
2021-02-01,"중구",64154.3926585095,0.0321130562421423,0.506238782996113,6982.74593993326,0.624589490968802
2021-03-01,"중구",64248.2989988877,0.0319247470076084,0.507053405445677,6994.98353726363,7.63655913978494
2021-04-01,"중구",64342.2053392659,0.0317364377730745,0.507868027895241,7007.22113459399,12.0766666666667
2021-05-01,"중구",64436.1116796441,0.0315481285385405,0.508682650344805,7019.45873192436,18.5311827956989
2021-06-01,"중구",64530.0180200223,0.0313598193040066,0.509497272794369,7031.69632925473,23.1755555555556
2020-07-01,"중랑구",183014.227586207,0.0336602720810367,0.420972352426659,4396.64827586207,26.8370967741936
2020-08-01,"중랑구",183137.939043382,0.0334155108952722,0.422075461876829,4398.69655172414,27.9758064516129
2020-09-01,"중랑구",183261.650500556,0.0331707497095077,0.423178571327,4400.74482758621,22.07
2020-10-01,"중랑구",183385.361957731,0.0329259885237432,0.42428168077717,4402.79310344828,14.7129032258064
2020-11-01,"중랑구",183509.073414905,0.0326812273379787,0.42538479022734,4404.84137931035,7.68666666666667
2020-12-01,"중랑구",183632.78487208,0.0324364661522142,0.42648789967751,4406.88965517242,0.404838709677417
2021-01-01,"중랑구",183756.496329255,0.0321917049664497,0.42759100912768,4408.93793103448,-1.08279569892473
2021-02-01,"중랑구",183880.207786429,0.0319469437806852,0.42869411857785,4410.98620689655,0.624589490968802
2021-03-01,"중랑구",184003.919243604,0.0317021825949207,0.429797228028021,4413.03448275862,7.63655913978494
2021-04-01,"중랑구",184127.630700779,0.0314574214091562,0.430900337478191,4415.08275862069,12.0766666666667
2021-05-01,"중랑구",184251.342157953,0.0312126602233918,0.432003446928361,4417.13103448276,18.5311827956989
2021-06-01,"중랑구",184375.053615128,0.0309678990376273,0.433106556378531,4419.17931034483,23.1755555555556
