"Month","gu","type","FW"
2018-01-01,"강동구","FW_t",6.02916678825442
2018-01-01,"강동구","pred",5.96950032826125
2018-02-01,"강동구","FW_t",5.92612388033761
2018-02-01,"강동구","pred",5.99864048391349
2018-03-01,"강동구","FW_t",5.88191581476889
2018-03-01,"강동구","pred",6.05347961749366
2018-04-01,"강동구","FW_t",6.0842570648046
2018-04-01,"강동구","pred",6.07883896806709
2018-05-01,"강동구","FW_t",5.99001379777988
2018-05-01,"강동구","pred",6.11910160416205
2018-06-01,"강동구","FW_t",6.10226980123892
2018-06-01,"강동구","pred",6.15916173631858
2018-07-01,"강동구","FW_t",6.384724755849
2018-07-01,"강동구","pred",6.17822972213875
2018-08-01,"강동구","FW_t",5.99545117991679
2018-08-01,"강동구","pred",6.20203524493601
2018-09-01,"강동구","FW_t",6.09403850441581
2018-09-01,"강동구","pred",6.19708826190012
2018-10-01,"강동구","FW_t",6.31517024791219
2018-10-01,"강동구","pred",6.16039039932509
2018-11-01,"강동구","FW_t",6.27067042099575
2018-11-01,"강동구","pred",6.16264327553684
2018-12-01,"강동구","FW_t",6.39799300632458
2018-12-01,"강동구","pred",6.15392637847272
2019-01-01,"강동구","FW_t",6.14794634348486
2019-01-01,"강동구","pred",6.14609032621597
2019-02-01,"강동구","FW_t",6.18796806283397
2019-02-01,"강동구","pred",6.17342019287512
2019-03-01,"강동구","FW_t",6.06731949294989
2019-03-01,"강동구","pred",6.21646615547006
2019-04-01,"강동구","FW_t",6.32512416058191
2019-04-01,"강동구","pred",6.24230276595938
2019-05-01,"강동구","FW_t",6.21722161022304
2019-05-01,"강동구","pred",6.28953133236549
2019-06-01,"강동구","FW_t",6.30716512814815
2019-06-01,"강동구","pred",6.32192093403633
2019-07-01,"강동구","FW_t",6.60402119830082
2019-07-01,"강동구","pred",6.36827177291706
2019-08-01,"강동구","FW_t",6.2997677206384
2019-08-01,"강동구","pred",6.39445673640962
2019-09-01,"강동구","FW_t",6.58645422182542
2019-09-01,"강동구","pred",6.40054319181785
2019-10-01,"강동구","FW_t",6.26456798011003
2019-10-01,"강동구","pred",6.44805305643845
2019-11-01,"강동구","FW_t",6.42416078450828
2019-11-01,"강동구","pred",6.44033621867063
2019-12-01,"강동구","FW_t",6.58876190690861
2019-12-01,"강동구","pred",6.44154032027526
2020-01-01,"강동구","FW_t",6.47678821362756
2020-01-01,"강동구","pred",6.5383116758357
2020-02-01,"강동구","FW_t",6.45335345179089
2020-02-01,"강동구","pred",6.56538018324894
2020-03-01,"강동구","FW_t",6.71848660152943
2020-03-01,"강동구","pred",6.60871231993948
2020-04-01,"강동구","FW_t",6.49022245754283
2020-04-01,"강동구","pred",6.64652784716868
2020-05-01,"강동구","FW_t",6.59155019900154
2020-05-01,"강동구","pred",6.69236019187244
2020-06-01,"강동구","FW_t",6.92658153566597
2020-06-01,"강동구","pred",6.73408813494222
2018-01-01,"강서구","FW_t",5.28306006359631
2018-01-01,"강서구","pred",5.22140900218398
2018-02-01,"강서구","FW_t",5.19373571416412
2018-02-01,"강서구","pred",5.24974696194679
2018-03-01,"강서구","FW_t",5.1912779423116
2018-03-01,"강서구","pred",5.3042212286188
2018-04-01,"강서구","FW_t",5.47847220269724
2018-04-01,"강서구","pred",5.35930065287784
2018-05-01,"강서구","FW_t",5.37104771163777
2018-05-01,"강서구","pred",5.39590204185226
2018-06-01,"강서구","FW_t",5.47561004972679
2018-06-01,"강서구","pred",5.43056542982204
2018-07-01,"강서구","FW_t",5.76397657243791
2018-07-01,"강서구","pred",5.49096819005398
2018-08-01,"강서구","FW_t",5.38313932768166
2018-08-01,"강서구","pred",5.51498746654061
2018-09-01,"강서구","FW_t",5.41341903276652
2018-09-01,"강서구","pred",5.50965529676325
2018-10-01,"강서구","FW_t",5.59160134398977
2018-10-01,"강서구","pred",5.52599584967223
2018-11-01,"강서구","FW_t",5.54082050585454
2018-11-01,"강서구","pred",5.52742447886946
2018-12-01,"강서구","FW_t",5.66269898761642
2018-12-01,"강서구","pred",5.51721354889062
2019-01-01,"강서구","FW_t",5.43175434846601
2019-01-01,"강서구","pred",5.5676743504048
2019-02-01,"강서구","FW_t",5.50185150389917
2019-02-01,"강서구","pred",5.59501419523831
2019-03-01,"강서구","FW_t",5.45145703547596
2019-03-01,"강서구","pred",5.63652144874325
2019-04-01,"강서구","FW_t",5.73587430878046
2019-04-01,"강서구","pred",5.69767858135658
2019-05-01,"강서구","FW_t",5.65383177332395
2019-05-01,"강서구","pred",5.74332073902208
2019-06-01,"강서구","FW_t",5.74940825967696
2019-06-01,"강서구","pred",5.77318821962875
2019-07-01,"강서구","FW_t",6.02832164460203
2019-07-01,"강서구","pred",5.82723342153885
2019-08-01,"강서구","FW_t",5.71682092674034
2019-08-01,"강서구","pred",5.8509841836694
2019-09-01,"강서구","FW_t",5.95325240957128
2019-09-01,"강서구","pred",5.8552365037901
2019-10-01,"강서구","FW_t",5.65016893619705
2019-10-01,"강서구","pred",5.8757303008899
2019-11-01,"강서구","FW_t",5.82149630791815
2019-11-01,"강서구","pred",5.86403910361397
2019-12-01,"강서구","FW_t",5.9742629264095
2019-12-01,"강서구","pred",5.86119922685214
2020-01-01,"강서구","FW_t",5.85438438791061
2020-01-01,"강서구","pred",5.91728456989095
2020-02-01,"강서구","FW_t",5.87865355377536
2020-02-01,"강서구","pred",5.94062058750128
2020-03-01,"강서구","FW_t",6.13938305365204
2020-03-01,"강서구","pred",5.978605054777
2020-04-01,"강서구","FW_t",5.94628988774203
2020-04-01,"강서구","pred",6.0429890979668
2020-05-01,"강서구","FW_t",6.06041795981645
2020-05-01,"강서구","pred",6.08822557152773
2020-06-01,"강서구","FW_t",6.39403141604215
2020-06-01,"강서구","pred",6.13033521327638
2018-01-01,"관악구","FW_t",4.25746243514665
2018-01-01,"관악구","pred",3.97179165181034
2018-02-01,"관악구","FW_t",4.10841835765175
2018-02-01,"관악구","pred",4.04000964914073
2018-03-01,"관악구","FW_t",4.06492065306239
2018-03-01,"관악구","pred",4.13249620436325
2018-04-01,"관악구","FW_t",4.2604015261805
2018-04-01,"관악구","pred",4.21782362725247
2018-05-01,"관악구","FW_t",4.13145841466192
2018-05-01,"관악구","pred",4.28946053124298
2018-06-01,"관악구","FW_t",4.20541909065769
2018-06-01,"관악구","pred",4.35847962447308
2018-07-01,"관악구","FW_t",4.46099087639663
2018-07-01,"관악구","pred",4.44772634218528
2018-08-01,"관악구","FW_t",4.1651446885287
2018-08-01,"관악구","pred",4.50721484891251
2018-09-01,"관악구","FW_t",4.32843662590849
2018-09-01,"관악구","pred",4.53681781677601
2018-10-01,"관악구","FW_t",4.49224669857733
2018-10-01,"관악구","pred",4.56953475745005
2018-11-01,"관악구","FW_t",4.46978506484145
2018-11-01,"관악구","pred",4.60404668071354
2018-12-01,"관악구","FW_t",4.84240516907773
2018-12-01,"관악구","pred",4.63088057440424
2019-01-01,"관악구","FW_t",4.88766996351562
2019-01-01,"관악구","pred",4.71717779990226
2019-02-01,"관악구","FW_t",4.90852982317574
2019-02-01,"관악구","pred",4.78596911284284
2019-03-01,"관악구","FW_t",4.83011569679767
2019-03-01,"관악구","pred",4.86499599118961
2019-04-01,"관악구","FW_t",5.07376093008151
2019-04-01,"관악구","pred",4.94476539090368
2019-05-01,"관악구","FW_t",4.9589503300337
2019-05-01,"관악구","pred",5.0250342510976
2019-06-01,"관악구","FW_t",5.04122979929448
2019-06-01,"관악구","pred",5.08870262087537
2019-07-01,"관악구","FW_t",5.3182376241804
2019-07-01,"관악구","pred",5.16687431704796
2019-08-01,"관악구","FW_t",5.01563577084702
2019-08-01,"관악구","pred",5.22467157837928
2019-09-01,"관악구","FW_t",5.32947148297759
2019-09-01,"관악구","pred",5.2618718253005
2019-10-01,"관악구","FW_t",5.22115602915395
2019-10-01,"관악구","pred",5.28922349861147
2019-11-01,"관악구","FW_t",5.42474071804676
2019-11-01,"관악구","pred",5.30935715253704
2019-12-01,"관악구","FW_t",5.58530045476725
2019-12-01,"관악구","pred",5.34392525061075
2020-01-01,"관악구","FW_t",5.42336835321276
2020-01-01,"관악구","pred",5.41170537724938
2020-02-01,"관악구","FW_t",5.44830057164613
2020-02-01,"관악구","pred",5.4749332280256
2020-03-01,"관악구","FW_t",5.71050729229845
2020-03-01,"관악구","pred",5.55052563131222
2020-04-01,"관악구","FW_t",5.46368432381181
2020-04-01,"관악구","pred",5.63251604078031
2020-05-01,"관악구","FW_t",5.56058816126275
2020-05-01,"관악구","pred",5.71368422568255
2020-06-01,"관악구","FW_t",5.90408882829939
2020-06-01,"관악구","pred",5.79347157531118
2018-01-01,"광진구","FW_t",5.17663238444026
2018-01-01,"광진구","pred",5.02190572132344
2018-02-01,"광진구","FW_t",5.05652856791498
2018-02-01,"광진구","pred",5.04710761503027
2018-03-01,"광진구","FW_t",5.00008954935275
2018-03-01,"광진구","pred",5.09770607572792
2018-04-01,"광진구","FW_t",5.21289726825717
2018-04-01,"광진구","pred",5.13828189785895
2018-05-01,"광진구","FW_t",5.0840781165155
2018-05-01,"광진구","pred",5.17315925735693
2018-06-01,"광진구","FW_t",5.19795627734997
2018-06-01,"광진구","pred",5.20665081951695
2018-07-01,"광진구","FW_t",5.47837198076822
2018-07-01,"광진구","pred",5.24843619347332
2018-08-01,"광진구","FW_t",5.10597607949283
2018-08-01,"광진구","pred",5.26935318678872
2018-09-01,"광진구","FW_t",5.17424113269427
2018-09-01,"광진구","pred",5.25996398098707
2018-10-01,"광진구","FW_t",5.35708591398244
2018-10-01,"광진구","pred",5.25759063378044
2018-11-01,"광진구","FW_t",5.27566293171151
2018-11-01,"광진구","pred",5.25510810032076
2018-12-01,"광진구","FW_t",5.37437174679137
2018-12-01,"광진구","pred",5.2412841755152
2019-01-01,"광진구","FW_t",5.15925987598842
2019-01-01,"광진구","pred",5.27082312051304
2019-02-01,"광진구","FW_t",5.190463188742
2019-02-01,"광진구","pred",5.29575361728528
2019-03-01,"광진구","FW_t",5.08230085742494
2019-03-01,"광진구","pred",5.3349839431047
2019-04-01,"광진구","FW_t",5.43512974584439
2019-04-01,"광진구","pred",5.38400999036729
2019-05-01,"광진구","FW_t",5.33692346778918
2019-05-01,"광진구","pred",5.42708321869332
2019-06-01,"광진구","FW_t",5.44085262927798
2019-06-01,"광진구","pred",5.45443544271521
2019-07-01,"광진구","FW_t",5.74458190892198
2019-07-01,"광진구","pred",5.49226493950521
2019-08-01,"광진구","FW_t",5.44060828228564
2019-08-01,"광진구","pred",5.51385817335535
2019-09-01,"광진구","FW_t",5.68417941404527
2019-09-01,"광진구","pred",5.51432537169142
2019-10-01,"광진구","FW_t",5.35327182568531
2019-10-01,"광진구","pred",5.51737619150567
2019-11-01,"광진구","FW_t",5.49451100127712
2019-11-01,"광진구","pred",5.50343317314251
2019-12-01,"광진구","FW_t",5.63134528187041
2019-12-01,"광진구","pred",5.4992209563313
2020-01-01,"광진구","FW_t",5.44935419909522
2020-01-01,"광진구","pred",5.53823210466035
2020-02-01,"광진구","FW_t",5.42224790309597
2020-02-01,"광진구","pred",5.55964793805049
2020-03-01,"광진구","FW_t",5.71371923446019
2020-03-01,"광진구","pred",5.59533682370926
2020-04-01,"광진구","FW_t",5.4987785959828
2020-04-01,"광진구","pred",5.64204534953851
2020-05-01,"광진구","FW_t",5.58525811678839
2020-05-01,"광진구","pred",5.6840687082146
2020-06-01,"광진구","FW_t",5.97766455370339
2020-06-01,"광진구","pred",5.72235333810243
2018-01-01,"구로구","FW_t",4.62025828597205
2018-01-01,"구로구","pred",4.43484322461743
2018-02-01,"구로구","FW_t",4.5152531370741
2018-02-01,"구로구","pred",4.47219855745121
2018-03-01,"구로구","FW_t",4.44278948223082
2018-03-01,"구로구","pred",4.53502184628924
2018-04-01,"구로구","FW_t",4.65870668750418
2018-04-01,"구로구","pred",4.58331954137303
2018-05-01,"구로구","FW_t",4.54848818805582
2018-05-01,"구로구","pred",4.6278726081565
2018-06-01,"구로구","FW_t",4.66303193576266
2018-06-01,"구로구","pred",4.67159079620269
2018-07-01,"구로구","FW_t",4.93823984755364
2018-07-01,"구로구","pred",4.72080464607479
2018-08-01,"구로구","FW_t",4.56127994755125
2018-08-01,"구로구","pred",4.75183752611367
2018-09-01,"구로구","FW_t",4.59502540122999
2018-09-01,"구로구","pred",4.75452505181727
2018-10-01,"구로구","FW_t",4.74938870479711
2018-10-01,"구로구","pred",4.75686898349651
2018-11-01,"구로구","FW_t",4.7369709481853
2018-11-01,"구로구","pred",4.76645225566085
2018-12-01,"구로구","FW_t",4.88383926315044
2018-12-01,"구로구","pred",4.76455458036761
2019-01-01,"구로구","FW_t",4.76679741804184
2019-01-01,"구로구","pred",4.80277723094482
2019-02-01,"구로구","FW_t",4.84702518123911
2019-02-01,"구로구","pred",4.83765237243122
2019-03-01,"구로구","FW_t",4.72940525135247
2019-03-01,"구로구","pred",4.8868122094727
2019-04-01,"구로구","FW_t",4.99211993791099
2019-04-01,"구로구","pred",4.93866998030891
2019-05-01,"구로구","FW_t",4.88177601773802
2019-05-01,"구로구","pred",4.99107592615442
2019-06-01,"구로구","FW_t",4.97040340320838
2019-06-01,"구로구","pred",5.02911111655787
2019-07-01,"구로구","FW_t",5.26214262451109
2019-07-01,"구로구","pred",5.08084390530692
2019-08-01,"구로구","FW_t",4.94554693293547
2019-08-01,"구로구","pred",5.11323738412045
2019-09-01,"구로구","FW_t",5.22336825073215
2019-09-01,"구로구","pred",5.12473130519221
2019-10-01,"구로구","FW_t",4.9170499925005
2019-10-01,"구로구","pred",5.13514584383009
2019-11-01,"구로구","FW_t",5.11527943121624
2019-11-01,"구로구","pred",5.13140393662091
2019-12-01,"구로구","FW_t",5.27584397092311
2019-12-01,"구로구","pred",5.13745426880266
2020-01-01,"구로구","FW_t",5.19451391581299
2020-01-01,"구로구","pred",5.17038317438143
2020-02-01,"구로구","FW_t",5.16529211438425
2020-02-01,"구로구","pred",5.20291733901034
2020-03-01,"구로구","FW_t",5.40727322371277
2020-03-01,"구로구","pred",5.24861173904248
2020-04-01,"구로구","FW_t",5.18144028351762
2020-04-01,"구로구","pred",5.29658248826766
2020-05-01,"구로구","FW_t",5.29700664793157
2020-05-01,"구로구","pred",5.34937611157291
2020-06-01,"구로구","FW_t",5.61681763840172
2020-06-01,"구로구","pred",5.39930201545411
2018-01-01,"금천구","FW_t",5.82395760992259
2018-01-01,"금천구","pred",5.70531966857494
2018-02-01,"금천구","FW_t",5.71040201706236
2018-02-01,"금천구","pred",5.70992394873292
2018-03-01,"금천구","FW_t",5.63087337331319
2018-03-01,"금천구","pred",5.74068074477809
2018-04-01,"금천구","FW_t",5.80110411496526
2018-04-01,"금천구","pred",5.76031134187004
2018-05-01,"금천구","FW_t",5.6795167625975
2018-05-01,"금천구","pred",5.77514021549197
2018-06-01,"금천구","FW_t",5.77348218516247
2018-06-01,"금천구","pred",5.78923967771175
2018-07-01,"금천구","FW_t",6.0584818684802
2018-07-01,"금천구","pred",5.81494272820541
2018-08-01,"금천구","FW_t",5.6947820924589
2018-08-01,"금천구","pred",5.81457453116093
2018-09-01,"금천구","FW_t",5.73169364197534
2018-09-01,"금천구","pred",5.78518228464646
2018-10-01,"금천구","FW_t",5.85777128424032
2018-10-01,"금천구","pred",5.76601173393825
2018-11-01,"금천구","FW_t",5.8259768032741
2018-11-01,"금천구","pred",5.74404691824932
2018-12-01,"금천구","FW_t",5.87418944493155
2018-12-01,"금천구","pred",5.71077365250795
2019-01-01,"금천구","FW_t",5.62375014192884
2019-01-01,"금천구","pred",5.71826884664258
2019-02-01,"금천구","FW_t",5.66412126449836
2019-02-01,"금천구","pred",5.72086994156191
2019-03-01,"금천구","FW_t",5.53963300085701
2019-03-01,"금천구","pred",5.73877864500066
2019-04-01,"금천구","FW_t",5.7858452943749
2019-04-01,"금천구","pred",5.76798372976231
2019-05-01,"금천구","FW_t",5.68179211602
2019-05-01,"금천구","pred",5.78979851740371
2019-06-01,"금천구","FW_t",5.75943223252829
2019-06-01,"금천구","pred",5.79724586446401
2019-07-01,"금천구","FW_t",6.03000606331307
2019-07-01,"금천구","pred",5.81482810191248
2019-08-01,"금천구","FW_t",5.7246727455477
2019-08-01,"금천구","pred",5.81585694428341
2019-09-01,"금천구","FW_t",5.98032452685494
2019-09-01,"금천구","pred",5.79617763508362
2019-10-01,"금천구","FW_t",5.61251788374375
2019-10-01,"금천구","pred",5.78899780004563
2019-11-01,"금천구","FW_t",5.76607096637502
2019-11-01,"금천구","pred",5.754261927706
2019-12-01,"금천구","FW_t",5.85069531008186
2019-12-01,"금천구","pred",5.72871828221206
2020-01-01,"금천구","FW_t",5.69484431471852
2020-01-01,"금천구","pred",5.74784737470513
2020-02-01,"금천구","FW_t",5.6473754255299
2020-02-01,"금천구","pred",5.74700495508098
2020-03-01,"금천구","FW_t",5.84566954864309
2020-03-01,"금천구","pred",5.76162199681833
2020-04-01,"금천구","FW_t",5.60078102606212
2020-04-01,"금천구","pred",5.78470501776542
2020-05-01,"금천구","FW_t",5.70806827746891
2020-05-01,"금천구","pred",5.8050264974205
2020-06-01,"금천구","FW_t",6.01984194788606
2020-06-01,"금천구","pred",5.82166176653544
2018-01-01,"노원구","FW_t",7.13923419442614
2018-01-01,"노원구","pred",7.01777733544259
2018-02-01,"노원구","FW_t",6.99842701326614
2018-02-01,"노원구","pred",7.0492549647449
2018-03-01,"노원구","FW_t",6.93089996146369
2018-03-01,"노원구","pred",7.09819523715736
2018-04-01,"노원구","FW_t",7.13037033066502
2018-04-01,"노원구","pred",7.10397471448746
2018-05-01,"노원구","FW_t",7.02377208911345
2018-05-01,"노원구","pred",7.148507829481
2018-06-01,"노원구","FW_t",7.14503488382655
2018-06-01,"노원구","pred",7.19194928924583
2018-07-01,"노원구","FW_t",7.4195205911027
2018-07-01,"노원구","pred",7.18286634266333
2018-08-01,"노원구","FW_t",7.05091838648438
2018-08-01,"노원구","pred",7.20831712477217
2018-09-01,"노원구","FW_t",7.09855000355362
2018-09-01,"노원구","pred",7.20337616388588
2018-10-01,"노원구","FW_t",7.25197411167063
2018-10-01,"노원구","pred",7.1607852488837
2018-11-01,"노원구","FW_t",7.19483680864419
2018-11-01,"노원구","pred",7.16557010482086
2018-12-01,"노원구","FW_t",7.30465264525364
2018-12-01,"노원구","pred",7.16022303249558
2019-01-01,"노원구","FW_t",7.07642642388299
2019-01-01,"노원구","pred",7.13441448027458
2019-02-01,"노원구","FW_t",7.14085664627002
2019-02-01,"노원구","pred",7.16439601498115
2019-03-01,"노원구","FW_t",7.03482238090245
2019-03-01,"노원구","pred",7.20450199121073
2019-04-01,"노원구","FW_t",7.29026621087673
2019-04-01,"노원구","pred",7.21072123860663
2019-05-01,"노원구","FW_t",7.17975264958261
2019-05-01,"노원구","pred",7.25922002631011
2019-06-01,"노원구","FW_t",7.29535128065733
2019-06-01,"노원구","pred",7.29628821714526
2019-07-01,"노원구","FW_t",7.5728210146905
2019-07-01,"노원구","pred",7.29484433215247
2019-08-01,"노원구","FW_t",7.26705644138832
2019-08-01,"노원구","pred",7.32391487133754
2019-09-01,"노원구","FW_t",7.5023784659662
2019-09-01,"노원구","pred",7.33150994797057
2019-10-01,"노원구","FW_t",7.17681750807296
2019-10-01,"노원구","pred",7.29551885678662
2019-11-01,"노원구","FW_t",7.30135824052822
2019-11-01,"노원구","pred",7.28909864711988
2019-12-01,"노원구","FW_t",7.40996202611027
2019-12-01,"노원구","pred",7.29197978932908
2020-01-01,"노원구","FW_t",7.25125113925268
2020-01-01,"노원구","pred",7.27647614579733
2020-02-01,"노원구","FW_t",7.22219211462214
2020-02-01,"노원구","pred",7.30385748034825
2020-03-01,"노원구","FW_t",7.43704310148298
2020-03-01,"노원구","pred",7.34781131357602
2020-04-01,"노원구","FW_t",7.2061927692562
2020-04-01,"노원구","pred",7.35253422302149
2020-05-01,"노원구","FW_t",7.29124373242825
2020-05-01,"노원구","pred",7.3988385970514
2020-06-01,"노원구","FW_t",7.61271703823856
2020-06-01,"노원구","pred",7.44054477749554
2018-01-01,"도봉구","FW_t",7.52762498473764
2018-01-01,"도봉구","pred",7.37988545544153
2018-02-01,"도봉구","FW_t",7.34565179085014
2018-02-01,"도봉구","pred",7.39080548839856
2018-03-01,"도봉구","FW_t",7.33747095077194
2018-03-01,"도봉구","pred",7.43050474888156
2018-04-01,"도봉구","FW_t",7.52979215143908
2018-04-01,"도봉구","pred",7.42704828235769
2018-05-01,"도봉구","FW_t",7.38007771770997
2018-05-01,"도봉구","pred",7.44978689040159
2018-06-01,"도봉구","FW_t",7.38590802008737
2018-06-01,"도봉구","pred",7.47247193306963
2018-07-01,"도봉구","FW_t",7.68109833240831
2018-07-01,"도봉구","pred",7.46887315656211
2018-08-01,"도봉구","FW_t",7.32977604934981
2018-08-01,"도봉구","pred",7.47208732654503
2018-09-01,"도봉구","FW_t",7.3643347054626
2018-09-01,"도봉구","pred",7.44936859160477
2018-10-01,"도봉구","FW_t",7.50887670061758
2018-10-01,"도봉구","pred",7.404388164023
2018-11-01,"도봉구","FW_t",7.43135322822428
2018-11-01,"도봉구","pred",7.38778153755946
2018-12-01,"도봉구","FW_t",7.5219777516738
2018-12-01,"도봉구","pred",7.36016559433955
2019-01-01,"도봉구","FW_t",7.22457261739469
2019-01-01,"도봉구","pred",7.32917910791065
2019-02-01,"도봉구","FW_t",7.23576016138228
2019-02-01,"도봉구","pred",7.33990452600347
2019-03-01,"도봉구","FW_t",7.26623953442919
2019-03-01,"도봉구","pred",7.36432572696551
2019-04-01,"도봉구","FW_t",7.43722256226429
2019-04-01,"도봉구","pred",7.37072298847163
2019-05-01,"도봉구","FW_t",7.27683122663857
2019-05-01,"도봉구","pred",7.39804191296604
2019-06-01,"도봉구","FW_t",7.33319871790396
2019-06-01,"도봉구","pred",7.41286071832072
2019-07-01,"도봉구","FW_t",7.60000287703905
2019-07-01,"도봉구","pred",7.40437128740776
2019-08-01,"도봉구","FW_t",7.3148721887811
2019-08-01,"도봉구","pred",7.41316725856089
2019-09-01,"도봉구","FW_t",7.56701850202197
2019-09-01,"도봉구","pred",7.4004715357052
2019-10-01,"도봉구","FW_t",7.27124105644822
2019-10-01,"도봉구","pred",7.3689710053802
2019-11-01,"도봉구","FW_t",7.35134793821605
2019-11-01,"도봉구","pred",7.34139725499952
2019-12-01,"도봉구","FW_t",7.49219066684539
2019-12-01,"도봉구","pred",7.3228553588991
2020-01-01,"도봉구","FW_t",7.23944930310646
2020-01-01,"도봉구","pred",7.28972162941711
2020-02-01,"도봉구","FW_t",7.20764170689558
2020-02-01,"도봉구","pred",7.29508594773384
2020-03-01,"도봉구","FW_t",7.38542504132118
2020-03-01,"도봉구","pred",7.31831531564304
2020-04-01,"도봉구","FW_t",7.15419286142501
2020-04-01,"도봉구","pred",7.3123219240112
2020-05-01,"도봉구","FW_t",7.2798237141488
2020-05-01,"도봉구","pred",7.3392920604457
2020-06-01,"도봉구","FW_t",7.51772745371566
2020-06-01,"도봉구","pred",7.36145132585388
2018-01-01,"동대문구","FW_t",4.94317303633652
2018-01-01,"동대문구","pred",4.85473274455557
2018-02-01,"동대문구","FW_t",4.8882009578935
2018-02-01,"동대문구","pred",4.91601515316187
2018-03-01,"동대문구","FW_t",4.8101852039286
2018-03-01,"동대문구","pred",5.00175042907758
2018-04-01,"동대문구","FW_t",4.92795416440201
2018-04-01,"동대문구","pred",5.07568676351108
2018-05-01,"동대문구","FW_t",4.86756983444495
2018-05-01,"동대문구","pred",5.15112003941825
2018-06-01,"동대문구","FW_t",4.93414113675293
2018-06-01,"동대문구","pred",5.22963633306537
2018-07-01,"동대문구","FW_t",5.27448332902658
2018-07-01,"동대문구","pred",5.35613466917276
2018-08-01,"동대문구","FW_t",5.2914367492993
2018-08-01,"동대문구","pred",5.41399731250709
2018-09-01,"동대문구","FW_t",5.57503220565152
2018-09-01,"동대문구","pred",5.44423209916297
2018-10-01,"동대문구","FW_t",5.73242435179601
2018-10-01,"동대문구","pred",5.38870387247638
2018-11-01,"동대문구","FW_t",5.64786182035811
2018-11-01,"동대문구","pred",5.42656818418385
2018-12-01,"동대문구","FW_t",5.74116062594988
2018-12-01,"동대문구","pred",5.45489664513519
2019-01-01,"동대문구","FW_t",5.52839422683095
2019-01-01,"동대문구","pred",5.47868456860069
2019-02-01,"동대문구","FW_t",5.55481967558527
2019-02-01,"동대문구","pred",5.536596604495
2019-03-01,"동대문구","FW_t",5.43486065635307
2019-03-01,"동대문구","pred",5.61210515533004
2019-04-01,"동대문구","FW_t",5.67687023042177
2019-04-01,"동대문구","pred",5.6716510965134
2019-05-01,"동대문구","FW_t",5.5901934194559
2019-05-01,"동대문구","pred",5.75254246991104
2019-06-01,"동대문구","FW_t",5.8410707687803
2019-06-01,"동대문구","pred",5.82189673930829
2019-07-01,"동대문구","FW_t",6.28167321939153
2019-07-01,"동대문구","pred",5.85708793779668
2019-08-01,"동대문구","FW_t",5.98951693424072
2019-08-01,"동대문구","pred",5.91670313172381
2019-09-01,"동대문구","FW_t",6.24294905842395
2019-09-01,"동대문구","pred",5.95657765738956
2019-10-01,"동대문구","FW_t",5.894390699205
2019-10-01,"동대문구","pred",5.96804281619024
2019-11-01,"동대문구","FW_t",6.04796394717938
2019-11-01,"동대문구","pred",5.99432620207875
2019-12-01,"동대문구","FW_t",6.15279903505673
2019-12-01,"동대문구","pred",6.02861251295708
2020-01-01,"동대문구","FW_t",6.01204173219995
2020-01-01,"동대문구","pred",6.0184321333514
2020-02-01,"동대문구","FW_t",5.95647898224018
2020-02-01,"동대문구","pred",6.07321476482478
2020-03-01,"동대문구","FW_t",6.16216203037264
2020-03-01,"동대문구","pred",6.14842660325132
2020-04-01,"동대문구","FW_t",5.9198076758583
2020-04-01,"동대문구","pred",6.14867039996332
2020-05-01,"동대문구","FW_t",6.01636505759828
2020-05-01,"동대문구","pred",6.22453126876024
2020-06-01,"동대문구","FW_t",6.33220300082707
2020-06-01,"동대문구","pred",6.2969851188284
2018-01-01,"동작구","FW_t",6.21092341831852
2018-01-01,"동작구","pred",6.05517482958355
2018-02-01,"동작구","FW_t",6.07782690519707
2018-02-01,"동작구","pred",6.0656231681698
2018-03-01,"동작구","FW_t",6.00952656728888
2018-03-01,"동작구","pred",6.10236230644474
2018-04-01,"동작구","FW_t",6.19736742850878
2018-04-01,"동작구","pred",6.13138278463305
2018-05-01,"동작구","FW_t",6.06497519804376
2018-05-01,"동작구","pred",6.15261745525561
2018-06-01,"동작구","FW_t",6.15313146624799
2018-06-01,"동작구","pred",6.17302959190874
2018-07-01,"동작구","FW_t",6.42867070245979
2018-07-01,"동작구","pred",6.20578476403691
2018-08-01,"동작구","FW_t",6.04716177866308
2018-08-01,"동작구","pred",6.21153809904631
2018-09-01,"동작구","FW_t",6.09914472027884
2018-09-01,"동작구","pred",6.18864199036913
2018-10-01,"동작구","FW_t",6.27444153674726
2018-10-01,"동작구","pred",6.17517899945824
2018-11-01,"동작구","FW_t",6.20033325390434
2018-11-01,"동작구","pred",6.15942403875715
2018-12-01,"동작구","FW_t",6.3122407609925
2018-12-01,"동작구","pred",6.13260998860421
2019-01-01,"동작구","FW_t",6.04674136546801
2019-01-01,"동작구","pred",6.15549781795369
2019-02-01,"동작구","FW_t",6.09483454550012
2019-02-01,"동작구","pred",6.16455189537692
2019-03-01,"동작구","FW_t",5.98484524025422
2019-03-01,"동작구","pred",6.18860038330534
2019-04-01,"동작구","FW_t",6.25127090831309
2019-04-01,"동작구","pred",6.21786764037062
2019-05-01,"동작구","FW_t",6.13286438652758
2019-05-01,"동작구","pred",6.24649127791994
2019-06-01,"동작구","FW_t",6.2227372670151
2019-06-01,"동작구","pred",6.26028953881847
2019-07-01,"동작구","FW_t",6.50074913408649
2019-07-01,"동작구","pred",6.27961626515043
2019-08-01,"동작구","FW_t",6.17923393540027
2019-08-01,"동작구","pred",6.28694769479913
2019-09-01,"동작구","FW_t",6.40220198204264
2019-09-01,"동작구","pred",6.27359039745881
2019-10-01,"동작구","FW_t",6.06571116447144
2019-10-01,"동작구","pred",6.25695664118319
2019-11-01,"동작구","FW_t",6.22027550827285
2019-11-01,"동작구","pred",6.22892847186762
2019-12-01,"동작구","FW_t",6.36084490658211
2019-12-01,"동작구","pred",6.21010624940163
2020-01-01,"동작구","FW_t",6.18943766214226
2020-01-01,"동작구","pred",6.22659708739439
2020-02-01,"동작구","FW_t",6.1505337873891
2020-02-01,"동작구","pred",6.23208501183461
2020-03-01,"동작구","FW_t",6.36980251565173
2020-03-01,"동작구","pred",6.25307259576357
2020-04-01,"동작구","FW_t",6.12326400329607
2020-04-01,"동작구","pred",6.28355112574876
2020-05-01,"동작구","FW_t",6.22823482739099
2020-05-01,"동작구","pred",6.31032491456837
2020-06-01,"동작구","FW_t",6.55407335149766
2020-06-01,"동작구","pred",6.33349872551452
2018-01-01,"마포구","FW_t",7.03162831068862
2018-01-01,"마포구","pred",6.87247037625769
2018-02-01,"마포구","FW_t",6.85029139613834
2018-02-01,"마포구","pred",6.87439771640969
2018-03-01,"마포구","FW_t",6.854805845532
2018-03-01,"마포구","pred",6.90529200898833
2018-04-01,"마포구","FW_t",7.03510133177154
2018-04-01,"마포구","pred",6.91990626815557
2018-05-01,"마포구","FW_t",6.86415865749211
2018-05-01,"마포구","pred",6.93493829782963
2018-06-01,"마포구","FW_t",6.94245358916144
2018-06-01,"마포구","pred",6.94849044237041
2018-07-01,"마포구","FW_t",7.20272824565291
2018-07-01,"마포구","pred",6.95819971047276
2018-08-01,"마포구","FW_t",6.86578330056713
2018-08-01,"마포구","pred",6.95671813907263
2018-09-01,"마포구","FW_t",6.83569069461194
2018-09-01,"마포구","pred",6.92663358773958
2018-10-01,"마포구","FW_t",7.00385737150443
2018-10-01,"마포구","pred",6.89929428367927
2018-11-01,"마포구","FW_t",6.8781432372934
2018-11-01,"마포구","pred",6.87709310664089
2018-12-01,"마포구","FW_t",6.99856169569032
2018-12-01,"마포구","pred",6.84243005991875
2019-01-01,"마포구","FW_t",6.70412289092396
2019-01-01,"마포구","pred",6.83688412883727
2019-02-01,"마포구","FW_t",6.74702792013342
2019-02-01,"마포구","pred",6.83790455972303
2019-03-01,"마포구","FW_t",6.63274358387559
2019-03-01,"마포구","pred",6.85511864278167
2019-04-01,"마포구","FW_t",6.89401526584552
2019-04-01,"마포구","pred",6.86900464521681
2019-05-01,"마포구","FW_t",6.76209763103977
2019-05-01,"마포구","pred",6.88971444914156
2019-06-01,"마포구","FW_t",6.81422374644652
2019-06-01,"마포구","pred",6.89736806506588
2019-07-01,"마포구","FW_t",7.0854357324984
2019-07-01,"마포구","pred",6.90378144196882
2019-08-01,"마포구","FW_t",6.79384541042086
2019-08-01,"마포구","pred",6.90443475558634
2019-09-01,"마포구","FW_t",7.022171986464
2019-09-01,"마포구","pred",6.88531378287868
2019-10-01,"마포구","FW_t",6.72353802849577
2019-10-01,"마포구","pred",6.86436388086752
2019-11-01,"마포구","FW_t",6.80416519851197
2019-11-01,"마포구","pred",6.82920798483864
2019-12-01,"마포구","FW_t",6.98204985529565
2019-12-01,"마포구","pred",6.80427245163492
2020-01-01,"마포구","FW_t",6.77087305343946
2020-01-01,"마포구","pred",6.80324399485467
2020-02-01,"마포구","FW_t",6.72296434297944
2020-02-01,"마포구","pred",6.80327877341435
2020-03-01,"마포구","FW_t",6.90790575366025
2020-03-01,"마포구","pred",6.81778122032777
2020-04-01,"마포구","FW_t",6.68146254544475
2020-04-01,"마포구","pred",6.83320353913558
2020-05-01,"마포구","FW_t",6.76638639501766
2020-05-01,"마포구","pred",6.85058013905693
2020-06-01,"마포구","FW_t",7.07441357825568
2020-06-01,"마포구","pred",6.86463612938872
2018-01-01,"서대문구","FW_t",6.2443621243248
2018-01-01,"서대문구","pred",6.09718968506372
2018-02-01,"서대문구","FW_t",6.09690888425269
2018-02-01,"서대문구","pred",6.10631198840186
2018-03-01,"서대문구","FW_t",6.01938098198481
2018-03-01,"서대문구","pred",6.14202426946431
2018-04-01,"서대문구","FW_t",6.22834363258347
2018-04-01,"서대문구","pred",6.15991367960328
2018-05-01,"서대문구","FW_t",6.09878144779601
2018-05-01,"서대문구","pred",6.17982762582511
2018-06-01,"서대문구","FW_t",6.19453956577632
2018-06-01,"서대문구","pred",6.19950524071254
2018-07-01,"서대문구","FW_t",6.46803073620029
2018-07-01,"서대문구","pred",6.2174299703711
2018-08-01,"서대문구","FW_t",6.08114184653311
2018-08-01,"서대문구","pred",6.22189343775805
2018-09-01,"서대문구","FW_t",6.11359699921332
2018-09-01,"서대문구","pred",6.19726911909954
2018-10-01,"서대문구","FW_t",6.2530027397028
2018-10-01,"서대문구","pred",6.17197416646062
2018-11-01,"서대문구","FW_t",6.17995712807144
2018-11-01,"서대문구","pred",6.15550889799464
2018-12-01,"서대문구","FW_t",6.27701719769947
2018-12-01,"서대문구","pred",6.12678242775428
2019-01-01,"서대문구","FW_t",6.03573211880367
2019-01-01,"서대문구","pred",6.13533429562452
2019-02-01,"서대문구","FW_t",6.07364251195803
2019-02-01,"서대문구","pred",6.14282700160228
2019-03-01,"서대문구","FW_t",5.96523978950766
2019-03-01,"서대문구","pred",6.16585412722485
2019-04-01,"서대문구","FW_t",6.21643283258173
2019-04-01,"서대문구","pred",6.18680699928142
2019-05-01,"서대문구","FW_t",6.11046728307188
2019-05-01,"서대문구","pred",6.21405347378249
2019-06-01,"서대문구","FW_t",6.19336791433621
2019-06-01,"서대문구","pred",6.22710095860685
2019-07-01,"서대문구","FW_t",6.46025869522621
2019-07-01,"서대문구","pred",6.23926266021544
2019-08-01,"서대문구","FW_t",6.15783095306665
2019-08-01,"서대문구","pred",6.24596421616299
2019-09-01,"서대문구","FW_t",6.37604380644737
2019-09-01,"서대문구","pred",6.23134279886155
2019-10-01,"서대문구","FW_t",6.02316619744082
2019-10-01,"서대문구","pred",6.21084422147636
2019-11-01,"서대문구","FW_t",6.15872925381954
2019-11-01,"서대문구","pred",6.18129292640217
2019-12-01,"서대문구","FW_t",6.29256540238292
2019-12-01,"서대문구","pred",6.16157050673021
2020-01-01,"서대문구","FW_t",6.12865503394953
2020-01-01,"서대문구","pred",6.17976398451567
2020-02-01,"서대문구","FW_t",6.10544536348129
2020-02-01,"서대문구","pred",6.18467591182631
2020-03-01,"서대문구","FW_t",6.31666131097748
2020-03-01,"서대문구","pred",6.20453545341291
2020-04-01,"서대문구","FW_t",6.08304893111072
2020-04-01,"서대문구","pred",6.22552706630073
2020-05-01,"서대문구","FW_t",6.17765527566031
2020-05-01,"서대문구","pred",6.25068223555606
2020-06-01,"서대문구","FW_t",6.52271128333935
2020-06-01,"서대문구","pred",6.27120989868986
2018-01-01,"서초구","FW_t",5.99159303885256
2018-01-01,"서초구","pred",5.88715563109057
2018-02-01,"서초구","FW_t",5.84258163486474
2018-02-01,"서초구","pred",5.89896767700036
2018-03-01,"서초구","FW_t",5.81803751647677
2018-03-01,"서초구","pred",5.93693094425922
2018-04-01,"서초구","FW_t",6.05137020464918
2018-04-01,"서초구","pred",5.97675559788574
2018-05-01,"서초구","FW_t",5.94333689467917
2018-05-01,"서초구","pred",5.99833994773204
2018-06-01,"서초구","FW_t",6.04388217169938
2018-06-01,"서초구","pred",6.01925405056677
2018-07-01,"서초구","FW_t",6.31762689038404
2018-07-01,"서초구","pred",6.04422910058957
2018-08-01,"서초구","FW_t",5.95443158907232
2018-08-01,"서초구","pred",6.05189152713613
2018-09-01,"서초구","FW_t",5.95047300696568
2018-09-01,"서초구","pred",6.03005554860347
2018-10-01,"서초구","FW_t",6.11141128471656
2018-10-01,"서초구","pred",6.00484331823591
2018-11-01,"서초구","FW_t",6.0076588339315
2018-11-01,"서초구","pred",5.98995759726697
2018-12-01,"서초구","FW_t",6.14051980299796
2018-12-01,"서초구","pred",5.96360750354869
2019-01-01,"서초구","FW_t",5.90313102374063
2019-01-01,"서초구","pred",5.97327027704374
2019-02-01,"서초구","FW_t",5.8936622019377
2019-02-01,"서초구","pred",5.98403699189535
2019-03-01,"서초구","FW_t",5.82640253377072
2019-03-01,"서초구","pred",6.0088519740933
2019-04-01,"서초구","FW_t",6.07824217344672
2019-04-01,"서초구","pred",6.03872560536941
2019-05-01,"서초구","FW_t",5.97012943866217
2019-05-01,"서초구","pred",6.06805654576107
2019-06-01,"서초구","FW_t",6.0510975009136
2019-06-01,"서초구","pred",6.0821251700065
2019-07-01,"서초구","FW_t",6.3174491228258
2019-07-01,"서초구","pred",6.11144247056302
2019-08-01,"서초구","FW_t",6.00845402512916
2019-08-01,"서초구","pred",6.12022099761371
2019-09-01,"서초구","FW_t",6.21490124944923
2019-09-01,"서초구","pred",6.10746715254801
2019-10-01,"서초구","FW_t",5.88551788747911
2019-10-01,"서초구","pred",6.09889555699356
2019-11-01,"서초구","FW_t",5.99624410430522
2019-11-01,"서초구","pred",6.07087047433151
2019-12-01,"서초구","FW_t",6.16652613901655
2019-12-01,"서초구","pred",6.05246150845041
2020-01-01,"서초구","FW_t",6.00251456269016
2020-01-01,"서초구","pred",6.07969666089206
2020-02-01,"서초구","FW_t",6.01481845183358
2020-02-01,"서초구","pred",6.08653063079115
2020-03-01,"서초구","FW_t",6.24949600968528
2020-03-01,"서초구","pred",6.10832755287911
2020-04-01,"서초구","FW_t",6.00636782205581
2020-04-01,"서초구","pred",6.14246620750722
2020-05-01,"서초구","FW_t",6.10335267745661
2020-05-01,"서초구","pred",6.17073571715148
2020-06-01,"서초구","FW_t",6.42370131809106
2020-06-01,"서초구","pred",6.19553722602273
2018-01-01,"성동구","FW_t",5.94114709222362
2018-01-01,"성동구","pred",5.76565405280385
2018-02-01,"성동구","FW_t",5.78251540186475
2018-02-01,"성동구","pred",5.78959845825943
2018-03-01,"성동구","FW_t",5.71638555448454
2018-03-01,"성동구","pred",5.83990526150449
2018-04-01,"성동구","FW_t",5.92639161653245
2018-04-01,"성동구","pred",5.87324815582023
2018-05-01,"성동구","FW_t",5.80757355940136
2018-05-01,"성동구","pred",5.90800362702677
2018-06-01,"성동구","FW_t",5.91430916708928
2018-06-01,"성동구","pred",5.94278667492153
2018-07-01,"성동구","FW_t",6.18046810452832
2018-07-01,"성동구","pred",5.97563861624072
2018-08-01,"성동구","FW_t",5.81534084387798
2018-08-01,"성동구","pred",5.99540311536287
2018-09-01,"성동구","FW_t",5.82791067047242
2018-09-01,"성동구","pred",5.98594134486892
2018-10-01,"성동구","FW_t",6.01645199184084
2018-10-01,"성동구","pred",5.96068274274558
2018-11-01,"성동구","FW_t",6.02460479239682
2018-11-01,"성동구","pred",5.9584573472827
2018-12-01,"성동구","FW_t",6.16008644057792
2018-12-01,"성동구","pred",5.94495319621735
2019-01-01,"성동구","FW_t",5.90031877162275
2019-01-01,"성동구","pred",5.94043106815275
2019-02-01,"성동구","FW_t",5.9409504227728
2019-02-01,"성동구","pred",5.96217722489251
2019-03-01,"성동구","FW_t",5.81943643061525
2019-03-01,"성동구","pred",5.9994263560226
2019-04-01,"성동구","FW_t",6.07782640070295
2019-04-01,"성동구","pred",6.02057530569319
2019-05-01,"성동구","FW_t",5.96491803585896
2019-05-01,"성동구","pred",6.06304555219855
2019-06-01,"성동구","FW_t",6.04468168347424
2019-06-01,"성동구","pred",6.09070880507904
2019-07-01,"성동구","FW_t",6.31170567987204
2019-07-01,"성동구","pred",6.10631327788697
2019-08-01,"성동구","FW_t",6.01420513378361
2019-08-01,"성동구","pred",6.12741140374023
2019-09-01,"성동구","FW_t",6.24088959441
2019-09-01,"성동구","pred",6.12820529266996
2019-10-01,"성동구","FW_t",5.90969793770268
2019-10-01,"성동구","pred",6.1084188724789
2019-11-01,"성동구","FW_t",6.03218017597161
2019-11-01,"성동구","pred",6.09412016411239
2019-12-01,"성동구","FW_t",6.22625480150323
2019-12-01,"성동구","pred",6.08935213455123
2020-01-01,"성동구","FW_t",6.08593902326381
2020-01-01,"성동구","pred",6.08234192127878
2020-02-01,"성동구","FW_t",6.06532336929786
2020-02-01,"성동구","pred",6.1014778748444
2020-03-01,"성동구","FW_t",6.2665318221474
2020-03-01,"성동구","pred",6.13674518862719
2020-04-01,"성동구","FW_t",6.02426868434465
2020-04-01,"성동구","pred",6.15206840236022
2020-05-01,"성동구","FW_t",6.11571561542481
2020-05-01,"성동구","pred",6.19199157126805
2020-06-01,"성동구","FW_t",6.4192010463311
2020-06-01,"성동구","pred",6.22784733769682
2018-01-01,"성북구","FW_t",5.35059643739828
2018-01-01,"성북구","pred",5.10255126155455
2018-02-01,"성북구","FW_t",5.23003424313033
2018-02-01,"성북구","pred",5.12972349352131
2018-03-01,"성북구","FW_t",5.19403876540957
2018-03-01,"성북구","pred",5.18154788678819
2018-04-01,"성북구","FW_t",5.35173916905411
2018-04-01,"성북구","pred",5.21752349930001
2018-05-01,"성북구","FW_t",5.22312361283911
2018-05-01,"성북구","pred",5.25222285583411
2018-06-01,"성북구","FW_t",5.31863848685446
2018-06-01,"성북구","pred",5.2863840726663
2018-07-01,"성북구","FW_t",5.59209979394007
2018-07-01,"성북구","pred",5.32826194427294
2018-08-01,"성북구","FW_t",5.1973712597012
2018-08-01,"성북구","pred",5.34995114017761
2018-09-01,"성북구","FW_t",5.24901838745424
2018-09-01,"성북구","pred",5.34243280262556
2018-10-01,"성북구","FW_t",5.39508744381965
2018-10-01,"성북구","pred",5.33557757404108
2018-11-01,"성북구","FW_t",5.33105122006284
2018-11-01,"성북구","pred",5.3341885120543
2018-12-01,"성북구","FW_t",5.4117659107431
2018-12-01,"성북구","pred",5.3215110315327
2019-01-01,"성북구","FW_t",5.17512010664573
2019-01-01,"성북구","pred",5.3568277652244
2019-02-01,"성북구","FW_t",5.21338635682031
2019-02-01,"성북구","pred",5.38274286897524
2019-03-01,"성북구","FW_t",5.09706571069441
2019-03-01,"성북구","pred",5.42132355137333
2019-04-01,"성북구","FW_t",5.33053397834278
2019-04-01,"성북구","pred",5.47009548428794
2019-05-01,"성북구","FW_t",5.21296886802751
2019-05-01,"성북구","pred",5.51292943758467
2019-06-01,"성북구","FW_t",5.28877909148822
2019-06-01,"성북구","pred",5.54050616147595
2019-07-01,"성북구","FW_t",5.81831094885715
2019-07-01,"성북구","pred",5.58004801988826
2019-08-01,"성북구","FW_t",5.55371298708943
2019-08-01,"성북구","pred",5.60273459195773
2019-09-01,"성북구","FW_t",5.79987315585066
2019-09-01,"성북구","pred",5.60420878203339
2019-10-01,"성북구","FW_t",5.43906013210666
2019-10-01,"성북구","pred",5.60633393150609
2019-11-01,"성북구","FW_t",5.59062825199637
2019-11-01,"성북구","pred",5.59225761476296
2019-12-01,"성북구","FW_t",5.69599234691662
2019-12-01,"성북구","pred",5.58789630181076
2020-01-01,"성북구","FW_t",5.54494706638207
2020-01-01,"성북구","pred",5.62045295940141
2020-02-01,"성북구","FW_t",5.59309176389941
2020-02-01,"성북구","pred",5.6427355396097
2020-03-01,"성북구","FW_t",5.89067768411483
2020-03-01,"성북구","pred",5.6788600840328
2020-04-01,"성북구","FW_t",5.67495824258525
2020-04-01,"성북구","pred",5.72196284521841
2020-05-01,"성북구","FW_t",5.7743974839881
2020-05-01,"성북구","pred",5.76514211898565
2020-06-01,"성북구","FW_t",6.08539606790766
2020-06-01,"성북구","pred",5.80429046640328
2018-01-01,"송파구","FW_t",7.47490544067684
2018-01-01,"송파구","pred",7.32379137837026
2018-02-01,"송파구","FW_t",7.31415684847344
2018-02-01,"송파구","pred",7.32804495602585
2018-03-01,"송파구","FW_t",7.25767783175343
2018-03-01,"송파구","pred",7.35833611138816
2018-04-01,"송파구","FW_t",7.45245567486524
2018-04-01,"송파구","pred",7.39549687930311
2018-05-01,"송파구","FW_t",7.3259046999786
2018-05-01,"송파구","pred",7.41013092987008
2018-06-01,"송파구","FW_t",7.4212456890492
2018-06-01,"송파구","pred",7.42408542167384
2018-07-01,"송파구","FW_t",7.6973958481696
2018-07-01,"송파구","pred",7.44865509494264
2018-08-01,"송파구","FW_t",7.3198769164921
2018-08-01,"송파구","pred",7.44827356425466
2018-09-01,"송파구","FW_t",7.3324402622665
2018-09-01,"송파구","pred",7.4189044383681
2018-10-01,"송파구","FW_t",7.48906251934394
2018-10-01,"송파구","pred",7.40859706259167
2018-11-01,"송파구","FW_t",7.43263483142374
2018-11-01,"송파구","pred",7.38624912624011
2018-12-01,"송파구","FW_t",7.52495553547537
2018-12-01,"송파구","pred",7.35281634816964
2019-01-01,"송파구","FW_t",7.28025235816732
2019-01-01,"송파구","pred",7.39379893798774
2019-02-01,"송파구","FW_t",7.30733858985177
2019-02-01,"송파구","pred",7.3971235600421
2019-03-01,"송파구","FW_t",7.22800154799877
2019-03-01,"송파구","pred",7.41516910734246
2019-04-01,"송파구","FW_t",7.48223696275639
2019-04-01,"송파구","pred",7.44792270839054
2019-05-01,"송파구","FW_t",7.36827700106594
2019-05-01,"송파구","pred",7.46998651429973
2019-06-01,"송파구","FW_t",7.44333434158611
2019-06-01,"송파구","pred",7.47730280188059
2019-07-01,"송파구","FW_t",7.71787712366533
2019-07-01,"송파구","pred",7.49873390135
2019-08-01,"송파구","FW_t",7.40440227356956
2019-08-01,"송파구","pred",7.49977077801943
2019-09-01,"송파구","FW_t",7.61703067188728
2019-09-01,"송파구","pred",7.48035343077433
2019-10-01,"송파구","FW_t",7.28909515317687
2019-10-01,"송파구","pred",7.47919853317788
2019-11-01,"송파구","FW_t",7.42072542581389
2019-11-01,"송파구","pred",7.44447963618845
2019-12-01,"송파구","FW_t",7.54793434131448
2019-12-01,"송파구","pred",7.41889775663737
2020-01-01,"송파구","FW_t",7.36400243217886
2020-01-01,"송파구","pred",7.43037541318473
2020-02-01,"송파구","FW_t",7.35229876254995
2020-02-01,"송파구","pred",7.42970158132901
2020-03-01,"송파구","FW_t",7.56633596063109
2020-03-01,"송파구","pred",7.44433381273408
2020-04-01,"송파구","FW_t",7.32839926878192
2020-04-01,"송파구","pred",7.47460851439984
2020-05-01,"송파구","FW_t",7.42171125567695
2020-05-01,"송파구","pred",7.49510479631545
2020-06-01,"송파구","FW_t",7.73331390832606
2020-06-01,"송파구","pred",7.51202569410917
2018-01-01,"양천구","FW_t",6.09531046634351
2018-01-01,"양천구","pred",6.0675321642747
2018-02-01,"양천구","FW_t",5.89528875026531
2018-02-01,"양천구","pred",6.06659295876459
2018-03-01,"양천구","FW_t",5.91596133282572
2018-03-01,"양천구","pred",6.09173105083171
2018-04-01,"양천구","FW_t",6.08552237486492
2018-04-01,"양천구","pred",6.11458596859597
2018-05-01,"양천구","FW_t",5.94157474105397
2018-05-01,"양천구","pred",6.12366350823137
2018-06-01,"양천구","FW_t",6.04524402961701
2018-06-01,"양천구","pred",6.13180606525597
2018-07-01,"양천구","FW_t",6.41821011155349
2018-07-01,"양천구","pred",6.15856809262904
2018-08-01,"양천구","FW_t",6.17005843560474
2018-08-01,"양천구","pred",6.1529113685181
2018-09-01,"양천구","FW_t",6.15608388170975
2018-09-01,"양천구","pred",6.11828122151896
2018-10-01,"양천구","FW_t",6.31876142572127
2018-10-01,"양천구","pred",6.09649486982041
2018-11-01,"양천구","FW_t",6.22880090239487
2018-11-01,"양천구","pred",6.06892076931966
2018-12-01,"양천구","FW_t",6.37702435264904
2018-12-01,"양천구","pred",6.03002954963731
2019-01-01,"양천구","FW_t",6.21126839280853
2019-01-01,"양천구","pred",6.03278940613307
2019-02-01,"양천구","FW_t",6.06414944234647
2019-02-01,"양천구","pred",6.03031907613761
2019-03-01,"양천구","FW_t",5.86923095050631
2019-03-01,"양천구","pred",6.04277813050293
2019-04-01,"양천구","FW_t",6.09164644308175
2019-04-01,"양천구","pred",6.07184527832595
2019-05-01,"양천구","FW_t",5.9691293354757
2019-05-01,"양천구","pred",6.08866716842613
2019-06-01,"양천구","FW_t",6.00559659268897
2019-06-01,"양천구","pred",6.09046679467148
2019-07-01,"양천구","FW_t",6.28078106437682
2019-07-01,"양천구","pred",6.11801929610102
2019-08-01,"양천구","FW_t",5.99473108117172
2019-08-01,"양천구","pred",6.11381406230598
2019-09-01,"양천구","FW_t",6.15035635855894
2019-09-01,"양천구","pred",6.0886543060108
2019-10-01,"양천구","FW_t",5.91098361842965
2019-10-01,"양천구","pred",6.07501653890775
2019-11-01,"양천구","FW_t",5.87339654616535
2019-11-01,"양천구","pred",6.03480142374417
2019-12-01,"양천구","FW_t",6.12216676733332
2019-12-01,"양천구","pred",6.00395483065571
2020-01-01,"양천구","FW_t",5.9147180725508
2020-01-01,"양천구","pred",6.02890621759211
2020-02-01,"양천구","FW_t",5.95122824041412
2020-02-01,"양천구","pred",6.02310819345841
2020-03-01,"양천구","FW_t",6.09405937928661
2020-03-01,"양천구","pred",6.03223681097048
2020-04-01,"양천구","FW_t",5.89758234176266
2020-04-01,"양천구","pred",6.06605387892005
2020-05-01,"양천구","FW_t",6.01195431082087
2020-05-01,"양천구","pred",6.08143984518065
2020-06-01,"양천구","FW_t",6.26389878112085
2020-06-01,"양천구","pred",6.093591405712
2018-01-01,"영등포구","FW_t",6.79779994552055
2018-01-01,"영등포구","pred",6.69172452316386
2018-02-01,"영등포구","FW_t",6.65946345659349
2018-02-01,"영등포구","pred",6.69435827312449
2018-03-01,"영등포구","FW_t",6.59777619885246
2018-03-01,"영등포구","pred",6.72337274043346
2018-04-01,"영등포구","FW_t",6.78428957123618
2018-04-01,"영등포구","pred",6.74329183281005
2018-05-01,"영등포구","FW_t",6.64515234473528
2018-05-01,"영등포구","pred",6.7574606065754
2018-06-01,"영등포구","FW_t",6.73918862824016
2018-06-01,"영등포구","pred",6.7706327641468
2018-07-01,"영등포구","FW_t",7.0132563997546
2018-07-01,"영등포구","pred",6.78830716605302
2018-08-01,"영등포구","FW_t",6.63170199597028
2018-08-01,"영등포구","pred",6.78578544548583
2018-09-01,"영등포구","FW_t",6.66347420854998
2018-09-01,"영등포구","pred",6.75456780361867
2018-10-01,"영등포구","FW_t",6.80459473050983
2018-10-01,"영등포구","pred",6.7324680499507
2018-11-01,"영등포구","FW_t",6.75284305091728
2018-11-01,"영등포구","pred",6.70859013624645
2018-12-01,"영등포구","FW_t",6.83178008773628
2018-12-01,"영등포구","pred",6.67313254962615
2019-01-01,"영등포구","FW_t",6.58078676855058
2019-01-01,"영등포구","pred",6.67788035536948
2019-02-01,"영등포구","FW_t",6.61311451624139
2019-02-01,"영등포구","pred",6.67807842845207
2019-03-01,"영등포구","FW_t",6.49356622769992
2019-03-01,"영등포구","pred",6.69439300442262
2019-04-01,"영등포구","FW_t",6.7595147497571
2019-04-01,"영등포구","pred",6.71627730432035
2019-05-01,"영등포구","FW_t",6.64107994519469
2019-05-01,"영등포구","pred",6.7371252350411
2019-06-01,"영등포구","FW_t",6.71901870750994
2019-06-01,"영등포구","pred",6.74310384947784
2019-07-01,"영등포구","FW_t",6.99205305239432
2019-07-01,"영등포구","pred",6.756716233199
2019-08-01,"영등포구","FW_t",6.67487487423933
2019-08-01,"영등포구","pred",6.75626873093487
2019-09-01,"영등포구","FW_t",6.90394380152159
2019-09-01,"영등포구","pred",6.73501200032154
2019-10-01,"영등포구","FW_t",6.55568753131125
2019-10-01,"영등포구","pred",6.71722212931244
2019-11-01,"영등포구","FW_t",6.70455930156668
2019-11-01,"영등포구","pred",6.68180037148585
2019-12-01,"영등포구","FW_t",6.82453117502983
2019-12-01,"영등포구","pred",6.65468775057058
2020-01-01,"영등포구","FW_t",6.65213837201392
2020-01-01,"영등포구","pred",6.6862205990208
2020-02-01,"영등포구","FW_t",6.60969962921437
2020-02-01,"영등포구","pred",6.68429912589851
2020-03-01,"영등포구","FW_t",6.82352118069032
2020-03-01,"영등포구","pred",6.6984884954842
2020-04-01,"영등포구","FW_t",6.58454893343691
2020-04-01,"영등포구","pred",6.72467405975969
2020-05-01,"영등포구","FW_t",6.69376477666746
2020-05-01,"영등포구","pred",6.74381014941668
2020-06-01,"영등포구","FW_t",7.01565726456761
2020-06-01,"영등포구","pred",6.75902400635761
2018-01-01,"은평구","FW_t",4.97327881551073
2018-01-01,"은평구","pred",4.78576639231749
2018-02-01,"은평구","FW_t",4.83411288966664
2018-02-01,"은평구","pred",4.80501677073152
2018-03-01,"은평구","FW_t",4.75235192477095
2018-03-01,"은평구","pred",4.84830771790405
2018-04-01,"은평구","FW_t",4.94090107645156
2018-04-01,"은평구","pred",4.90625285105558
2018-05-01,"은평구","FW_t",4.82540069852174
2018-05-01,"은평구","pred",4.93341509151356
2018-06-01,"은평구","FW_t",4.92274134593706
2018-06-01,"은평구","pred",4.95947840429253
2018-07-01,"은평구","FW_t",5.20436365632272
2018-07-01,"은평구","pred",5.00725468273093
2018-08-01,"은평구","FW_t",4.82844972805514
2018-08-01,"은평구","pred",5.02239895027815
2018-09-01,"은평구","FW_t",4.86795705345405
2018-09-01,"은평구","pred",5.00707612333025
2018-10-01,"은평구","FW_t",5.08865466389388
2018-10-01,"은평구","pred",5.02521999106862
2018-11-01,"은평구","FW_t",5.06058256633564
2018-11-01,"은평구","pred",5.01709569344008
2018-12-01,"은평구","FW_t",5.18754556961416
2018-12-01,"은평구","pred",4.99738759605076
2019-01-01,"은평구","FW_t",4.96965946830013
2019-01-01,"은평구","pred",5.03667080037283
2019-02-01,"은평구","FW_t",5.02332674912196
2019-02-01,"은평구","pred",5.05395138802313
2019-03-01,"은평구","FW_t",4.90770293917974
2019-03-01,"은평구","pred",5.08595042837382
2019-04-01,"은평구","FW_t",5.15298258722238
2019-04-01,"은평구","pred",5.13316804046618
2019-05-01,"은평구","FW_t",5.0632276177132
2019-05-01,"은평구","pred",5.16881385306877
2019-06-01,"은평구","FW_t",5.15381186953587
2019-06-01,"은평구","pred",5.18892678453743
2019-07-01,"은평구","FW_t",5.4293784880637
2019-07-01,"은평구","pred",5.23942062606102
2019-08-01,"은평구","FW_t",5.1891033635133
2019-08-01,"은평구","pred",5.25562227783958
2019-09-01,"은평구","FW_t",5.50092568587677
2019-09-01,"은평구","pred",5.24907806227363
2019-10-01,"은평구","FW_t",5.15277440875717
2019-10-01,"은평구","pred",5.26465249209319
2019-11-01,"은평구","FW_t",5.28467675497707
2019-11-01,"은평구","pred",5.24388161937016
2019-12-01,"은평구","FW_t",5.40340729560061
2019-12-01,"은평구","pred",5.23399263980421
2020-01-01,"은평구","FW_t",5.23036582768602
2020-01-01,"은평구","pred",5.29173709567505
2020-02-01,"은평구","FW_t",5.20667866361649
2020-02-01,"은평구","pred",5.3066968723307
2020-03-01,"은평구","FW_t",5.41841872614691
2020-03-01,"은평구","pred",5.33599564792087
2020-04-01,"은평구","FW_t",5.17362854008817
2020-04-01,"은평구","pred",5.39462209261795
2020-05-01,"은평구","FW_t",5.27059484391266
2020-05-01,"은평구","pred",5.43137951874176
2020-06-01,"은평구","FW_t",5.62665735806043
2020-06-01,"은평구","pred",5.46375098510482
2018-01-01,"종로구","FW_t",4.44491751012598
2018-01-01,"종로구","pred",4.31761648850431
2018-02-01,"종로구","FW_t",4.30924960334842
2018-02-01,"종로구","pred",4.34979780938923
2018-03-01,"종로구","FW_t",4.24052931239767
2018-03-01,"종로구","pred",4.40167412209349
2018-04-01,"종로구","FW_t",4.45176081465711
2018-04-01,"종로구","pred",4.41839251387142
2018-05-01,"종로구","FW_t",4.31109304191936
2018-05-01,"종로구","pred",4.46008285932283
2018-06-01,"종로구","FW_t",4.41583126498617
2018-06-01,"종로구","pred",4.50248013295003
2018-07-01,"종로구","FW_t",4.75024278444198
2018-07-01,"종로구","pred",4.51845358262659
2018-08-01,"종로구","FW_t",4.46087709343952
2018-08-01,"종로구","pred",4.54486928829504
2018-09-01,"종로구","FW_t",4.54422945171338
2018-09-01,"종로구","pred",4.5403394972339
2018-10-01,"종로구","FW_t",4.69104783722014
2018-10-01,"종로구","pred",4.50904132206168
2018-11-01,"종로구","FW_t",4.60060528265296
2018-11-01,"종로구","pred",4.51412650030009
2018-12-01,"종로구","FW_t",4.72659546948836
2018-12-01,"종로구","pred",4.50676819002297
2019-01-01,"종로구","FW_t",4.49329740034465
2019-01-01,"종로구","pred",4.51279830093174
2019-02-01,"종로구","FW_t",4.53221070790865
2019-02-01,"종로구","pred",4.54127691183382
2019-03-01,"종로구","FW_t",4.41653373213637
2019-03-01,"종로구","pred",4.58364336788181
2019-04-01,"종로구","FW_t",4.681055185436
2019-04-01,"종로구","pred",4.5957731842592
2019-05-01,"종로구","FW_t",4.57395038004335
2019-05-01,"종로구","pred",4.64377048418531
2019-06-01,"종로구","FW_t",4.65310474613754
2019-06-01,"종로구","pred",4.67732631309697
2019-07-01,"종로구","FW_t",4.93705692526768
2019-07-01,"종로구","pred",4.69866188203179
2019-08-01,"종로구","FW_t",4.62050057280638
2019-08-01,"종로구","pred",4.7266839178434
2019-09-01,"종로구","FW_t",4.83775502772528
2019-09-01,"종로구","pred",4.73083832270372
2019-10-01,"종로구","FW_t",4.48729895894296
2019-10-01,"종로구","pred",4.71566924559608
2019-11-01,"종로구","FW_t",4.61905188777647
2019-11-01,"종로구","pred",4.707729743875
2019-12-01,"종로구","FW_t",4.76459877028426
2019-12-01,"종로구","pred",4.7076448812912
2020-01-01,"종로구","FW_t",4.61334220390642
2020-01-01,"종로구","pred",4.66332568226519
2020-02-01,"종로구","FW_t",4.5978983098703
2020-02-01,"종로구","pred",4.68992839808332
2020-03-01,"종로구","FW_t",4.81020801345076
2020-03-01,"종로구","pred",4.72943653756122
2020-04-01,"종로구","FW_t",4.57000455984475
2020-04-01,"종로구","pred",4.75413224395142
2020-05-01,"종로구","FW_t",4.67366680102684
2020-05-01,"종로구","pred",4.79733851117868
2020-06-01,"종로구","FW_t",5.00486869920192
2020-06-01,"종로구","pred",4.83877022765751
2018-01-01,"중구","FW_t",5.1244398185548
2018-01-01,"중구","pred",5.06682750127669
2018-02-01,"중구","FW_t",4.98097130298922
2018-02-01,"중구","pred",5.08569804315216
2018-03-01,"중구","FW_t",4.91593772660668
2018-03-01,"중구","pred",5.13011986953949
2018-04-01,"중구","FW_t",5.22133021507104
2018-04-01,"중구","pred",5.14843794823242
2018-05-01,"중구","FW_t",5.09603868452371
2018-05-01,"중구","pred",5.17793599909139
2018-06-01,"중구","FW_t",5.18607796775301
2018-06-01,"중구","pred",5.2061569116327
2018-07-01,"중구","FW_t",5.54836727343644
2018-07-01,"중구","pred",5.23294263753351
2018-08-01,"중구","FW_t",5.16548093238393
2018-08-01,"중구","pred",5.24672645353648
2018-09-01,"중구","FW_t",5.20344114257126
2018-09-01,"중구","pred",5.23057773165977
2018-10-01,"중구","FW_t",5.35010256493098
2018-10-01,"중구","pred",5.2052273145447
2018-11-01,"중구","FW_t",5.27639532487908
2018-11-01,"중구","pred",5.19716985617027
2018-12-01,"중구","FW_t",5.38106321743576
2018-12-01,"중구","pred",5.17740954054695
2019-01-01,"중구","FW_t",5.12022216611481
2019-01-01,"중구","pred",5.18268436463074
2019-02-01,"중구","FW_t",5.16780341686017
2019-02-01,"중구","pred",5.19903706476041
2019-03-01,"중구","FW_t",5.04822519101183
2019-03-01,"중구","pred",5.23151576097107
2019-04-01,"중구","FW_t",5.30788098897577
2019-04-01,"중구","pred",5.25332043116937
2019-05-01,"중구","FW_t",5.19015738047138
2019-05-01,"중구","pred",5.29039146489121
2019-06-01,"중구","FW_t",5.26515657492463
2019-06-01,"중구","pred",5.31087626650231
2019-07-01,"중구","FW_t",5.54625557402648
2019-07-01,"중구","pred",5.32563854858598
2019-08-01,"중구","FW_t",5.22768189673481
2019-08-01,"중구","pred",5.34007793853396
2019-09-01,"중구","FW_t",5.47430578629821
2019-09-01,"중구","pred",5.33543244409307
2019-10-01,"중구","FW_t",5.13207770015626
2019-10-01,"중구","pred",5.31535262862525
2019-11-01,"중구","FW_t",5.25797051954399
2019-11-01,"중구","pred",5.29495865605375
2019-12-01,"중구","FW_t",5.393620500873
2019-12-01,"중구","pred",5.28283852554862
2020-01-01,"중구","FW_t",5.22465683274039
2020-01-01,"중구","pred",5.26004027841476
2020-02-01,"중구","FW_t",5.18146158835554
2020-02-01,"중구","pred",5.2714264553287
2020-03-01,"중구","FW_t",5.39598181379779
2020-03-01,"중구","pred",5.3007097627221
2020-04-01,"중구","FW_t",5.15716644749123
2020-04-01,"중구","pred",5.31563898628533
2020-05-01,"중구","FW_t",5.24659240005612
2020-05-01,"중구","pred",5.34996694149542
2020-06-01,"중구","FW_t",5.55760134950802
2020-06-01,"중구","pred",5.38085514212787
2018-01-01,"중랑구","FW_t",6.19589591237879
2018-01-01,"중랑구","pred",6.07198655169896
2018-02-01,"중랑구","FW_t",6.09954836371332
2018-02-01,"중랑구","pred",6.08521780507587
2018-03-01,"중랑구","FW_t",6.01128212527279
2018-03-01,"중랑구","pred",6.12477452140702
2018-04-01,"중랑구","FW_t",6.19393844536778
2018-04-01,"중랑구","pred",6.1476426922991
2018-05-01,"중랑구","FW_t",6.10151901640803
2018-05-01,"중랑구","pred",6.17161714632783
2018-06-01,"중랑구","FW_t",6.19871994755636
2018-06-01,"중랑구","pred",6.19487360631402
2018-07-01,"중랑구","FW_t",6.47771009070159
2018-07-01,"중랑구","pred",6.2191636829175
2018-08-01,"중랑구","FW_t",6.07841900581113
2018-08-01,"중랑구","pred",6.22792127287869
2018-09-01,"중랑구","FW_t",6.1473853379354
2018-09-01,"중랑구","pred",6.20760084856672
2018-10-01,"중랑구","FW_t",6.28789238858588
2018-10-01,"중랑구","pred",6.18648071617492
2018-11-01,"중랑구","FW_t",6.17455997105616
2018-11-01,"중랑구","pred",6.17350052287942
2018-12-01,"중랑구","FW_t",6.26814535823507
2018-12-01,"중랑구","pred",6.14933063243434
2019-01-01,"중랑구","FW_t",6.04834227572619
2019-01-01,"중랑구","pred",6.15818000164525
2019-02-01,"중랑구","FW_t",6.08782667342251
2019-02-01,"중랑구","pred",6.16998881397497
2019-03-01,"중랑구","FW_t",5.99423370943642
2019-03-01,"중랑구","pred",6.19672098750619
2019-04-01,"중랑구","FW_t",6.25641920361117
2019-04-01,"중랑구","pred",6.2220468718101
2019-05-01,"중랑구","FW_t",6.13869192322348
2019-05-01,"중랑구","pred",6.2532830711199
2019-06-01,"중랑구","FW_t",6.22485996796641
2019-06-01,"중랑구","pred",6.26964607297993
2019-07-01,"중랑구","FW_t",6.5015402397459
2019-07-01,"중랑구","pred",6.28713992049746
2019-08-01,"중랑구","FW_t",6.20172830889186
2019-08-01,"중랑구","pred",6.29713583235704
2019-09-01,"중랑구","FW_t",6.45884841966081
2019-09-01,"중랑구","pred",6.28648107608983
2019-10-01,"중랑구","FW_t",6.11058468622076
2019-10-01,"중랑구","pred",6.27122535414461
2019-11-01,"중랑구","FW_t",6.27286147812372
2019-11-01,"중랑구","pred",6.24555834736507
2019-12-01,"중랑구","FW_t",6.37221055002485
2019-12-01,"중랑구","pred",6.22918395618697
2020-01-01,"중랑구","FW_t",6.23535723841818
2020-01-01,"중랑구","pred",6.24082949992512
2020-02-01,"중랑구","FW_t",6.14556043972016
2020-02-01,"중랑구","pred",6.24911890083359
2020-03-01,"중랑구","FW_t",6.38578115599586
2020-03-01,"중랑구","pred",6.27266744467985
2020-04-01,"중랑구","FW_t",6.14125354791355
2020-04-01,"중랑구","pred",6.29852959413192
2020-05-01,"중랑구","FW_t",6.22747624750842
2020-05-01,"중랑구","pred",6.32777609983511
2020-06-01,"중랑구","FW_t",6.55019944431592
2020-06-01,"중랑구","pred",6.35325686719467
2020-07-01,"강동구","pred",6.70480385803776
2020-07-01,"강동구","lb",6.79628989810153
2020-07-01,"강동구","ub",6.59664933576289
2020-08-01,"강동구","pred",6.73151138021701
2020-08-01,"강동구","lb",6.82741817814366
2020-08-01,"강동구","ub",6.61823549088521
2020-09-01,"강동구","pred",6.7333671142136
2020-09-01,"강동구","lb",6.83324869741083
2020-09-01,"강동구","ub",6.61538002994935
2020-10-01,"강동구","pred",6.73010295650611
2020-10-01,"강동구","lb",6.83436738482937
2020-10-01,"강동구","ub",6.60823740894102
2020-11-01,"강동구","pred",6.72800601423713
2020-11-01,"강동구","lb",6.83790613071371
2020-11-01,"강동구","ub",6.60538649054382
2020-12-01,"강동구","pred",6.72500739140353
2020-12-01,"강동구","lb",6.83899201214719
2020-12-01,"강동구","ub",6.59773262118956
2021-01-01,"강동구","pred",6.74244964316178
2021-01-01,"강동구","lb",6.8618729173117
2021-01-01,"강동구","ub",6.60953450386869
2021-02-01,"강동구","pred",6.77116335045322
2021-02-01,"강동구","lb",6.89469716890858
2021-02-01,"강동구","ub",6.63422363352697
2021-03-01,"강동구","pred",6.81859067936968
2021-03-01,"강동구","lb",6.94539049782452
2021-03-01,"강동구","ub",6.67705031138438
2021-04-01,"강동구","pred",6.85694494045317
2021-04-01,"강동구","lb",6.98825312266757
2021-04-01,"강동구","ub",6.70766181285873
2021-05-01,"강동구","pred",6.90240567343294
2021-05-01,"강동구","lb",7.03824744633602
2021-05-01,"강동구","ub",6.74219537818465
2021-06-01,"강동구","pred",6.94148054558608
2021-06-01,"강동구","lb",7.08241664625102
2021-06-01,"강동구","ub",6.77493611800096
2020-07-01,"강서구","pred",6.16626903577843
2020-07-01,"강서구","lb",6.26202570428936
2020-07-01,"강서구","ub",6.08543117468511
2020-08-01,"강서구","pred",6.19867985729407
2020-08-01,"강서구","lb",6.29811320378162
2020-08-01,"강서구","ub",6.11182196215415
2020-09-01,"강서구","pred",6.20623889062706
2020-09-01,"강서구","lb",6.30816299817239
2020-09-01,"강서구","ub",6.11448121822656
2020-10-01,"강서구","pred",6.20867803225597
2020-10-01,"강서구","lb",6.3162492046307
2020-10-01,"강서구","ub",6.116449066813
2020-11-01,"강서구","pred",6.21228438932339
2020-11-01,"강서구","lb",6.32693157037869
2020-11-01,"강서구","ub",6.11575251236225
2020-12-01,"강서구","pred",6.21498906582619
2020-12-01,"강서구","lb",6.33681507529746
2020-12-01,"강서구","ub",6.11234432509122
2021-01-01,"강서구","pred",6.23813461692083
2021-01-01,"강서구","lb",6.36488957831361
2021-01-01,"강서구","ub",6.13079622261467
2021-02-01,"강서구","pred",6.27255162354866
2021-02-01,"강서구","lb",6.40413653485929
2021-02-01,"강서구","ub",6.16165154526288
2021-03-01,"강서구","pred",6.32568225180153
2021-03-01,"강서구","lb",6.4568734342324
2021-03-01,"강서구","ub",6.2125393835984
2021-04-01,"강서구","pred",6.36973981222141
2021-04-01,"강서구","lb",6.50330071367345
2021-04-01,"강서구","ub",6.25295756243485
2021-05-01,"강서구","pred",6.42090384453758
2021-05-01,"강서구","lb",6.55865516909956
2021-05-01,"강서구","ub",6.29923651986449
2021-06-01,"강서구","pred",6.46568201602711
2021-06-01,"강서구","lb",6.60767085696818
2021-06-01,"강서구","ub",6.34041497366701
2020-07-01,"관악구","pred",5.86533663274918
2020-07-01,"관악구","lb",5.94663091133248
2020-07-01,"관악구","ub",5.74513331575892
2020-08-01,"관악구","pred",5.92862833867454
2020-08-01,"관악구","lb",6.01367375855588
2020-08-01,"관악구","ub",5.80344845732778
2020-09-01,"관악구","pred",5.96706825641725
2020-09-01,"관악구","lb",6.05410302867321
2020-09-01,"관악구","ub",5.8379610827062
2020-10-01,"관악구","pred",6.00038828245588
2020-10-01,"관악구","lb",6.09153364773233
2020-10-01,"관악구","ub",5.86295824545984
2020-11-01,"관악구","pred",6.034875523933
2020-11-01,"관악구","lb",6.12858545398784
2020-11-01,"관악구","ub",5.89204009455255
2020-12-01,"관악구","pred",6.06846108484552
2020-12-01,"관악구","lb",6.16816420761908
2020-12-01,"관악구","ub",5.91811814856442
2021-01-01,"관악구","pred",6.12248752034988
2021-01-01,"관악구","lb",6.22559918969319
2021-01-01,"관악구","ub",5.96505148810143
2021-02-01,"관악구","pred",6.18778541138744
2021-02-01,"관악구","lb",6.29437812993839
2021-02-01,"관악구","ub",6.02456586833092
2021-03-01,"관악구","pred",6.27179692405002
2021-03-01,"관악구","lb",6.38102599287317
2021-03-01,"관악구","ub",6.10348209973232
2021-04-01,"관악구","pred",6.34673536887961
2021-04-01,"관악구","lb",6.45711982093311
2021-04-01,"관악구","ub",6.16863142817478
2021-05-01,"관악구","pred",6.4287802856055
2021-05-01,"관악구","lb",6.54572934355425
2021-05-01,"관악구","ub",6.24242235904196
2021-06-01,"관악구","pred",6.50443934150475
2021-06-01,"관악구","lb",6.62695289988667
2021-06-01,"관악구","ub",6.31224322488843
2020-07-01,"광진구","pred",5.74655717794056
2020-07-01,"광진구","lb",5.82917552038574
2020-07-01,"광진구","ub",5.65973019862299
2020-08-01,"광진구","pred",5.77151878380992
2020-08-01,"광진구","lb",5.85737088278868
2020-08-01,"광진구","ub",5.68012122661416
2020-09-01,"광진구","pred",5.77162860149663
2020-09-01,"광진구","lb",5.86026430956428
2020-09-01,"광진구","ub",5.67758664793555
2020-10-01,"광진구","pred",5.76661852747926
2020-10-01,"광진구","lb",5.86040732370663
2020-10-01,"광진구","ub",5.67109033803165
2020-11-01,"광진구","pred",5.76277566890038
2020-11-01,"광진구","lb",5.86269409050488
2020-11-01,"광진구","ub",5.66148701155006
2020-12-01,"광진구","pred",5.75803112975689
2020-12-01,"광진구","lb",5.86307051952756
2020-12-01,"광진구","ub",5.6538747020552
2021-01-01,"광진구","pred",5.77372746520526
2021-01-01,"광진구","lb",5.88329627866121
2021-01-01,"광진구","ub",5.66482337110209
2021-02-01,"광진구","pred",5.80069525618681
2021-02-01,"광진구","lb",5.91467683734176
2021-02-01,"광진구","ub",5.68854972571028
2021-03-01,"광진구","pred",5.84637666879339
2021-03-01,"광진구","lb",5.96088141719186
2021-03-01,"광진구","ub",5.73085644548373
2021-04-01,"광진구","pred",5.88298501356698
2021-04-01,"광진구","lb",6.00177417163239
2021-04-01,"광진구","ub",5.763846296832
2021-05-01,"광진구","pred",5.92669983023687
2021-05-01,"광진구","lb",6.05062037303519
2021-05-01,"광진구","ub",5.80197013030534
2021-06-01,"광진구","pred",5.96402878608012
2021-06-01,"광진구","lb",6.09089407380776
2021-06-01,"광진구","ub",5.83521077040218
2020-07-01,"구로구","pred",5.43911652847346
2020-07-01,"구로구","lb",5.52660816728719
2020-07-01,"구로구","ub",5.33890470184052
2020-08-01,"구로구","pred",5.47316760231929
2020-08-01,"구로구","lb",5.56494590804191
2020-08-01,"구로구","ub",5.36861988187235
2020-09-01,"구로구","pred",5.48236688798247
2020-09-01,"구로구","lb",5.57861784091868
2020-09-01,"구로구","ub",5.37518470673344
2020-10-01,"구로구","pred",5.48644628194157
2020-10-01,"구로구","lb",5.58498845255094
2020-10-01,"구로구","ub",5.37245947560793
2020-11-01,"구로구","pred",5.49169289133917
2020-11-01,"구로구","lb",5.59742588927135
2020-11-01,"구로구","ub",5.37220754374458
2020-12-01,"구로구","pred",5.49603782017216
2020-12-01,"구로구","lb",5.6070993528858
2020-12-01,"구로구","ub",5.36996722080914
2021-01-01,"구로구","pred",5.52082362359699
2021-01-01,"구로구","lb",5.63703361061291
2021-01-01,"구로구","ub",5.38874356530569
2021-02-01,"구로구","pred",5.55688088255502
2021-02-01,"구로구","lb",5.67864941990095
2021-02-01,"구로구","ub",5.41933179240507
2021-03-01,"구로구","pred",5.61165176313807
2021-03-01,"구로구","lb",5.73780474680561
2021-03-01,"구로구","ub",5.46870110231189
2021-04-01,"구로구","pred",5.65734957588814
2021-04-01,"구로구","lb",5.78707087280693
2021-04-01,"구로구","ub",5.50864129458406
2021-05-01,"구로구","pred",5.71015386053449
2021-05-01,"구로구","lb",5.8434939939506
2021-05-01,"구로구","ub",5.556590636986
2021-06-01,"구로구","pred",5.75657228435422
2021-06-01,"구로구","lb",5.89507496783043
2021-06-01,"구로구","ub",5.59847105354817
2020-07-01,"금천구","pred",5.83215018535109
2020-07-01,"금천구","lb",5.94110812698117
2020-07-01,"금천구","ub",5.74321369166832
2020-08-01,"금천구","pred",5.83715004711338
2020-08-01,"금천구","lb",5.95302095766112
2020-08-01,"금천구","ub",5.74280947423492
2020-09-01,"금천구","pred",5.81729812069301
2020-09-01,"금천구","lb",5.93722895415045
2020-09-01,"금천구","ub",5.72034743585429
2020-10-01,"금천구","pred",5.79232630256856
2020-10-01,"금천구","lb",5.9155214079615
2020-10-01,"금천구","ub",5.69143898578748
2020-11-01,"금천구","pred",5.76852169988261
2020-11-01,"금천구","lb",5.89640421255797
2020-11-01,"금천구","ub",5.66395541391779
2020-12-01,"금천구","pred",5.74381541663205
2020-12-01,"금천구","lb",5.87668516719515
2020-12-01,"금천구","ub",5.63321513098391
2021-01-01,"금천구","pred",5.73955000797333
2021-01-01,"금천구","lb",5.87797347986717
2021-01-01,"금천구","ub",5.62443615282624
2021-02-01,"금천구","pred",5.74655605484781
2021-02-01,"금천구","lb",5.89137197990165
2021-02-01,"금천구","ub",5.6265943206585
2021-03-01,"금천구","pred",5.77227572334732
2021-03-01,"금천구","lb",5.92327122899691
2021-03-01,"금천구","ub",5.64873457482617
2021-04-01,"금천구","pred",5.78892232401383
2021-04-01,"금천구","lb",5.9444655227278
2021-04-01,"금천구","ub",5.65994494079253
2021-05-01,"금천구","pred",5.81267539657664
2021-05-01,"금천구","lb",5.97348328859204
2021-05-01,"금천구","ub",5.67904631069655
2021-06-01,"금천구","pred",5.83004260831282
2021-06-01,"금천구","lb",5.99618439008317
2021-06-01,"금천구","ub",5.69154373507697
2020-07-01,"노원구","pred",7.44151790340862
2020-07-01,"노원구","lb",7.51522394721629
2020-07-01,"노원구","ub",7.31171365475249
2020-08-01,"노원구","pred",7.45595768881262
2020-08-01,"노원구","lb",7.53244455724021
2020-08-01,"노원구","ub",7.31983013708019
2020-09-01,"노원구","pred",7.44554568603398
2020-09-01,"노원구","lb",7.52487459509086
2020-09-01,"노원구","ub",7.30388731805397
2020-10-01,"노원구","pred",7.43001379155126
2020-10-01,"노원구","lb",7.51113953573048
2020-10-01,"노원구","ub",7.28538462030481
2020-11-01,"노원구","pred",7.41564911250704
2020-11-01,"노원구","lb",7.49941238126116
2020-11-01,"노원구","ub",7.26484656462696
2020-12-01,"노원구","pred",7.4003827528982
2020-12-01,"노원구","lb",7.48680701056795
2020-12-01,"노원구","ub",7.24252408169687
2021-01-01,"노원구","pred",7.40555726788122
2021-01-01,"노원구","lb",7.49656994682918
2021-01-01,"노원구","ub",7.24072026251465
2021-02-01,"노원구","pred",7.42200323839742
2021-02-01,"노원구","lb",7.51659911311918
2021-02-01,"노원구","ub",7.2508577912314
2021-03-01,"노원구","pred",7.45716283053865
2021-03-01,"노원구","lb",7.5560048107057
2021-03-01,"노원구","ub",7.28067826678896
2021-04-01,"노원구","pred",7.48324935484689
2021-04-01,"노원구","lb",7.58376349166319
2021-04-01,"노원구","ub",7.30012059103569
2021-05-01,"노원구","pred",7.51644235105143
2021-05-01,"노원구","lb",7.62264555930916
2021-05-01,"노원구","ub",7.32547492959202
2021-06-01,"노원구","pred",7.54324948642933
2021-06-01,"노원구","lb",7.65544666311825
2021-06-01,"노원구","ub",7.34614288378021
2020-07-01,"도봉구","pred",7.36400433610094
2020-07-01,"도봉구","lb",7.45194059128468
2020-07-01,"도봉구","ub",7.26719149312
2020-08-01,"도봉구","pred",7.36361882530169
2020-08-01,"도봉구","lb",7.45626816357944
2020-08-01,"도봉구","ub",7.26208577128668
2020-09-01,"도봉구","pred",7.33838152631979
2020-09-01,"도봉구","lb",7.43410152351775
2020-09-01,"도봉구","ub",7.23229837333751
2020-10-01,"도봉구","pred",7.3080243356338
2020-10-01,"도봉구","lb",7.40871700631883
2020-10-01,"도봉구","ub",7.1972058231063
2020-11-01,"도봉구","pred",7.27883436038632
2020-11-01,"도봉구","lb",7.38559147509168
2020-11-01,"도봉구","ub",7.16214665517028
2020-12-01,"도봉구","pred",7.24874270457423
2020-12-01,"도봉구","lb",7.36064418139289
2020-12-01,"도봉구","ub",7.12585408913801
2021-01-01,"도봉구","pred",7.23909192335399
2021-01-01,"도봉구","lb",7.35579900470093
2021-01-01,"도봉구","ub",7.11083071977014
2021-02-01,"도봉구","pred",7.24071259766693
2021-02-01,"도봉구","lb",7.36228016106198
2021-02-01,"도봉구","ub",7.10754448337255
2021-03-01,"도봉구","pred",7.26104689360491
2021-03-01,"도봉구","lb",7.3864201840796
2021-03-01,"도봉구","ub",7.12371876163677
2021-04-01,"도봉구","pred",7.27230812170989
2021-04-01,"도봉구","lb",7.40205842436169
2021-04-01,"도봉구","ub",7.13114581239689
2021-05-01,"도봉구","pred",7.29067582171117
2021-05-01,"도봉구","lb",7.42430315041977
2021-05-01,"도봉구","ub",7.14452691084239
2021-06-01,"도봉구","pred",7.30265766088581
2021-06-01,"도봉구","lb",7.44470749259725
2021-06-01,"도봉구","ub",7.15200804316173
2020-07-01,"동대문구","pred",6.40207196472246
2020-07-01,"동대문구","lb",6.47680501855952
2020-07-01,"동대문구","ub",6.27035185303328
2020-08-01,"동대문구","pred",6.45200708077444
2020-08-01,"동대문구","lb",6.5295922597926
2020-08-01,"동대문구","ub",6.31289020755543
2020-09-01,"동대문구","pred",6.47709040864378
2020-09-01,"동대문구","lb",6.5576490988837
2020-09-01,"동대문구","ub",6.33248535845292
2020-10-01,"동대문구","pred",6.49705384480902
2020-10-01,"동대문구","lb",6.58049873511484
2020-10-01,"동대문구","ub",6.34491214769002
2020-11-01,"동대문구","pred",6.51818449641278
2020-11-01,"동대문구","lb",6.60359502014072
2020-11-01,"동대문구","ub",6.35803253412671
2020-12-01,"동대문구","pred",6.53841346745194
2020-12-01,"동대문구","lb",6.62633922344597
2020-12-01,"동대문구","ub",6.37110618261516
2021-01-01,"동대문구","pred",6.57908331308291
2021-01-01,"동대문구","lb",6.67085514567281
2021-01-01,"동대문구","ub",6.40509005862407
2021-02-01,"동대문구","pred",6.6310246142471
2021-02-01,"동대문구","lb",6.72577238128217
2021-02-01,"동대문구","ub",6.45011743395051
2021-03-01,"동대문구","pred",6.7016795370363
2021-03-01,"동대문구","lb",6.79758948400152
2021-03-01,"동대문구","ub",6.51447802850058
2021-04-01,"동대문구","pred",6.76326139199252
2021-04-01,"동대문구","lb",6.86105121871674
2021-04-01,"동대문구","ub",6.56871242656181
2021-05-01,"동대문구","pred",6.83194971884503
2021-05-01,"동대문구","lb",6.93293978803047
2021-05-01,"동대문구","ub",6.62983644509838
2021-06-01,"동대문구","pred",6.89425218487091
2021-06-01,"동대문구","lb",6.99958040603427
2021-06-01,"동대문구","ub",6.68525323617639
2020-07-01,"동작구","pred",6.35401917194565
2020-07-01,"동작구","lb",6.45316473055767
2020-07-01,"동작구","ub",6.26403943380028
2020-08-01,"동작구","pred",6.36441673077763
2020-08-01,"동작구","lb",6.46786097323877
2020-08-01,"동작구","ub",6.27080502452044
2020-09-01,"동작구","pred",6.34996250142697
2020-09-01,"동작구","lb",6.45715785635841
2020-09-01,"동작구","ub",6.25113190582104
2020-10-01,"동작구","pred",6.33038838037222
2020-10-01,"동작구","lb",6.44256706944558
2020-10-01,"동작구","ub",6.22765127814295
2020-11-01,"동작구","pred",6.31198147475597
2020-11-01,"동작구","lb",6.42911930725996
2020-11-01,"동작구","ub",6.20213468326372
2020-12-01,"동작구","pred",6.29267288857512
2020-12-01,"동작구","lb",6.41476600333924
2020-12-01,"동작구","ub",6.17427237120362
2021-01-01,"동작구","pred",6.2938051769861
2021-01-01,"동작구","lb",6.42138460359262
2021-01-01,"동작구","ub",6.17056590421908
2021-02-01,"동작구","pred",6.30620892093028
2021-02-01,"동작구","lb",6.43935915744162
2021-02-01,"동작구","ub",6.17958569403197
2021-03-01,"동작구","pred",6.33732628649949
2021-03-01,"동작구","lb",6.47601331142142
2021-03-01,"동작구","ub",6.2107479302073
2021-04-01,"동작구","pred",6.35937058423571
2021-04-01,"동작구","lb",6.50361025810831
2021-04-01,"동작구","ub",6.22841372738465
2021-05-01,"동작구","pred",6.38852135386822
2021-05-01,"동작구","lb",6.53838337794921
2021-05-01,"동작구","ub",6.25475306810827
2021-06-01,"동작구","pred",6.41128626267409
2021-06-01,"동작구","lb",6.56921852615292
2021-06-01,"동작구","ub",6.27324377747287
2020-07-01,"마포구","pred",6.8694440666922
2020-07-01,"마포구","lb",6.96213042181314
2020-07-01,"마포구","ub",6.78344421900044
2020-08-01,"마포구","pred",6.86986040404212
2020-08-01,"마포구","lb",6.96683307228191
2020-08-01,"마포구","ub",6.77967965643237
2020-09-01,"마포구","pred",6.84542495320939
2020-09-01,"마포구","lb",6.94497276918766
2020-09-01,"마포구","ub",6.75261823689063
2020-10-01,"마포구","pred",6.81586961067258
2020-10-01,"마포구","lb",6.91875023916007
2020-10-01,"마포구","ub",6.71873201549959
2020-11-01,"마포구","pred",6.78748148357427
2020-11-01,"마포구","lb",6.89337375354618
2020-11-01,"마포구","ub",6.68589748984437
2020-12-01,"마포구","pred",6.75819167591135
2020-12-01,"마포구","lb",6.87076543450639
2020-12-01,"마포구","ub",6.65042620932024
2021-01-01,"마포구","pred",6.74934274284026
2021-01-01,"마포구","lb",6.86635117419641
2021-01-01,"마포구","ub",6.63586577631755
2021-02-01,"마포구","pred",6.75176526530238
2021-02-01,"마포구","lb",6.87274275846138
2021-02-01,"마포구","ub",6.63594034166543
2021-03-01,"마포구","pred",6.77290140938952
2021-03-01,"마포구","lb",6.89829427809667
2021-03-01,"마포구","ub",6.6541006351014
2021-04-01,"마포구","pred",6.78496448564368
2021-04-01,"마포구","lb",6.91640007611005
2021-04-01,"마포구","ub",6.66163749251658
2021-05-01,"마포구","pred",6.80413403379412
2021-05-01,"마포구","lb",6.94224471077391
2021-05-01,"마포구","ub",6.6783161595205
2021-06-01,"마포구","pred",6.81691772111794
2021-06-01,"마포구","lb",6.96152264428776
2021-06-01,"마포구","ub",6.68511059370976
2020-07-01,"서대문구","pred",6.27910889294635
2020-07-01,"서대문구","lb",6.37239544788616
2020-07-01,"서대문구","ub",6.181373823349
2020-08-01,"서대문구","pred",6.28580828862981
2020-08-01,"서대문구","lb",6.38377933933471
2020-08-01,"서대문구","ub",6.18314906412174
2020-09-01,"서대문구","pred",6.26765589613063
2020-09-01,"서대문구","lb",6.37088577940568
2020-09-01,"서대문구","ub",6.16117038775749
2020-10-01,"서대문구","pred",6.24438361192735
2020-10-01,"서대문구","lb",6.35145907628657
2020-10-01,"서대문구","ub",6.13292123171921
2020-11-01,"서대문구","pred",6.22227854316258
2020-11-01,"서대문구","lb",6.33409456433598
2020-11-01,"서대문구","ub",6.10981040420364
2020-12-01,"서대문구","pred",6.1992717938332
2020-12-01,"서대문구","lb",6.31656351979471
2020-12-01,"서대문구","ub",6.08075443055316
2021-01-01,"서대문구","pred",6.19670591909566
2021-01-01,"서대문구","lb",6.32053956796308
2021-01-01,"서대문구","ub",6.07331483444762
2021-02-01,"서대문구","pred",6.20541149989132
2021-02-01,"서대문구","lb",6.33365278293017
2021-02-01,"서대문구","ub",6.07846438564704
2021-03-01,"서대문구","pred",6.23283070231201
2021-03-01,"서대문구","lb",6.36642990297676
2021-03-01,"서대문구","ub",6.10050665244336
2021-04-01,"서대문구","pred",6.2511768368997
2021-04-01,"서대문구","lb",6.39152514315386
2021-04-01,"서대문구","ub",6.1135945256316
2021-05-01,"서대문구","pred",6.27662944338369
2021-05-01,"서대문구","lb",6.42265272640326
2021-05-01,"서대문구","ub",6.128763943594
2021-06-01,"서대문구","pred",6.29569618904104
2021-06-01,"서대문구","lb",6.4478418659005
2021-06-01,"서대문구","ub",6.14232069981619
2020-07-01,"서초구","pred",6.20219524367468
2020-07-01,"서초구","lb",6.28512280686693
2020-07-01,"서초구","ub",6.13396315909962
2020-08-01,"서초구","pred",6.21324982775126
2020-08-01,"서초구","lb",6.29873255805562
2020-08-01,"서초구","ub",6.14248856720961
2020-09-01,"서초구","pred",6.1994526236452
2020-09-01,"서초구","lb",6.2865756100626
2020-09-01,"서초구","ub",6.12400233795086
2020-10-01,"서초구","pred",6.18053552783506
2020-10-01,"서초구","lb",6.27020838352705
2020-10-01,"서초구","ub",6.10149151059186
2020-11-01,"서초구","pred",6.16278564746341
2020-11-01,"서초구","lb",6.25616782764175
2020-11-01,"서초구","ub",6.07869574074194
2020-12-01,"서초구","pred",6.14413408652715
2020-12-01,"서초구","lb",6.24316962757523
2020-12-01,"서초구","ub",6.05377222208654
2021-01-01,"서초구","pred",6.14592340018274
2021-01-01,"서초구","lb",6.2493224484184
2021-01-01,"서초구","ub",6.0520909202679
2021-02-01,"서초구","pred",6.15898416937152
2021-02-01,"서초구","lb",6.26559732950758
2021-02-01,"서초구","ub",6.06225933739095
2021-03-01,"서초구","pred",6.19075856018533
2021-03-01,"서초구","lb",6.30110458595803
2021-03-01,"서초구","ub",6.09181233503421
2021-04-01,"서초구","pred",6.21345988316615
2021-04-01,"서초구","lb",6.32795457312575
2021-04-01,"서초구","ub",6.1122771471995
2021-05-01,"서초구","pred",6.24326767804327
2021-05-01,"서초구","lb",6.36097012196736
2021-05-01,"서초구","ub",6.13942924226015
2021-06-01,"서초구","pred",6.26668961209374
2021-06-01,"서초구","lb",6.38777751628887
2021-06-01,"서초구","ub",6.16226672845648
2020-07-01,"성동구","pred",6.25513395748845
2020-07-01,"성동구","lb",6.34176747245372
2020-07-01,"성동구","ub",6.15357077121112
2020-08-01,"성동구","pred",6.2711927098051
2020-08-01,"성동구","lb",6.3616474679379
2020-08-01,"성동구","ub",6.16498945673861
2020-09-01,"성동구","pred",6.26239967393911
2020-09-01,"성동구","lb",6.35812014162389
2020-09-01,"성동구","ub",6.15375539472206
2020-10-01,"성동구","pred",6.24848674636904
2020-10-01,"성동구","lb",6.34766254744833
2020-10-01,"성동구","ub",6.13573962397237
2020-11-01,"성동구","pred",6.23574103423747
2020-11-01,"성동구","lb",6.33828098541531
2020-11-01,"성동구","ub",6.12058563436405
2020-12-01,"성동구","pred",6.22209364154128
2020-12-01,"성동구","lb",6.32946390401233
2020-12-01,"성동구","ub",6.1002775419977
2021-01-01,"성동구","pred",6.22888712343694
2021-01-01,"성동구","lb",6.34090286366859
2021-01-01,"성동구","ub",6.10096390117644
2021-02-01,"성동구","pred",6.24695206086579
2021-02-01,"성동구","lb",6.36243872106836
2021-02-01,"성동구","ub",6.11380443881672
2021-03-01,"성동구","pred",6.28373061991967
2021-03-01,"성동구","lb",6.40303193336588
2021-03-01,"성동구","ub",6.14691334449666
2021-04-01,"성동구","pred",6.31143611114057
2021-04-01,"성동구","lb",6.43449833873477
2021-04-01,"성동구","ub",6.1692177328615
2021-05-01,"성동구","pred",6.34624807425775
2021-05-01,"성동구","lb",6.47372444298226
2021-05-01,"성동구","ub",6.19881046413498
2021-06-01,"성동구","pred",6.3746741765483
2021-06-01,"성동구","lb",6.50720969300608
2021-06-01,"성동구","ub",6.22400015664714
2020-07-01,"성북구","pred",5.83274044604384
2020-07-01,"성북구","lb",5.92930218888175
2020-07-01,"성북구","ub",5.73942490650151
2020-08-01,"성북구","pred",5.85786995191827
2020-08-01,"성북구","lb",5.95906030794059
2020-08-01,"성북구","ub",5.76023584985814
2020-09-01,"성북구","pred",5.85814766961007
2020-09-01,"성북구","lb",5.9655306700497
2020-09-01,"성북구","ub",5.75825016574074
2020-10-01,"성북구","pred",5.85330549559778
2020-10-01,"성북구","lb",5.96756049354676
2020-10-01,"성북구","ub",5.75041766187485
2020-11-01,"성북구","pred",5.84963053702398
2020-11-01,"성북구","lb",5.9703360338217
2020-11-01,"성북구","ub",5.74376311369254
2020-12-01,"성북구","pred",5.84505389788558
2020-12-01,"성북구","lb",5.97229740819021
2020-12-01,"성북구","ub",5.73625571042619
2021-01-01,"성북구","pred",5.86091813333903
2021-01-01,"성북구","lb",5.99330237660604
2021-01-01,"성북구","ub",5.74763732841728
2021-02-01,"성북구","pred",5.88805382432566
2021-02-01,"성북구","lb",6.02550260313381
2021-02-01,"성북구","ub",5.77080470601218
2021-03-01,"성북구","pred",5.93390313693733
2021-03-01,"성북구","lb",6.0763235509881
2021-03-01,"성북구","ub",5.81325625138922
2021-04-01,"성북구","pred",5.970679381716
2021-04-01,"성북구","lb",6.11696663212941
2021-04-01,"성북구","ub",5.84335873941814
2021-05-01,"성북구","pred",6.01456209839097
2021-05-01,"성북구","lb",6.16716823187759
2021-05-01,"성북구","ub",5.88084155309246
2021-06-01,"성북구","pred",6.0520589542393
2021-06-01,"성북구","lb",6.21084181689464
2021-06-01,"성북구","ub",5.91326737843432
2020-07-01,"송파구","pred",7.5386095150711
2020-07-01,"송파구","lb",7.63416931239325
2020-07-01,"송파구","ub",7.45733050976349
2020-08-01,"송파구","pred",7.54639929595707
2020-08-01,"송파구","lb",7.64661542797921
2020-08-01,"송파구","ub",7.46040549445321
2020-09-01,"송파구","pred",7.52933728866038
2020-09-01,"송파구","lb",7.63145511026972
2020-09-01,"송파구","ub",7.44033344850414
2020-10-01,"송파구","pred",7.50715538965961
2020-10-01,"송파구","lb",7.61315064802494
2020-10-01,"송파구","ub",7.4137943715834
2020-11-01,"송파구","pred",7.48614070609735
2020-11-01,"송파구","lb",7.59472853467383
2020-11-01,"송파구","ub",7.3890394638131
2020-12-01,"송파구","pred",7.46422434197046
2020-12-01,"송파구","lb",7.58073824469823
2020-12-01,"송파구","ub",7.36049114761145
2021-01-01,"송파구","pred",7.46274885243543
2021-01-01,"송파구","lb",7.58416344400054
2021-01-01,"송파구","ub",7.35672782724877
2021-02-01,"송파구","pred",7.47254481843359
2021-02-01,"송파구","lb",7.59816270862015
2021-02-01,"송파구","ub",7.36184260781704
2021-03-01,"송파구","pred",7.50105440605677
2021-03-01,"송파구","lb",7.63158675660809
2021-03-01,"송파구","ub",7.38556863849931
2021-04-01,"송파구","pred",7.52049092584697
2021-04-01,"송파구","lb",7.65551544577221
2021-04-01,"송파구","ub",7.40350833468503
2021-05-01,"송파구","pred",7.54703391753346
2021-05-01,"송파구","lb",7.68765956127477
2021-05-01,"송파구","ub",7.42673578567089
2021-06-01,"송파구","pred",7.56719104839332
2021-06-01,"송파구","lb",7.71229593088564
2021-06-01,"송파구","ub",7.44450791667083
2020-07-01,"양천구","pred",6.09220702397459
2020-07-01,"양천구","lb",6.20710661805256
2020-07-01,"양천구","ub",6.00246940709753
2020-08-01,"양천구","pred",6.09393790981821
2020-08-01,"양천구","lb",6.21497579844525
2020-08-01,"양천구","ub",6.00002006767721
2020-09-01,"양천구","pred",6.07081700747918
2020-09-01,"양천구","lb",6.19618317159605
2020-09-01,"양천구","ub",5.97522186743822
2020-10-01,"양천구","pred",6.04257621343607
2020-10-01,"양천구","lb",6.1741981632712
2020-10-01,"양천구","ub",5.94271118847381
2020-11-01,"양천구","pred",6.01550263483147
2020-11-01,"양천구","lb",6.15568819028358
2020-11-01,"양천구","ub",5.91343221060748
2020-12-01,"양천구","pred",5.98752737566224
2020-12-01,"양천구","lb",6.13317622957012
2020-12-01,"양천구","ub",5.88254546258557
2021-01-01,"양천구","pred",5.97999299108486
2021-01-01,"양천구","lb",6.13200678005039
2021-01-01,"양천구","ub",5.87123172694938
2021-02-01,"양천구","pred",5.98373006204069
2021-02-01,"양천구","lb",6.14124761177906
2021-02-01,"양천구","ub",5.8695524690515
2021-03-01,"양천구","pred",6.00618075462153
2021-03-01,"양천구","lb",6.17039626842076
2021-03-01,"양천구","ub",5.88699930726722
2021-04-01,"양천구","pred",6.01955837936938
2021-04-01,"양천구","lb",6.19032355361123
2021-04-01,"양천구","ub",5.89626993476002
2021-05-01,"양천구","pred",6.04004247601353
2021-05-01,"양천구","lb",6.21534012217703
2021-05-01,"양천구","ub",5.91375786370028
2021-06-01,"양천구","pred",6.05414071183105
2021-06-01,"양천구","lb",6.23578226585859
2021-06-01,"양천구","ub",5.92394344633287
2020-07-01,"영등포구","pred",6.75513761782436
2020-07-01,"영등포구","lb",6.84166495688238
2020-07-01,"영등포구","ub",6.65757502984995
2020-08-01,"영등포구","pred",6.75806576032726
2020-08-01,"영등포구","lb",6.84877784820874
2020-08-01,"영등포구","ub",6.65634948777276
2020-09-01,"영등포구","pred",6.73614211464752
2020-09-01,"영등포구","lb",6.82797422798049
2020-09-01,"영등포구","ub",6.63207507694423
2020-10-01,"영등포구","pred",6.70909857726369
2020-10-01,"영등포구","lb",6.80280582753681
2020-10-01,"영등포구","ub",6.59772293971562
2020-11-01,"영등포구","pred",6.68322225531837
2020-11-01,"영등포구","lb",6.78120707968012
2020-11-01,"영등포구","ub",6.56614406344829
2020-12-01,"영등포구","pred",6.65644425280843
2020-12-01,"영등포구","lb",6.75641214027895
2020-12-01,"영등포구","ub",6.53323262879034
2021-01-01,"영등포구","pred",6.65010712489034
2021-01-01,"영등포구","lb",6.75474919965841
2021-01-01,"영등포구","ub",6.52219785982963
2021-02-01,"영등포구","pred",6.65504145250544
2021-02-01,"영등포구","lb",6.76349528867754
2021-02-01,"영등포구","ub",6.52245410673367
2021-03-01,"영등포구","pred",6.67868940174557
2021-03-01,"영등포구","lb",6.79297916484735
2021-03-01,"영등포구","ub",6.54374074024639
2021-04-01,"영등포구","pred",6.6932642831527
2021-04-01,"영등포구","lb",6.81218940606
2021-04-01,"영등포구","ub",6.55320185324775
2021-05-01,"영등포구","pred",6.71494563645614
2021-05-01,"영등포구","lb",6.8364019109378
2021-05-01,"영등포구","ub",6.57041062935351
2021-06-01,"영등포구","pred",6.73024112893294
2021-06-01,"영등포구","lb",6.85633800281478
2021-06-01,"영등포구","ub",6.57909738526137
2020-07-01,"은평구","pred",5.48646060343327
2020-07-01,"은평구","lb",5.59609288868332
2020-07-01,"은평구","ub",5.40052535729358
2020-08-01,"은평구","pred",5.51071236270813
2020-08-01,"은평구","lb",5.6259847047746
2020-08-01,"은평구","ub",5.42075506384834
2020-09-01,"은평구","pred",5.51011233380034
2020-09-01,"은평구","lb",5.62857292235195
2020-09-01,"은평구","ub",5.41833666386239
2020-10-01,"은평구","pred",5.50439241318846
2020-10-01,"은평구","lb",5.62885224731829
2020-10-01,"은평구","ub",5.40629357356437
2020-11-01,"은평구","pred",5.49983970801509
2020-11-01,"은평구","lb",5.63024318784265
2020-11-01,"은평구","ub",5.39521984601033
2020-12-01,"은평구","pred",5.49438532227711
2020-12-01,"은평구","lb",5.63261055199109
2020-12-01,"은평구","ub",5.38737274543398
2021-01-01,"은평구","pred",5.50937181113097
2021-01-01,"은평구","lb",5.65302905688496
2021-01-01,"은평구","ub",5.39619026393904
2021-02-01,"은평구","pred",5.53562975551803
2021-02-01,"은평구","lb",5.68507071062188
2021-02-01,"은평구","ub",5.41848575377157
2021-03-01,"은평구","pred",5.58060132153011
2021-03-01,"은평구","lb",5.73244138931583
2021-03-01,"은평구","ub",5.461002799045
2021-04-01,"은평구","pred",5.61649981970921
2021-04-01,"은평구","lb",5.77394643427748
2021-04-01,"은평구","ub",5.49553975000852
2021-05-01,"은평구","pred",5.6595047897846
2021-05-01,"은평구","lb",5.82309380323857
2021-05-01,"은평구","ub",5.53634249283293
2021-06-01,"은평구","pred",5.69612389903335
2021-06-01,"은평구","lb",5.86338504726497
2021-06-01,"은평구","ub",5.56925930926342
2020-07-01,"종로구","pred",4.86884728647396
2020-07-01,"종로구","lb",4.98957379762078
2020-07-01,"종로구","ub",4.79286121501661
2020-08-01,"종로구","pred",4.8872198877224
2020-08-01,"종로구","lb",5.01443416760966
2020-08-01,"종로구","ub",4.80923222216551
2020-09-01,"종로구","pred",4.88074070078818
2020-09-01,"종로구","lb",5.01310981683696
2020-09-01,"종로구","ub",4.80084289323666
2020-10-01,"종로구","pred",4.86914162214988
2020-10-01,"종로구","lb",5.00338697310219
2020-10-01,"종로구","ub",4.78444274213371
2020-11-01,"종로구","pred",4.85870975895008
2020-11-01,"종로구","lb",4.99758733800812
2020-11-01,"종로구","ub",4.76963338207324
2020-12-01,"종로구","pred",4.84737621518567
2020-12-01,"종로구","lb",4.98982423857486
2020-12-01,"종로구","ub",4.75384844049062
2021-01-01,"종로구","pred",4.8564835460131
2021-01-01,"종로구","lb",5.00423959311427
2021-01-01,"종로구","ub",4.75899543688773
2021-02-01,"종로구","pred",4.87686233237373
2021-02-01,"종로구","lb",5.02998166936155
2021-02-01,"종로구","ub",4.77437099936272
2021-03-01,"종로구","pred",4.91595474035938
2021-03-01,"종로구","lb",5.07708995938112
2021-03-01,"종로구","ub",4.81171102677156
2021-04-01,"종로구","pred",4.94597408051205
2021-04-01,"종로구","lb",5.11469390866728
2021-04-01,"종로구","ub",4.84008254279561
2021-05-01,"종로구","pred",4.98309989256101
2021-05-01,"종로구","lb",5.15941503840346
2021-05-01,"종로구","ub",4.87533738504345
2021-06-01,"종로구","pred",5.01383984378333
2021-06-01,"종로구","lb",5.19774304521586
2021-06-01,"종로구","ub",4.90284540169083
2020-07-01,"중구","pred",5.40990734595366
2020-07-01,"중구","lb",5.49768581635567
2020-07-01,"중구","ub",5.32515384080753
2020-08-01,"중구","pred",5.42136424995399
2020-08-01,"중구","lb",5.5132361562854
2020-08-01,"중구","ub",5.33225704970112
2020-09-01,"중구","pred",5.40796936577168
2020-09-01,"중구","lb",5.50405725949962
2020-09-01,"중구","ub",5.31772253853043
2020-10-01,"중구","pred",5.38945458988528
2020-10-01,"중구","lb",5.48715869184962
2020-10-01,"중구","ub",5.29904053989495
2020-11-01,"중구","pred",5.37210702943738
2020-11-01,"중구","lb",5.47367654138276
2020-11-01,"중구","ub",5.27855167881493
2020-12-01,"중구","pred",5.35385778842486
2020-12-01,"중구","lb",5.45926619710558
2020-12-01,"중구","ub",5.25668311044841
2021-01-01,"중구","pred",5.3560494220042
2021-01-01,"중구","lb",5.46539616383557
2021-01-01,"중구","ub",5.25487049586195
2021-02-01,"중구","pred",5.36951251111673
2021-02-01,"중구","lb",5.48317054692655
2021-02-01,"중구","ub",5.2658537874442
2021-03-01,"중구","pred",5.40168922185428
2021-03-01,"중구","lb",5.51899539719082
2021-03-01,"중구","ub",5.29491706887742
2021-04-01,"중구","pred",5.42479286475885
2021-04-01,"중구","lb",5.54645744984472
2021-04-01,"중구","ub",5.31262973070357
2021-05-01,"중구","pred",5.4550029795597
2021-05-01,"중구","lb",5.58049379111462
2021-05-01,"중구","ub",5.33644697439165
2021-06-01,"중구","pred",5.47882723353393
2021-06-01,"중구","lb",5.60796647297069
2021-06-01,"중구","ub",5.35411231769712
2020-07-01,"중랑구","pred",6.36729777725901
2020-07-01,"중랑구","lb",6.45843547802259
2020-07-01,"중랑구","ub",6.27712343912504
2020-08-01,"중랑구","pred",6.37763387630357
2020-08-01,"중랑구","lb",6.47372242141623
2020-08-01,"중랑구","ub",6.2822668787812
2020-09-01,"중랑구","pred",6.36311818716548
2020-09-01,"중랑구","lb",6.46174120553678
2020-09-01,"중랑구","ub",6.26361456698159
2020-10-01,"중랑구","pred",6.3434826063233
2020-10-01,"중랑구","lb",6.44700033921477
2020-10-01,"중랑구","ub",6.24037108625139
2020-11-01,"중랑구","pred",6.32501424091963
2020-11-01,"중랑구","lb",6.43446157845339
2020-11-01,"중랑구","ub",6.21806188729592
2020-12-01,"중랑구","pred",6.30564419495134
2020-12-01,"중랑구","lb",6.41871015458791
2020-12-01,"중랑구","ub",6.19409339777648
2021-01-01,"중랑구","pred",6.30671502357491
2021-01-01,"중랑구","lb",6.42442247020699
2021-01-01,"중랑구","ub",6.19169153198539
2021-02-01,"중랑구","pred",6.31905730773165
2021-02-01,"중랑구","lb",6.43971084941784
2021-02-01,"중랑구","ub",6.19851915251597
2021-03-01,"중랑구","pred",6.35011321351344
2021-03-01,"중랑구","lb",6.47428354442577
2021-03-01,"중랑구","ub",6.22519332428203
2021-04-01,"중랑구","pred",6.37209605146223
2021-04-01,"중랑구","lb",6.50605573832047
2021-04-01,"중랑구","ub",6.24218024015401
2021-05-01,"중랑구","pred",6.40118536130731
2021-05-01,"중랑구","lb",6.53720178970349
2021-05-01,"중랑구","ub",6.2657494488585
2021-06-01,"중랑구","pred",6.42388881032576
2021-06-01,"중랑구","lb",6.56388201214948
2021-06-01,"중랑구","ub",6.28314562393799
