"Qtr","gu","nBusiness"
2015-01-01,"강남구",13536
2015-02-01,"강남구",13536
2015-03-01,"강남구",13536
2015-04-01,"강남구",13545
2015-05-01,"강남구",13545
2015-06-01,"강남구",13545
2015-07-01,"강남구",13393
2015-08-01,"강남구",13393
2015-09-01,"강남구",13393
2015-10-01,"강남구",13436
2015-11-01,"강남구",13436
2015-12-01,"강남구",13436
2016-01-01,"강남구",13283
2016-02-01,"강남구",13283
2016-03-01,"강남구",13283
2016-04-01,"강남구",13278
2016-05-01,"강남구",13278
2016-06-01,"강남구",13278
2016-07-01,"강남구",13204
2016-08-01,"강남구",13204
2016-09-01,"강남구",13204
2016-10-01,"강남구",13187
2016-11-01,"강남구",13187
2016-12-01,"강남구",13187
2017-01-01,"강남구",13056
2017-02-01,"강남구",13056
2017-03-01,"강남구",13056
2017-04-01,"강남구",13062
2017-05-01,"강남구",13062
2017-06-01,"강남구",13062
2017-07-01,"강남구",13048
2017-08-01,"강남구",13048
2017-09-01,"강남구",13048
2017-10-01,"강남구",12990
2017-11-01,"강남구",12990
2017-12-01,"강남구",12990
2018-01-01,"강남구",12799
2018-02-01,"강남구",12799
2018-03-01,"강남구",12799
2018-04-01,"강남구",12849
2018-05-01,"강남구",12849
2018-06-01,"강남구",12849
2018-07-01,"강남구",12777
2018-08-01,"강남구",12777
2018-09-01,"강남구",12777
2018-10-01,"강남구",12826
2018-11-01,"강남구",12826
2018-12-01,"강남구",12826
2019-01-01,"강남구",12796
2019-02-01,"강남구",12796
2019-03-01,"강남구",12796
2019-04-01,"강남구",12883
2019-05-01,"강남구",12883
2019-06-01,"강남구",12883
2019-07-01,"강남구",13012
2019-08-01,"강남구",13012
2019-09-01,"강남구",13012
2019-10-01,"강남구",14895
2019-11-01,"강남구",14895
2019-12-01,"강남구",14895
2020-01-01,"강남구",13293
2020-02-01,"강남구",13293
2020-03-01,"강남구",13293
2020-04-01,"강남구",13448
2020-05-01,"강남구",13448
2020-06-01,"강남구",13448
2015-01-01,"강동구",5630
2015-02-01,"강동구",5630
2015-03-01,"강동구",5630
2015-04-01,"강동구",5599
2015-05-01,"강동구",5599
2015-06-01,"강동구",5599
2015-07-01,"강동구",5564
2015-08-01,"강동구",5564
2015-09-01,"강동구",5564
2015-10-01,"강동구",5552
2015-11-01,"강동구",5552
2015-12-01,"강동구",5552
2016-01-01,"강동구",5507
2016-02-01,"강동구",5507
2016-03-01,"강동구",5507
2016-04-01,"강동구",5524
2016-05-01,"강동구",5524
2016-06-01,"강동구",5524
2016-07-01,"강동구",5513
2016-08-01,"강동구",5513
2016-09-01,"강동구",5513
2016-10-01,"강동구",5481
2016-11-01,"강동구",5481
2016-12-01,"강동구",5481
2017-01-01,"강동구",5468
2017-02-01,"강동구",5468
2017-03-01,"강동구",5468
2017-04-01,"강동구",5451
2017-05-01,"강동구",5451
2017-06-01,"강동구",5451
2017-07-01,"강동구",5434
2017-08-01,"강동구",5434
2017-09-01,"강동구",5434
2017-10-01,"강동구",5401
2017-11-01,"강동구",5401
2017-12-01,"강동구",5401
2018-01-01,"강동구",5341
2018-02-01,"강동구",5341
2018-03-01,"강동구",5341
2018-04-01,"강동구",5341
2018-05-01,"강동구",5341
2018-06-01,"강동구",5341
2018-07-01,"강동구",5291
2018-08-01,"강동구",5291
2018-09-01,"강동구",5291
2018-10-01,"강동구",5310
2018-11-01,"강동구",5310
2018-12-01,"강동구",5310
2019-01-01,"강동구",5316
2019-02-01,"강동구",5316
2019-03-01,"강동구",5316
2019-04-01,"강동구",5330
2019-05-01,"강동구",5330
2019-06-01,"강동구",5330
2019-07-01,"강동구",5296
2019-08-01,"강동구",5296
2019-09-01,"강동구",5296
2019-10-01,"강동구",5332
2019-11-01,"강동구",5332
2019-12-01,"강동구",5332
2020-01-01,"강동구",5410
2020-02-01,"강동구",5410
2020-03-01,"강동구",5410
2020-04-01,"강동구",5455
2020-05-01,"강동구",5455
2020-06-01,"강동구",5455
2015-01-01,"강북구",4156
2015-02-01,"강북구",4156
2015-03-01,"강북구",4156
2015-04-01,"강북구",4133
2015-05-01,"강북구",4133
2015-06-01,"강북구",4133
2015-07-01,"강북구",4111
2015-08-01,"강북구",4111
2015-09-01,"강북구",4111
2015-10-01,"강북구",4095
2015-11-01,"강북구",4095
2015-12-01,"강북구",4095
2016-01-01,"강북구",4077
2016-02-01,"강북구",4077
2016-03-01,"강북구",4077
2016-04-01,"강북구",4097
2016-05-01,"강북구",4097
2016-06-01,"강북구",4097
2016-07-01,"강북구",4089
2016-08-01,"강북구",4089
2016-09-01,"강북구",4089
2016-10-01,"강북구",4093
2016-11-01,"강북구",4093
2016-12-01,"강북구",4093
2017-01-01,"강북구",4074
2017-02-01,"강북구",4074
2017-03-01,"강북구",4074
2017-04-01,"강북구",4085
2017-05-01,"강북구",4085
2017-06-01,"강북구",4085
2017-07-01,"강북구",4071
2017-08-01,"강북구",4071
2017-09-01,"강북구",4071
2017-10-01,"강북구",4039
2017-11-01,"강북구",4039
2017-12-01,"강북구",4039
2018-01-01,"강북구",3996
2018-02-01,"강북구",3996
2018-03-01,"강북구",3996
2018-04-01,"강북구",3977
2018-05-01,"강북구",3977
2018-06-01,"강북구",3977
2018-07-01,"강북구",3940
2018-08-01,"강북구",3940
2018-09-01,"강북구",3940
2018-10-01,"강북구",3915
2018-11-01,"강북구",3915
2018-12-01,"강북구",3915
2019-01-01,"강북구",3910
2019-02-01,"강북구",3910
2019-03-01,"강북구",3910
2019-04-01,"강북구",3940
2019-05-01,"강북구",3940
2019-06-01,"강북구",3940
2019-07-01,"강북구",3927
2019-08-01,"강북구",3927
2019-09-01,"강북구",3927
2019-10-01,"강북구",3957
2019-11-01,"강북구",3957
2019-12-01,"강북구",3957
2020-01-01,"강북구",4022
2020-02-01,"강북구",4022
2020-03-01,"강북구",4022
2020-04-01,"강북구",4065
2020-05-01,"강북구",4065
2020-06-01,"강북구",4065
2015-01-01,"강서구",5679
2015-02-01,"강서구",5679
2015-03-01,"강서구",5679
2015-04-01,"강서구",5721
2015-05-01,"강서구",5721
2015-06-01,"강서구",5721
2015-07-01,"강서구",5703
2015-08-01,"강서구",5703
2015-09-01,"강서구",5703
2015-10-01,"강서구",5731
2015-11-01,"강서구",5731
2015-12-01,"강서구",5731
2016-01-01,"강서구",5727
2016-02-01,"강서구",5727
2016-03-01,"강서구",5727
2016-04-01,"강서구",5771
2016-05-01,"강서구",5771
2016-06-01,"강서구",5771
2016-07-01,"강서구",5755
2016-08-01,"강서구",5755
2016-09-01,"강서구",5755
2016-10-01,"강서구",5804
2016-11-01,"강서구",5804
2016-12-01,"강서구",5804
2017-01-01,"강서구",5835
2017-02-01,"강서구",5835
2017-03-01,"강서구",5835
2017-04-01,"강서구",5927
2017-05-01,"강서구",5927
2017-06-01,"강서구",5927
2017-07-01,"강서구",6001
2017-08-01,"강서구",6001
2017-09-01,"강서구",6001
2017-10-01,"강서구",6082
2017-11-01,"강서구",6082
2017-12-01,"강서구",6082
2018-01-01,"강서구",6126
2018-02-01,"강서구",6126
2018-03-01,"강서구",6126
2018-04-01,"강서구",6154
2018-05-01,"강서구",6154
2018-06-01,"강서구",6154
2018-07-01,"강서구",6134
2018-08-01,"강서구",6134
2018-09-01,"강서구",6134
2018-10-01,"강서구",6203
2018-11-01,"강서구",6203
2018-12-01,"강서구",6203
2019-01-01,"강서구",6227
2019-02-01,"강서구",6227
2019-03-01,"강서구",6227
2019-04-01,"강서구",6320
2019-05-01,"강서구",6320
2019-06-01,"강서구",6320
2019-07-01,"강서구",6327
2019-08-01,"강서구",6327
2019-09-01,"강서구",6327
2019-10-01,"강서구",6421
2019-11-01,"강서구",6421
2019-12-01,"강서구",6421
2020-01-01,"강서구",6585
2020-02-01,"강서구",6585
2020-03-01,"강서구",6585
2020-04-01,"강서구",6679
2020-05-01,"강서구",6679
2020-06-01,"강서구",6679
2015-01-01,"관악구",5885
2015-02-01,"관악구",5885
2015-03-01,"관악구",5885
2015-04-01,"관악구",5905
2015-05-01,"관악구",5905
2015-06-01,"관악구",5905
2015-07-01,"관악구",5862
2015-08-01,"관악구",5862
2015-09-01,"관악구",5862
2015-10-01,"관악구",5876
2015-11-01,"관악구",5876
2015-12-01,"관악구",5876
2016-01-01,"관악구",5851
2016-02-01,"관악구",5851
2016-03-01,"관악구",5851
2016-04-01,"관악구",5856
2016-05-01,"관악구",5856
2016-06-01,"관악구",5856
2016-07-01,"관악구",5805
2016-08-01,"관악구",5805
2016-09-01,"관악구",5805
2016-10-01,"관악구",5823
2016-11-01,"관악구",5823
2016-12-01,"관악구",5823
2017-01-01,"관악구",5804
2017-02-01,"관악구",5804
2017-03-01,"관악구",5804
2017-04-01,"관악구",5822
2017-05-01,"관악구",5822
2017-06-01,"관악구",5822
2017-07-01,"관악구",5790
2017-08-01,"관악구",5790
2017-09-01,"관악구",5790
2017-10-01,"관악구",5785
2017-11-01,"관악구",5785
2017-12-01,"관악구",5785
2018-01-01,"관악구",5746
2018-02-01,"관악구",5746
2018-03-01,"관악구",5746
2018-04-01,"관악구",5732
2018-05-01,"관악구",5732
2018-06-01,"관악구",5732
2018-07-01,"관악구",5712
2018-08-01,"관악구",5712
2018-09-01,"관악구",5712
2018-10-01,"관악구",5725
2018-11-01,"관악구",5725
2018-12-01,"관악구",5725
2019-01-01,"관악구",5723
2019-02-01,"관악구",5723
2019-03-01,"관악구",5723
2019-04-01,"관악구",5754
2019-05-01,"관악구",5754
2019-06-01,"관악구",5754
2019-07-01,"관악구",5757
2019-08-01,"관악구",5757
2019-09-01,"관악구",5757
2019-10-01,"관악구",5811
2019-11-01,"관악구",5811
2019-12-01,"관악구",5811
2020-01-01,"관악구",5885
2020-02-01,"관악구",5885
2020-03-01,"관악구",5885
2020-04-01,"관악구",5950
2020-05-01,"관악구",5950
2020-06-01,"관악구",5950
2015-01-01,"광진구",5198
2015-02-01,"광진구",5198
2015-03-01,"광진구",5198
2015-04-01,"광진구",5209
2015-05-01,"광진구",5209
2015-06-01,"광진구",5209
2015-07-01,"광진구",5202
2015-08-01,"광진구",5202
2015-09-01,"광진구",5202
2015-10-01,"광진구",5200
2015-11-01,"광진구",5200
2015-12-01,"광진구",5200
2016-01-01,"광진구",5232
2016-02-01,"광진구",5232
2016-03-01,"광진구",5232
2016-04-01,"광진구",5253
2016-05-01,"광진구",5253
2016-06-01,"광진구",5253
2016-07-01,"광진구",5216
2016-08-01,"광진구",5216
2016-09-01,"광진구",5216
2016-10-01,"광진구",5220
2016-11-01,"광진구",5220
2016-12-01,"광진구",5220
2017-01-01,"광진구",5178
2017-02-01,"광진구",5178
2017-03-01,"광진구",5178
2017-04-01,"광진구",5172
2017-05-01,"광진구",5172
2017-06-01,"광진구",5172
2017-07-01,"광진구",5175
2017-08-01,"광진구",5175
2017-09-01,"광진구",5175
2017-10-01,"광진구",5170
2017-11-01,"광진구",5170
2017-12-01,"광진구",5170
2018-01-01,"광진구",5133
2018-02-01,"광진구",5133
2018-03-01,"광진구",5133
2018-04-01,"광진구",5120
2018-05-01,"광진구",5120
2018-06-01,"광진구",5120
2018-07-01,"광진구",5087
2018-08-01,"광진구",5087
2018-09-01,"광진구",5087
2018-10-01,"광진구",5118
2018-11-01,"광진구",5118
2018-12-01,"광진구",5118
2019-01-01,"광진구",5110
2019-02-01,"광진구",5110
2019-03-01,"광진구",5110
2019-04-01,"광진구",5127
2019-05-01,"광진구",5127
2019-06-01,"광진구",5127
2019-07-01,"광진구",5125
2019-08-01,"광진구",5125
2019-09-01,"광진구",5125
2019-10-01,"광진구",5146
2019-11-01,"광진구",5146
2019-12-01,"광진구",5146
2020-01-01,"광진구",5271
2020-02-01,"광진구",5271
2020-03-01,"광진구",5271
2020-04-01,"광진구",5311
2020-05-01,"광진구",5311
2020-06-01,"광진구",5311
2015-01-01,"구로구",5300
2015-02-01,"구로구",5300
2015-03-01,"구로구",5300
2015-04-01,"구로구",5300
2015-05-01,"구로구",5300
2015-06-01,"구로구",5300
2015-07-01,"구로구",5286
2015-08-01,"구로구",5286
2015-09-01,"구로구",5286
2015-10-01,"구로구",5274
2015-11-01,"구로구",5274
2015-12-01,"구로구",5274
2016-01-01,"구로구",5252
2016-02-01,"구로구",5252
2016-03-01,"구로구",5252
2016-04-01,"구로구",5294
2016-05-01,"구로구",5294
2016-06-01,"구로구",5294
2016-07-01,"구로구",5294
2016-08-01,"구로구",5294
2016-09-01,"구로구",5294
2016-10-01,"구로구",5287
2016-11-01,"구로구",5287
2016-12-01,"구로구",5287
2017-01-01,"구로구",5274
2017-02-01,"구로구",5274
2017-03-01,"구로구",5274
2017-04-01,"구로구",5278
2017-05-01,"구로구",5278
2017-06-01,"구로구",5278
2017-07-01,"구로구",5267
2017-08-01,"구로구",5267
2017-09-01,"구로구",5267
2017-10-01,"구로구",5224
2017-11-01,"구로구",5224
2017-12-01,"구로구",5224
2018-01-01,"구로구",5198
2018-02-01,"구로구",5198
2018-03-01,"구로구",5198
2018-04-01,"구로구",5188
2018-05-01,"구로구",5188
2018-06-01,"구로구",5188
2018-07-01,"구로구",5133
2018-08-01,"구로구",5133
2018-09-01,"구로구",5133
2018-10-01,"구로구",5144
2018-11-01,"구로구",5144
2018-12-01,"구로구",5144
2019-01-01,"구로구",5132
2019-02-01,"구로구",5132
2019-03-01,"구로구",5132
2019-04-01,"구로구",5144
2019-05-01,"구로구",5144
2019-06-01,"구로구",5144
2019-07-01,"구로구",5110
2019-08-01,"구로구",5110
2019-09-01,"구로구",5110
2019-10-01,"구로구",5110
2019-11-01,"구로구",5110
2019-12-01,"구로구",5110
2020-01-01,"구로구",5144
2020-02-01,"구로구",5144
2020-03-01,"구로구",5144
2020-04-01,"구로구",5182
2020-05-01,"구로구",5182
2020-06-01,"구로구",5182
2015-01-01,"금천구",3735
2015-02-01,"금천구",3735
2015-03-01,"금천구",3735
2015-04-01,"금천구",3733
2015-05-01,"금천구",3733
2015-06-01,"금천구",3733
2015-07-01,"금천구",3692
2015-08-01,"금천구",3692
2015-09-01,"금천구",3692
2015-10-01,"금천구",3696
2015-11-01,"금천구",3696
2015-12-01,"금천구",3696
2016-01-01,"금천구",3670
2016-02-01,"금천구",3670
2016-03-01,"금천구",3670
2016-04-01,"금천구",3686
2016-05-01,"금천구",3686
2016-06-01,"금천구",3686
2016-07-01,"금천구",3649
2016-08-01,"금천구",3649
2016-09-01,"금천구",3649
2016-10-01,"금천구",3617
2016-11-01,"금천구",3617
2016-12-01,"금천구",3617
2017-01-01,"금천구",3597
2017-02-01,"금천구",3597
2017-03-01,"금천구",3597
2017-04-01,"금천구",3590
2017-05-01,"금천구",3590
2017-06-01,"금천구",3590
2017-07-01,"금천구",3597
2017-08-01,"금천구",3597
2017-09-01,"금천구",3597
2017-10-01,"금천구",3560
2017-11-01,"금천구",3560
2017-12-01,"금천구",3560
2018-01-01,"금천구",3533
2018-02-01,"금천구",3533
2018-03-01,"금천구",3533
2018-04-01,"금천구",3505
2018-05-01,"금천구",3505
2018-06-01,"금천구",3505
2018-07-01,"금천구",3496
2018-08-01,"금천구",3496
2018-09-01,"금천구",3496
2018-10-01,"금천구",3512
2018-11-01,"금천구",3512
2018-12-01,"금천구",3512
2019-01-01,"금천구",3514
2019-02-01,"금천구",3514
2019-03-01,"금천구",3514
2019-04-01,"금천구",3550
2019-05-01,"금천구",3550
2019-06-01,"금천구",3550
2019-07-01,"금천구",3546
2019-08-01,"금천구",3546
2019-09-01,"금천구",3546
2019-10-01,"금천구",3606
2019-11-01,"금천구",3606
2019-12-01,"금천구",3606
2020-01-01,"금천구",3642
2020-02-01,"금천구",3642
2020-03-01,"금천구",3642
2020-04-01,"금천구",3653
2020-05-01,"금천구",3653
2020-06-01,"금천구",3653
2015-01-01,"노원구",4771
2015-02-01,"노원구",4771
2015-03-01,"노원구",4771
2015-04-01,"노원구",4774
2015-05-01,"노원구",4774
2015-06-01,"노원구",4774
2015-07-01,"노원구",4759
2015-08-01,"노원구",4759
2015-09-01,"노원구",4759
2015-10-01,"노원구",4785
2015-11-01,"노원구",4785
2015-12-01,"노원구",4785
2016-01-01,"노원구",4777
2016-02-01,"노원구",4777
2016-03-01,"노원구",4777
2016-04-01,"노원구",4793
2016-05-01,"노원구",4793
2016-06-01,"노원구",4793
2016-07-01,"노원구",4735
2016-08-01,"노원구",4735
2016-09-01,"노원구",4735
2016-10-01,"노원구",4742
2016-11-01,"노원구",4742
2016-12-01,"노원구",4742
2017-01-01,"노원구",4713
2017-02-01,"노원구",4713
2017-03-01,"노원구",4713
2017-04-01,"노원구",4702
2017-05-01,"노원구",4702
2017-06-01,"노원구",4702
2017-07-01,"노원구",4683
2017-08-01,"노원구",4683
2017-09-01,"노원구",4683
2017-10-01,"노원구",4624
2017-11-01,"노원구",4624
2017-12-01,"노원구",4624
2018-01-01,"노원구",4613
2018-02-01,"노원구",4613
2018-03-01,"노원구",4613
2018-04-01,"노원구",4598
2018-05-01,"노원구",4598
2018-06-01,"노원구",4598
2018-07-01,"노원구",4591
2018-08-01,"노원구",4591
2018-09-01,"노원구",4591
2018-10-01,"노원구",4575
2018-11-01,"노원구",4575
2018-12-01,"노원구",4575
2019-01-01,"노원구",4581
2019-02-01,"노원구",4581
2019-03-01,"노원구",4581
2019-04-01,"노원구",4609
2019-05-01,"노원구",4609
2019-06-01,"노원구",4609
2019-07-01,"노원구",4594
2019-08-01,"노원구",4594
2019-09-01,"노원구",4594
2019-10-01,"노원구",4636
2019-11-01,"노원구",4636
2019-12-01,"노원구",4636
2020-01-01,"노원구",4687
2020-02-01,"노원구",4687
2020-03-01,"노원구",4687
2020-04-01,"노원구",4715
2020-05-01,"노원구",4715
2020-06-01,"노원구",4715
2015-01-01,"도봉구",3175
2015-02-01,"도봉구",3175
2015-03-01,"도봉구",3175
2015-04-01,"도봉구",3159
2015-05-01,"도봉구",3159
2015-06-01,"도봉구",3159
2015-07-01,"도봉구",3136
2015-08-01,"도봉구",3136
2015-09-01,"도봉구",3136
2015-10-01,"도봉구",3156
2015-11-01,"도봉구",3156
2015-12-01,"도봉구",3156
2016-01-01,"도봉구",3129
2016-02-01,"도봉구",3129
2016-03-01,"도봉구",3129
2016-04-01,"도봉구",3151
2016-05-01,"도봉구",3151
2016-06-01,"도봉구",3151
2016-07-01,"도봉구",3124
2016-08-01,"도봉구",3124
2016-09-01,"도봉구",3124
2016-10-01,"도봉구",3128
2016-11-01,"도봉구",3128
2016-12-01,"도봉구",3128
2017-01-01,"도봉구",3095
2017-02-01,"도봉구",3095
2017-03-01,"도봉구",3095
2017-04-01,"도봉구",3088
2017-05-01,"도봉구",3088
2017-06-01,"도봉구",3088
2017-07-01,"도봉구",3061
2017-08-01,"도봉구",3061
2017-09-01,"도봉구",3061
2017-10-01,"도봉구",3064
2017-11-01,"도봉구",3064
2017-12-01,"도봉구",3064
2018-01-01,"도봉구",3059
2018-02-01,"도봉구",3059
2018-03-01,"도봉구",3059
2018-04-01,"도봉구",3058
2018-05-01,"도봉구",3058
2018-06-01,"도봉구",3058
2018-07-01,"도봉구",3061
2018-08-01,"도봉구",3061
2018-09-01,"도봉구",3061
2018-10-01,"도봉구",3061
2018-11-01,"도봉구",3061
2018-12-01,"도봉구",3061
2019-01-01,"도봉구",3067
2019-02-01,"도봉구",3067
2019-03-01,"도봉구",3067
2019-04-01,"도봉구",3074
2019-05-01,"도봉구",3074
2019-06-01,"도봉구",3074
2019-07-01,"도봉구",3067
2019-08-01,"도봉구",3067
2019-09-01,"도봉구",3067
2019-10-01,"도봉구",3079
2019-11-01,"도봉구",3079
2019-12-01,"도봉구",3079
2020-01-01,"도봉구",3093
2020-02-01,"도봉구",3093
2020-03-01,"도봉구",3093
2020-04-01,"도봉구",3106
2020-05-01,"도봉구",3106
2020-06-01,"도봉구",3106
2015-01-01,"동대문구",5355
2015-02-01,"동대문구",5355
2015-03-01,"동대문구",5355
2015-04-01,"동대문구",5371
2015-05-01,"동대문구",5371
2015-06-01,"동대문구",5371
2015-07-01,"동대문구",5325
2015-08-01,"동대문구",5325
2015-09-01,"동대문구",5325
2015-10-01,"동대문구",5317
2015-11-01,"동대문구",5317
2015-12-01,"동대문구",5317
2016-01-01,"동대문구",5314
2016-02-01,"동대문구",5314
2016-03-01,"동대문구",5314
2016-04-01,"동대문구",5331
2016-05-01,"동대문구",5331
2016-06-01,"동대문구",5331
2016-07-01,"동대문구",5286
2016-08-01,"동대문구",5286
2016-09-01,"동대문구",5286
2016-10-01,"동대문구",5280
2016-11-01,"동대문구",5280
2016-12-01,"동대문구",5280
2017-01-01,"동대문구",5262
2017-02-01,"동대문구",5262
2017-03-01,"동대문구",5262
2017-04-01,"동대문구",5243
2017-05-01,"동대문구",5243
2017-06-01,"동대문구",5243
2017-07-01,"동대문구",5192
2017-08-01,"동대문구",5192
2017-09-01,"동대문구",5192
2017-10-01,"동대문구",5180
2017-11-01,"동대문구",5180
2017-12-01,"동대문구",5180
2018-01-01,"동대문구",5127
2018-02-01,"동대문구",5127
2018-03-01,"동대문구",5127
2018-04-01,"동대문구",5099
2018-05-01,"동대문구",5099
2018-06-01,"동대문구",5099
2018-07-01,"동대문구",5061
2018-08-01,"동대문구",5061
2018-09-01,"동대문구",5061
2018-10-01,"동대문구",5095
2018-11-01,"동대문구",5095
2018-12-01,"동대문구",5095
2019-01-01,"동대문구",5050
2019-02-01,"동대문구",5050
2019-03-01,"동대문구",5050
2019-04-01,"동대문구",5052
2019-05-01,"동대문구",5052
2019-06-01,"동대문구",5052
2019-07-01,"동대문구",5051
2019-08-01,"동대문구",5051
2019-09-01,"동대문구",5051
2019-10-01,"동대문구",5063
2019-11-01,"동대문구",5063
2019-12-01,"동대문구",5063
2020-01-01,"동대문구",5093
2020-02-01,"동대문구",5093
2020-03-01,"동대문구",5093
2020-04-01,"동대문구",5116
2020-05-01,"동대문구",5116
2020-06-01,"동대문구",5116
2015-01-01,"동작구",4344
2015-02-01,"동작구",4344
2015-03-01,"동작구",4344
2015-04-01,"동작구",4351
2015-05-01,"동작구",4351
2015-06-01,"동작구",4351
2015-07-01,"동작구",4326
2015-08-01,"동작구",4326
2015-09-01,"동작구",4326
2015-10-01,"동작구",4314
2015-11-01,"동작구",4314
2015-12-01,"동작구",4314
2016-01-01,"동작구",4306
2016-02-01,"동작구",4306
2016-03-01,"동작구",4306
2016-04-01,"동작구",4340
2016-05-01,"동작구",4340
2016-06-01,"동작구",4340
2016-07-01,"동작구",4328
2016-08-01,"동작구",4328
2016-09-01,"동작구",4328
2016-10-01,"동작구",4328
2016-11-01,"동작구",4328
2016-12-01,"동작구",4328
2017-01-01,"동작구",4341
2017-02-01,"동작구",4341
2017-03-01,"동작구",4341
2017-04-01,"동작구",4345
2017-05-01,"동작구",4345
2017-06-01,"동작구",4345
2017-07-01,"동작구",4335
2017-08-01,"동작구",4335
2017-09-01,"동작구",4335
2017-10-01,"동작구",4321
2017-11-01,"동작구",4321
2017-12-01,"동작구",4321
2018-01-01,"동작구",4293
2018-02-01,"동작구",4293
2018-03-01,"동작구",4293
2018-04-01,"동작구",4318
2018-05-01,"동작구",4318
2018-06-01,"동작구",4318
2018-07-01,"동작구",4308
2018-08-01,"동작구",4308
2018-09-01,"동작구",4308
2018-10-01,"동작구",4339
2018-11-01,"동작구",4339
2018-12-01,"동작구",4339
2019-01-01,"동작구",4333
2019-02-01,"동작구",4333
2019-03-01,"동작구",4333
2019-04-01,"동작구",4374
2019-05-01,"동작구",4374
2019-06-01,"동작구",4374
2019-07-01,"동작구",4353
2019-08-01,"동작구",4353
2019-09-01,"동작구",4353
2019-10-01,"동작구",4363
2019-11-01,"동작구",4363
2019-12-01,"동작구",4363
2020-01-01,"동작구",4418
2020-02-01,"동작구",4418
2020-03-01,"동작구",4418
2020-04-01,"동작구",4425
2020-05-01,"동작구",4425
2020-06-01,"동작구",4425
2015-01-01,"마포구",8318
2015-02-01,"마포구",8318
2015-03-01,"마포구",8318
2015-04-01,"마포구",8408
2015-05-01,"마포구",8408
2015-06-01,"마포구",8408
2015-07-01,"마포구",8435
2015-08-01,"마포구",8435
2015-09-01,"마포구",8435
2015-10-01,"마포구",8526
2015-11-01,"마포구",8526
2015-12-01,"마포구",8526
2016-01-01,"마포구",8542
2016-02-01,"마포구",8542
2016-03-01,"마포구",8542
2016-04-01,"마포구",8661
2016-05-01,"마포구",8661
2016-06-01,"마포구",8661
2016-07-01,"마포구",8724
2016-08-01,"마포구",8724
2016-09-01,"마포구",8724
2016-10-01,"마포구",8826
2016-11-01,"마포구",8826
2016-12-01,"마포구",8826
2017-01-01,"마포구",8878
2017-02-01,"마포구",8878
2017-03-01,"마포구",8878
2017-04-01,"마포구",8987
2017-05-01,"마포구",8987
2017-06-01,"마포구",8987
2017-07-01,"마포구",9014
2017-08-01,"마포구",9014
2017-09-01,"마포구",9014
2017-10-01,"마포구",9012
2017-11-01,"마포구",9012
2017-12-01,"마포구",9012
2018-01-01,"마포구",9003
2018-02-01,"마포구",9003
2018-03-01,"마포구",9003
2018-04-01,"마포구",9072
2018-05-01,"마포구",9072
2018-06-01,"마포구",9072
2018-07-01,"마포구",9058
2018-08-01,"마포구",9058
2018-09-01,"마포구",9058
2018-10-01,"마포구",9095
2018-11-01,"마포구",9095
2018-12-01,"마포구",9095
2019-01-01,"마포구",9078
2019-02-01,"마포구",9078
2019-03-01,"마포구",9078
2019-04-01,"마포구",9130
2019-05-01,"마포구",9130
2019-06-01,"마포구",9130
2019-07-01,"마포구",9153
2019-08-01,"마포구",9153
2019-09-01,"마포구",9153
2019-10-01,"마포구",9232
2019-11-01,"마포구",9232
2019-12-01,"마포구",9232
2020-01-01,"마포구",9380
2020-02-01,"마포구",9380
2020-03-01,"마포구",9380
2020-04-01,"마포구",9432
2020-05-01,"마포구",9432
2020-06-01,"마포구",9432
2015-01-01,"서대문구",4657
2015-02-01,"서대문구",4657
2015-03-01,"서대문구",4657
2015-04-01,"서대문구",4679
2015-05-01,"서대문구",4679
2015-06-01,"서대문구",4679
2015-07-01,"서대문구",4667
2015-08-01,"서대문구",4667
2015-09-01,"서대문구",4667
2015-10-01,"서대문구",4690
2015-11-01,"서대문구",4690
2015-12-01,"서대문구",4690
2016-01-01,"서대문구",4664
2016-02-01,"서대문구",4664
2016-03-01,"서대문구",4664
2016-04-01,"서대문구",4688
2016-05-01,"서대문구",4688
2016-06-01,"서대문구",4688
2016-07-01,"서대문구",4649
2016-08-01,"서대문구",4649
2016-09-01,"서대문구",4649
2016-10-01,"서대문구",4634
2016-11-01,"서대문구",4634
2016-12-01,"서대문구",4634
2017-01-01,"서대문구",4643
2017-02-01,"서대문구",4643
2017-03-01,"서대문구",4643
2017-04-01,"서대문구",4632
2017-05-01,"서대문구",4632
2017-06-01,"서대문구",4632
2017-07-01,"서대문구",4602
2017-08-01,"서대문구",4602
2017-09-01,"서대문구",4602
2017-10-01,"서대문구",4586
2017-11-01,"서대문구",4586
2017-12-01,"서대문구",4586
2018-01-01,"서대문구",4546
2018-02-01,"서대문구",4546
2018-03-01,"서대문구",4546
2018-04-01,"서대문구",4552
2018-05-01,"서대문구",4552
2018-06-01,"서대문구",4552
2018-07-01,"서대문구",4553
2018-08-01,"서대문구",4553
2018-09-01,"서대문구",4553
2018-10-01,"서대문구",4567
2018-11-01,"서대문구",4567
2018-12-01,"서대문구",4567
2019-01-01,"서대문구",4545
2019-02-01,"서대문구",4545
2019-03-01,"서대문구",4545
2019-04-01,"서대문구",4586
2019-05-01,"서대문구",4586
2019-06-01,"서대문구",4586
2019-07-01,"서대문구",4603
2019-08-01,"서대문구",4603
2019-09-01,"서대문구",4603
2019-10-01,"서대문구",4606
2019-11-01,"서대문구",4606
2019-12-01,"서대문구",4606
2020-01-01,"서대문구",4633
2020-02-01,"서대문구",4633
2020-03-01,"서대문구",4633
2020-04-01,"서대문구",4666
2020-05-01,"서대문구",4666
2020-06-01,"서대문구",4666
2015-01-01,"서초구",8355
2015-02-01,"서초구",8355
2015-03-01,"서초구",8355
2015-04-01,"서초구",8355
2015-05-01,"서초구",8355
2015-06-01,"서초구",8355
2015-07-01,"서초구",8314
2015-08-01,"서초구",8314
2015-09-01,"서초구",8314
2015-10-01,"서초구",8297
2015-11-01,"서초구",8297
2015-12-01,"서초구",8297
2016-01-01,"서초구",8235
2016-02-01,"서초구",8235
2016-03-01,"서초구",8235
2016-04-01,"서초구",8247
2016-05-01,"서초구",8247
2016-06-01,"서초구",8247
2016-07-01,"서초구",8141
2016-08-01,"서초구",8141
2016-09-01,"서초구",8141
2016-10-01,"서초구",8148
2016-11-01,"서초구",8148
2016-12-01,"서초구",8148
2017-01-01,"서초구",8072
2017-02-01,"서초구",8072
2017-03-01,"서초구",8072
2017-04-01,"서초구",8096
2017-05-01,"서초구",8096
2017-06-01,"서초구",8096
2017-07-01,"서초구",8010
2017-08-01,"서초구",8010
2017-09-01,"서초구",8010
2017-10-01,"서초구",7972
2017-11-01,"서초구",7972
2017-12-01,"서초구",7972
2018-01-01,"서초구",7899
2018-02-01,"서초구",7899
2018-03-01,"서초구",7899
2018-04-01,"서초구",7937
2018-05-01,"서초구",7937
2018-06-01,"서초구",7937
2018-07-01,"서초구",7875
2018-08-01,"서초구",7875
2018-09-01,"서초구",7875
2018-10-01,"서초구",7866
2018-11-01,"서초구",7866
2018-12-01,"서초구",7866
2019-01-01,"서초구",7804
2019-02-01,"서초구",7804
2019-03-01,"서초구",7804
2019-04-01,"서초구",7793
2019-05-01,"서초구",7793
2019-06-01,"서초구",7793
2019-07-01,"서초구",7780
2019-08-01,"서초구",7780
2019-09-01,"서초구",7780
2019-10-01,"서초구",7846
2019-11-01,"서초구",7846
2019-12-01,"서초구",7846
2020-01-01,"서초구",7938
2020-02-01,"서초구",7938
2020-03-01,"서초구",7938
2020-04-01,"서초구",7947
2020-05-01,"서초구",7947
2020-06-01,"서초구",7947
2015-01-01,"성동구",3744
2015-02-01,"성동구",3744
2015-03-01,"성동구",3744
2015-04-01,"성동구",3753
2015-05-01,"성동구",3753
2015-06-01,"성동구",3753
2015-07-01,"성동구",3752
2015-08-01,"성동구",3752
2015-09-01,"성동구",3752
2015-10-01,"성동구",3775
2015-11-01,"성동구",3775
2015-12-01,"성동구",3775
2016-01-01,"성동구",3757
2016-02-01,"성동구",3757
2016-03-01,"성동구",3757
2016-04-01,"성동구",3806
2016-05-01,"성동구",3806
2016-06-01,"성동구",3806
2016-07-01,"성동구",3807
2016-08-01,"성동구",3807
2016-09-01,"성동구",3807
2016-10-01,"성동구",3816
2016-11-01,"성동구",3816
2016-12-01,"성동구",3816
2017-01-01,"성동구",3818
2017-02-01,"성동구",3818
2017-03-01,"성동구",3818
2017-04-01,"성동구",3873
2017-05-01,"성동구",3873
2017-06-01,"성동구",3873
2017-07-01,"성동구",3906
2017-08-01,"성동구",3906
2017-09-01,"성동구",3906
2017-10-01,"성동구",3920
2017-11-01,"성동구",3920
2017-12-01,"성동구",3920
2018-01-01,"성동구",3888
2018-02-01,"성동구",3888
2018-03-01,"성동구",3888
2018-04-01,"성동구",3930
2018-05-01,"성동구",3930
2018-06-01,"성동구",3930
2018-07-01,"성동구",3952
2018-08-01,"성동구",3952
2018-09-01,"성동구",3952
2018-10-01,"성동구",4000
2018-11-01,"성동구",4000
2018-12-01,"성동구",4000
2019-01-01,"성동구",4001
2019-02-01,"성동구",4001
2019-03-01,"성동구",4001
2019-04-01,"성동구",4040
2019-05-01,"성동구",4040
2019-06-01,"성동구",4040
2019-07-01,"성동구",4084
2019-08-01,"성동구",4084
2019-09-01,"성동구",4084
2019-10-01,"성동구",4132
2019-11-01,"성동구",4132
2019-12-01,"성동구",4132
2020-01-01,"성동구",4191
2020-02-01,"성동구",4191
2020-03-01,"성동구",4191
2020-04-01,"성동구",4226
2020-05-01,"성동구",4226
2020-06-01,"성동구",4226
2015-01-01,"성북구",5001
2015-02-01,"성북구",5001
2015-03-01,"성북구",5001
2015-04-01,"성북구",5001
2015-05-01,"성북구",5001
2015-06-01,"성북구",5001
2015-07-01,"성북구",4974
2015-08-01,"성북구",4974
2015-09-01,"성북구",4974
2015-10-01,"성북구",4988
2015-11-01,"성북구",4988
2015-12-01,"성북구",4988
2016-01-01,"성북구",4958
2016-02-01,"성북구",4958
2016-03-01,"성북구",4958
2016-04-01,"성북구",4946
2016-05-01,"성북구",4946
2016-06-01,"성북구",4946
2016-07-01,"성북구",4920
2016-08-01,"성북구",4920
2016-09-01,"성북구",4920
2016-10-01,"성북구",4929
2016-11-01,"성북구",4929
2016-12-01,"성북구",4929
2017-01-01,"성북구",4900
2017-02-01,"성북구",4900
2017-03-01,"성북구",4900
2017-04-01,"성북구",4918
2017-05-01,"성북구",4918
2017-06-01,"성북구",4918
2017-07-01,"성북구",4915
2017-08-01,"성북구",4915
2017-09-01,"성북구",4915
2017-10-01,"성북구",4878
2017-11-01,"성북구",4878
2017-12-01,"성북구",4878
2018-01-01,"성북구",4850
2018-02-01,"성북구",4850
2018-03-01,"성북구",4850
2018-04-01,"성북구",4876
2018-05-01,"성북구",4876
2018-06-01,"성북구",4876
2018-07-01,"성북구",4844
2018-08-01,"성북구",4844
2018-09-01,"성북구",4844
2018-10-01,"성북구",4843
2018-11-01,"성북구",4843
2018-12-01,"성북구",4843
2019-01-01,"성북구",4846
2019-02-01,"성북구",4846
2019-03-01,"성북구",4846
2019-04-01,"성북구",4880
2019-05-01,"성북구",4880
2019-06-01,"성북구",4880
2019-07-01,"성북구",4875
2019-08-01,"성북구",4875
2019-09-01,"성북구",4875
2019-10-01,"성북구",4851
2019-11-01,"성북구",4851
2019-12-01,"성북구",4851
2020-01-01,"성북구",4837
2020-02-01,"성북구",4837
2020-03-01,"성북구",4837
2020-04-01,"성북구",4839
2020-05-01,"성북구",4839
2020-06-01,"성북구",4839
2015-01-01,"송파구",7757
2015-02-01,"송파구",7757
2015-03-01,"송파구",7757
2015-04-01,"송파구",7750
2015-05-01,"송파구",7750
2015-06-01,"송파구",7750
2015-07-01,"송파구",7709
2015-08-01,"송파구",7709
2015-09-01,"송파구",7709
2015-10-01,"송파구",7714
2015-11-01,"송파구",7714
2015-12-01,"송파구",7714
2016-01-01,"송파구",7667
2016-02-01,"송파구",7667
2016-03-01,"송파구",7667
2016-04-01,"송파구",7722
2016-05-01,"송파구",7722
2016-06-01,"송파구",7722
2016-07-01,"송파구",7715
2016-08-01,"송파구",7715
2016-09-01,"송파구",7715
2016-10-01,"송파구",7826
2016-11-01,"송파구",7826
2016-12-01,"송파구",7826
2017-01-01,"송파구",7892
2017-02-01,"송파구",7892
2017-03-01,"송파구",7892
2017-04-01,"송파구",7974
2017-05-01,"송파구",7974
2017-06-01,"송파구",7974
2017-07-01,"송파구",7989
2017-08-01,"송파구",7989
2017-09-01,"송파구",7989
2017-10-01,"송파구",7995
2017-11-01,"송파구",7995
2017-12-01,"송파구",7995
2018-01-01,"송파구",8009
2018-02-01,"송파구",8009
2018-03-01,"송파구",8009
2018-04-01,"송파구",8054
2018-05-01,"송파구",8054
2018-06-01,"송파구",8054
2018-07-01,"송파구",8021
2018-08-01,"송파구",8021
2018-09-01,"송파구",8021
2018-10-01,"송파구",8100
2018-11-01,"송파구",8100
2018-12-01,"송파구",8100
2019-01-01,"송파구",8123
2019-02-01,"송파구",8123
2019-03-01,"송파구",8123
2019-04-01,"송파구",8181
2019-05-01,"송파구",8181
2019-06-01,"송파구",8181
2019-07-01,"송파구",8234
2019-08-01,"송파구",8234
2019-09-01,"송파구",8234
2019-10-01,"송파구",8407
2019-11-01,"송파구",8407
2019-12-01,"송파구",8407
2020-01-01,"송파구",8423
2020-02-01,"송파구",8423
2020-03-01,"송파구",8423
2020-04-01,"송파구",8505
2020-05-01,"송파구",8505
2020-06-01,"송파구",8505
2015-01-01,"양천구",4391
2015-02-01,"양천구",4391
2015-03-01,"양천구",4391
2015-04-01,"양천구",4390
2015-05-01,"양천구",4390
2015-06-01,"양천구",4390
2015-07-01,"양천구",4360
2015-08-01,"양천구",4360
2015-09-01,"양천구",4360
2015-10-01,"양천구",4339
2015-11-01,"양천구",4339
2015-12-01,"양천구",4339
2016-01-01,"양천구",4310
2016-02-01,"양천구",4310
2016-03-01,"양천구",4310
2016-04-01,"양천구",4303
2016-05-01,"양천구",4303
2016-06-01,"양천구",4303
2016-07-01,"양천구",4266
2016-08-01,"양천구",4266
2016-09-01,"양천구",4266
2016-10-01,"양천구",4220
2016-11-01,"양천구",4220
2016-12-01,"양천구",4220
2017-01-01,"양천구",4184
2017-02-01,"양천구",4184
2017-03-01,"양천구",4184
2017-04-01,"양천구",4185
2017-05-01,"양천구",4185
2017-06-01,"양천구",4185
2017-07-01,"양천구",4137
2017-08-01,"양천구",4137
2017-09-01,"양천구",4137
2017-10-01,"양천구",4109
2017-11-01,"양천구",4109
2017-12-01,"양천구",4109
2018-01-01,"양천구",4055
2018-02-01,"양천구",4055
2018-03-01,"양천구",4055
2018-04-01,"양천구",4040
2018-05-01,"양천구",4040
2018-06-01,"양천구",4040
2018-07-01,"양천구",4011
2018-08-01,"양천구",4011
2018-09-01,"양천구",4011
2018-10-01,"양천구",4015
2018-11-01,"양천구",4015
2018-12-01,"양천구",4015
2019-01-01,"양천구",3996
2019-02-01,"양천구",3996
2019-03-01,"양천구",3996
2019-04-01,"양천구",3998
2019-05-01,"양천구",3998
2019-06-01,"양천구",3998
2019-07-01,"양천구",4021
2019-08-01,"양천구",4021
2019-09-01,"양천구",4021
2019-10-01,"양천구",4033
2019-11-01,"양천구",4033
2019-12-01,"양천구",4033
2020-01-01,"양천구",4107
2020-02-01,"양천구",4107
2020-03-01,"양천구",4107
2020-04-01,"양천구",4157
2020-05-01,"양천구",4157
2020-06-01,"양천구",4157
2015-01-01,"영등포구",7861
2015-02-01,"영등포구",7861
2015-03-01,"영등포구",7861
2015-04-01,"영등포구",7846
2015-05-01,"영등포구",7846
2015-06-01,"영등포구",7846
2015-07-01,"영등포구",7817
2015-08-01,"영등포구",7817
2015-09-01,"영등포구",7817
2015-10-01,"영등포구",7789
2015-11-01,"영등포구",7789
2015-12-01,"영등포구",7789
2016-01-01,"영등포구",7735
2016-02-01,"영등포구",7735
2016-03-01,"영등포구",7735
2016-04-01,"영등포구",7811
2016-05-01,"영등포구",7811
2016-06-01,"영등포구",7811
2016-07-01,"영등포구",7758
2016-08-01,"영등포구",7758
2016-09-01,"영등포구",7758
2016-10-01,"영등포구",7729
2016-11-01,"영등포구",7729
2016-12-01,"영등포구",7729
2017-01-01,"영등포구",7670
2017-02-01,"영등포구",7670
2017-03-01,"영등포구",7670
2017-04-01,"영등포구",7655
2017-05-01,"영등포구",7655
2017-06-01,"영등포구",7655
2017-07-01,"영등포구",7659
2017-08-01,"영등포구",7659
2017-09-01,"영등포구",7659
2017-10-01,"영등포구",7623
2017-11-01,"영등포구",7623
2017-12-01,"영등포구",7623
2018-01-01,"영등포구",7551
2018-02-01,"영등포구",7551
2018-03-01,"영등포구",7551
2018-04-01,"영등포구",7577
2018-05-01,"영등포구",7577
2018-06-01,"영등포구",7577
2018-07-01,"영등포구",7523
2018-08-01,"영등포구",7523
2018-09-01,"영등포구",7523
2018-10-01,"영등포구",7562
2018-11-01,"영등포구",7562
2018-12-01,"영등포구",7562
2019-01-01,"영등포구",7519
2019-02-01,"영등포구",7519
2019-03-01,"영등포구",7519
2019-04-01,"영등포구",7543
2019-05-01,"영등포구",7543
2019-06-01,"영등포구",7543
2019-07-01,"영등포구",7541
2019-08-01,"영등포구",7541
2019-09-01,"영등포구",7541
2019-10-01,"영등포구",7578
2019-11-01,"영등포구",7578
2019-12-01,"영등포구",7578
2020-01-01,"영등포구",7739
2020-02-01,"영등포구",7739
2020-03-01,"영등포구",7739
2020-04-01,"영등포구",7752
2020-05-01,"영등포구",7752
2020-06-01,"영등포구",7752
2015-01-01,"용산구",4671
2015-02-01,"용산구",4671
2015-03-01,"용산구",4671
2015-04-01,"용산구",4714
2015-05-01,"용산구",4714
2015-06-01,"용산구",4714
2015-07-01,"용산구",4783
2015-08-01,"용산구",4783
2015-09-01,"용산구",4783
2015-10-01,"용산구",4851
2015-11-01,"용산구",4851
2015-12-01,"용산구",4851
2016-01-01,"용산구",4882
2016-02-01,"용산구",4882
2016-03-01,"용산구",4882
2016-04-01,"용산구",4907
2016-05-01,"용산구",4907
2016-06-01,"용산구",4907
2016-07-01,"용산구",4909
2016-08-01,"용산구",4909
2016-09-01,"용산구",4909
2016-10-01,"용산구",4941
2016-11-01,"용산구",4941
2016-12-01,"용산구",4941
2017-01-01,"용산구",4951
2017-02-01,"용산구",4951
2017-03-01,"용산구",4951
2017-04-01,"용산구",4979
2017-05-01,"용산구",4979
2017-06-01,"용산구",4979
2017-07-01,"용산구",4996
2017-08-01,"용산구",4996
2017-09-01,"용산구",4996
2017-10-01,"용산구",5016
2017-11-01,"용산구",5016
2017-12-01,"용산구",5016
2018-01-01,"용산구",4985
2018-02-01,"용산구",4985
2018-03-01,"용산구",4985
2018-04-01,"용산구",5011
2018-05-01,"용산구",5011
2018-06-01,"용산구",5011
2018-07-01,"용산구",4998
2018-08-01,"용산구",4998
2018-09-01,"용산구",4998
2018-10-01,"용산구",5022
2018-11-01,"용산구",5022
2018-12-01,"용산구",5022
2019-01-01,"용산구",5034
2019-02-01,"용산구",5034
2019-03-01,"용산구",5034
2019-04-01,"용산구",5047
2019-05-01,"용산구",5047
2019-06-01,"용산구",5047
2019-07-01,"용산구",5041
2019-08-01,"용산구",5041
2019-09-01,"용산구",5041
2019-10-01,"용산구",5062
2019-11-01,"용산구",5062
2019-12-01,"용산구",5062
2020-01-01,"용산구",5146
2020-02-01,"용산구",5146
2020-03-01,"용산구",5146
2020-04-01,"용산구",5177
2020-05-01,"용산구",5177
2020-06-01,"용산구",5177
2015-01-01,"은평구",4622
2015-02-01,"은평구",4622
2015-03-01,"은평구",4622
2015-04-01,"은평구",4613
2015-05-01,"은평구",4613
2015-06-01,"은평구",4613
2015-07-01,"은평구",4601
2015-08-01,"은평구",4601
2015-09-01,"은평구",4601
2015-10-01,"은평구",4602
2015-11-01,"은평구",4602
2015-12-01,"은평구",4602
2016-01-01,"은평구",4582
2016-02-01,"은평구",4582
2016-03-01,"은평구",4582
2016-04-01,"은평구",4588
2016-05-01,"은평구",4588
2016-06-01,"은평구",4588
2016-07-01,"은평구",4574
2016-08-01,"은평구",4574
2016-09-01,"은평구",4574
2016-10-01,"은평구",4646
2016-11-01,"은평구",4646
2016-12-01,"은평구",4646
2017-01-01,"은평구",4658
2017-02-01,"은평구",4658
2017-03-01,"은평구",4658
2017-04-01,"은평구",4655
2017-05-01,"은평구",4655
2017-06-01,"은평구",4655
2017-07-01,"은평구",4640
2017-08-01,"은평구",4640
2017-09-01,"은평구",4640
2017-10-01,"은평구",4622
2017-11-01,"은평구",4622
2017-12-01,"은평구",4622
2018-01-01,"은평구",4603
2018-02-01,"은평구",4603
2018-03-01,"은평구",4603
2018-04-01,"은평구",4599
2018-05-01,"은평구",4599
2018-06-01,"은평구",4599
2018-07-01,"은평구",4576
2018-08-01,"은평구",4576
2018-09-01,"은평구",4576
2018-10-01,"은평구",4618
2018-11-01,"은평구",4618
2018-12-01,"은평구",4618
2019-01-01,"은평구",4636
2019-02-01,"은평구",4636
2019-03-01,"은평구",4636
2019-04-01,"은평구",4649
2019-05-01,"은평구",4649
2019-06-01,"은평구",4649
2019-07-01,"은평구",4633
2019-08-01,"은평구",4633
2019-09-01,"은평구",4633
2019-10-01,"은평구",4665
2019-11-01,"은평구",4665
2019-12-01,"은평구",4665
2020-01-01,"은평구",4734
2020-02-01,"은평구",4734
2020-03-01,"은평구",4734
2020-04-01,"은평구",4786
2020-05-01,"은평구",4786
2020-06-01,"은평구",4786
2015-01-01,"종로구",7108
2015-02-01,"종로구",7108
2015-03-01,"종로구",7108
2015-04-01,"종로구",7158
2015-05-01,"종로구",7158
2015-06-01,"종로구",7158
2015-07-01,"종로구",7125
2015-08-01,"종로구",7125
2015-09-01,"종로구",7125
2015-10-01,"종로구",7130
2015-11-01,"종로구",7130
2015-12-01,"종로구",7130
2016-01-01,"종로구",7108
2016-02-01,"종로구",7108
2016-03-01,"종로구",7108
2016-04-01,"종로구",7123
2016-05-01,"종로구",7123
2016-06-01,"종로구",7123
2016-07-01,"종로구",7088
2016-08-01,"종로구",7088
2016-09-01,"종로구",7088
2016-10-01,"종로구",7084
2016-11-01,"종로구",7084
2016-12-01,"종로구",7084
2017-01-01,"종로구",7061
2017-02-01,"종로구",7061
2017-03-01,"종로구",7061
2017-04-01,"종로구",7078
2017-05-01,"종로구",7078
2017-06-01,"종로구",7078
2017-07-01,"종로구",7017
2017-08-01,"종로구",7017
2017-09-01,"종로구",7017
2017-10-01,"종로구",7036
2017-11-01,"종로구",7036
2017-12-01,"종로구",7036
2018-01-01,"종로구",6971
2018-02-01,"종로구",6971
2018-03-01,"종로구",6971
2018-04-01,"종로구",7019
2018-05-01,"종로구",7019
2018-06-01,"종로구",7019
2018-07-01,"종로구",6993
2018-08-01,"종로구",6993
2018-09-01,"종로구",6993
2018-10-01,"종로구",7016
2018-11-01,"종로구",7016
2018-12-01,"종로구",7016
2019-01-01,"종로구",6999
2019-02-01,"종로구",6999
2019-03-01,"종로구",6999
2019-04-01,"종로구",7047
2019-05-01,"종로구",7047
2019-06-01,"종로구",7047
2019-07-01,"종로구",7078
2019-08-01,"종로구",7078
2019-09-01,"종로구",7078
2019-10-01,"종로구",7077
2019-11-01,"종로구",7077
2019-12-01,"종로구",7077
2020-01-01,"종로구",7256
2020-02-01,"종로구",7256
2020-03-01,"종로구",7256
2020-04-01,"종로구",7217
2020-05-01,"종로구",7217
2020-06-01,"종로구",7217
2015-01-01,"중구",6771
2015-02-01,"중구",6771
2015-03-01,"중구",6771
2015-04-01,"중구",6746
2015-05-01,"중구",6746
2015-06-01,"중구",6746
2015-07-01,"중구",6702
2015-08-01,"중구",6702
2015-09-01,"중구",6702
2015-10-01,"중구",6717
2015-11-01,"중구",6717
2015-12-01,"중구",6717
2016-01-01,"중구",6693
2016-02-01,"중구",6693
2016-03-01,"중구",6693
2016-04-01,"중구",6713
2016-05-01,"중구",6713
2016-06-01,"중구",6713
2016-07-01,"중구",6683
2016-08-01,"중구",6683
2016-09-01,"중구",6683
2016-10-01,"중구",6693
2016-11-01,"중구",6693
2016-12-01,"중구",6693
2017-01-01,"중구",6683
2017-02-01,"중구",6683
2017-03-01,"중구",6683
2017-04-01,"중구",6699
2017-05-01,"중구",6699
2017-06-01,"중구",6699
2017-07-01,"중구",6698
2017-08-01,"중구",6698
2017-09-01,"중구",6698
2017-10-01,"중구",6690
2017-11-01,"중구",6690
2017-12-01,"중구",6690
2018-01-01,"중구",6625
2018-02-01,"중구",6625
2018-03-01,"중구",6625
2018-04-01,"중구",6647
2018-05-01,"중구",6647
2018-06-01,"중구",6647
2018-07-01,"중구",6606
2018-08-01,"중구",6606
2018-09-01,"중구",6606
2018-10-01,"중구",6607
2018-11-01,"중구",6607
2018-12-01,"중구",6607
2019-01-01,"중구",6618
2019-02-01,"중구",6618
2019-03-01,"중구",6618
2019-04-01,"중구",6646
2019-05-01,"중구",6646
2019-06-01,"중구",6646
2019-07-01,"중구",6685
2019-08-01,"중구",6685
2019-09-01,"중구",6685
2019-10-01,"중구",6703
2019-11-01,"중구",6703
2019-12-01,"중구",6703
2020-01-01,"중구",6957
2020-02-01,"중구",6957
2020-03-01,"중구",6957
2020-04-01,"중구",6980
2020-05-01,"중구",6980
2020-06-01,"중구",6980
2015-01-01,"중랑구",4584
2015-02-01,"중랑구",4584
2015-03-01,"중랑구",4584
2015-04-01,"중랑구",4574
2015-05-01,"중랑구",4574
2015-06-01,"중랑구",4574
2015-07-01,"중랑구",4545
2015-08-01,"중랑구",4545
2015-09-01,"중랑구",4545
2015-10-01,"중랑구",4530
2015-11-01,"중랑구",4530
2015-12-01,"중랑구",4530
2016-01-01,"중랑구",4537
2016-02-01,"중랑구",4537
2016-03-01,"중랑구",4537
2016-04-01,"중랑구",4553
2016-05-01,"중랑구",4553
2016-06-01,"중랑구",4553
2016-07-01,"중랑구",4508
2016-08-01,"중랑구",4508
2016-09-01,"중랑구",4508
2016-10-01,"중랑구",4515
2016-11-01,"중랑구",4515
2016-12-01,"중랑구",4515
2017-01-01,"중랑구",4481
2017-02-01,"중랑구",4481
2017-03-01,"중랑구",4481
2017-04-01,"중랑구",4436
2017-05-01,"중랑구",4436
2017-06-01,"중랑구",4436
2017-07-01,"중랑구",4440
2017-08-01,"중랑구",4440
2017-09-01,"중랑구",4440
2017-10-01,"중랑구",4419
2017-11-01,"중랑구",4419
2017-12-01,"중랑구",4419
2018-01-01,"중랑구",4377
2018-02-01,"중랑구",4377
2018-03-01,"중랑구",4377
2018-04-01,"중랑구",4351
2018-05-01,"중랑구",4351
2018-06-01,"중랑구",4351
2018-07-01,"중랑구",4344
2018-08-01,"중랑구",4344
2018-09-01,"중랑구",4344
2018-10-01,"중랑구",4344
2018-11-01,"중랑구",4344
2018-12-01,"중랑구",4344
2019-01-01,"중랑구",4325
2019-02-01,"중랑구",4325
2019-03-01,"중랑구",4325
2019-04-01,"중랑구",4360
2019-05-01,"중랑구",4360
2019-06-01,"중랑구",4360
2019-07-01,"중랑구",4344
2019-08-01,"중랑구",4344
2019-09-01,"중랑구",4344
2019-10-01,"중랑구",4368
2019-11-01,"중랑구",4368
2019-12-01,"중랑구",4368
2020-01-01,"중랑구",4403
2020-02-01,"중랑구",4403
2020-03-01,"중랑구",4403
2020-04-01,"중랑구",4433
2020-05-01,"중랑구",4433
2020-06-01,"중랑구",4433
