"date","강남구","강동구","강북구","강서구","관악구","광진구","구로구","금천구","노원구","도봉구","동대문구","동작구","마포구","서대문구","서초구","성동구","성북구","송파구","양천구","영등포구","용산구","은평구","종로구","중구","중랑구"
2018-01-01,34,48,38,37,38,41,47,39,42,44,46,40,39,41,49,47,43,52,37,47,38,41,34,32,48
2018-01-02,34,46,32,23,37,44,46,39,41,42,43,43,40,40,50,42,43,53,39,48,38,40,36,33,46
2018-01-03,28,39,30,33,30,34,39,33,36,34,37,39,33,39,40,37,37,40,33,40,36,39,31,30,39
2018-01-04,34,55,39,61,41,43,48,42,47,48,48,49,45,38,52,46,47,57,39,49,41,38,39,38,51
2018-01-05,46,67,56,74,48,64,61,49,63,65,65,53,55,52,60,59,63,65,51,61,50,52,51,48,67
2018-01-06,35,63,42,50,44,54,55,43,49,52,50,47,45,45,52,46,51,60,42,53,44,45,38,38,52
2018-01-07,46,57,49,67,54,58,62,53,57,56,57,59,55,44,62,55,55,57,53,58,53,44,47,46,55
2018-01-08,52,55,51,62,55,64,65,58,61,57,58,59,61,51,67,57,54,54,54,62,56,51,49,52,55
2018-01-09,36,47,40,38,37,45,47,40,42,46,48,43,40,48,48,46,43,48,36,46,40,48,37,37,48
2018-01-10,28,38,31,29,29,32,38,33,34,37,38,33,30,40,37,36,35,36,30,39,32,40,27,28,42
2018-01-11,26,35,28,31,30,34,37,31,34,33,37,35,31,37,36,34,32,35,30,38,34,37,30,29,38
2018-01-12,20,26,16,27,26,24,29,27,25,22,25,27,23,24,27,24,23,25,24,28,22,24,21,20,28
2018-01-13,44,50,54,58,52,54,54,52,54,52,59,54,56,93,57,51,53,48,51,53,51,51,48,54,53
2018-01-14,63,70,74,71,63,74,69,68,77,72,76,70,70,75,75,66,68,65,66,69,68,61,64,67,72
2018-01-15,62,67,59,75,70,72,79,69,64,67,77,66,75,83,74,70,54,62,67,74,67,64,63,63,71
2018-01-16,89,109,111,118,109,108,133,117,114,125,123,117,116,137,127,108,118,104,112,122,100,107,97,99,115
2018-01-17,100,119,101,99,108,119,124,110,106,113,126,115,122,134,129,114,109,123,98,121,111,102,99,96,116
2018-01-18,75,94,85,77,75,88,94,82,84,94,98,82,92,100,100,90,88,99,77,95,85,94,80,78,98
2018-01-19,48,70,52,52,53,61,66,56,57,62,65,57,56,65,65,64,60,76,50,67,53,59,51,49,67
2018-01-20,81,106,96,100,92,101,112,100,89,106,110,101,101,116,116,104,103,120,93,117,93,107,86,85,109
2018-01-21,53,78,48,57,58,65,70,66,58,64,66,68,60,62,79,64,57,84,54,68,56,51,52,54,67
2018-01-22,38,55,38,46,41,48,51,42,46,49,53,47,44,45,58,51,51,63,41,50,43,42,38,38,55
2018-01-23,19,25,18,21,22,25,27,24,24,23,27,25,24,24,26,24,27,26,21,27,22,27,21,20,29
2018-01-24,22,32,25,24,24,29,34,28,29,33,29,30,27,33,33,33,32,33,26,33,28,38,26,25,33
2018-01-25,18,26,20,22,21,24,26,24,25,25,21,26,24,25,27,25,25,25,21,27,24,27,22,21,22
2018-01-26,24,35,30,32,30,32,37,32,34,33,29,35,34,34,36,32,32,34,29,36,30,36,28,28,29
2018-01-27,34,50,43,46,38,47,50,42,53,53,45,46,43,44,49,49,49,48,39,47,38,39,37,39,45
2018-01-28,24,39,28,33,31,34,46,30,37,34,27,33,33,33,37,32,30,36,29,37,31,34,26,26,30
2018-01-29,35,50,40,47,40,46,58,44,45,47,43,47,44,52,54,51,48,51,41,55,42,51,39,38,42
2018-01-30,34,49,44,39,35,44,50,40,46,47,39,39,40,44,43,44,45,46,35,45,35,47,36,34,39
2018-01-31,37,47,33,40,39,43,41,39,41,41,36,42,42,45,48,44,39,45,36,47,37,41,35,35,35
2018-02-01,39,44,31,41,35,41,42,37,39,39,36,40,43,43,47,43,38,44,33,43,37,35,34,34,34
2018-02-02,51,58,49,57,52,56,62,50,57,57,53,55,56,53,61,59,60,59,48,60,48,50,48,46,51
2018-02-03,35,40,38,35,34,40,43,38,41,44,34,39,36,38,43,41,37,40,33,41,35,44,31,32,34
2018-02-04,29,34,32,31,30,32,36,32,36,35,31,35,33,32,35,34,33,34,30,35,32,35,27,28,29
2018-02-05,23,27,22,24,25,28,32,25,28,27,22,28,28,31,28,32,26,27,25,29,25,29,23,23,23
2018-02-06,27,31,28,30,27,32,53,31,33,32,28,32,31,32,33,33,31,32,29,34,29,35,27,26,28
2018-02-07,37,46,35,37,33,43,49,37,41,39,39,40,40,39,43,43,43,46,33,42,36,41,34,34,39
2018-02-08,50,57,50,51,46,53,52,53,56,55,49,55,51,51,57,54,52,58,45,52,48,52,45,44,48
2018-02-09,64,70,70,71,66,67,77,67,73,69,69,73,72,73,78,69,75,68,66,76,66,66,63,63,64
2018-02-10,72,83,73,75,67,79,88,75,74,81,73,74,74,84,83,83,76,80,72,87,70,80,66,64,66
2018-02-11,47,60,51,50,44,51,61,48,52,59,50,49,47,57,61,59,56,61,46,61,47,60,44,43,47
2018-02-12,44,55,45,46,41,49,57,46,48,55,46,46,43,55,55,56,51,57,42,57,41,57,41,39,45
2018-02-13,45,62,47,47,43,49,64,46,52,57,47,47,45,55,58,56,56,47,43,60,43,57,43,41,47
2018-02-14,62,76,65,60,56,64,84,64,65,76,58,65,66,78,77,73,72,73,59,79,64,79,59,58,61
2018-02-15,34,44,34,36,35,37,45,36,38,41,34,37,37,42,46,42,38,43,34,43,36,45,32,31,33
2018-02-16,43,60,34,44,41,46,58,44,46,54,45,43,44,60,69,51,52,52,44,62,40,64,41,41,40
2018-02-18,31,42,33,33,34,34,43,34,39,43,32,35,36,39,41,38,38,42,33,42,33,39,30,30,33
2018-02-19,58,67,55,60,55,59,69,56,59,66,56,58,59,62,66,67,62,65,55,67,56,61,51,50,58
2018-02-20,62,74,57,65,58,64,76,63,62,68,57,64,67,71,75,68,65,71,61,75,59,63,51,56,57
2018-02-21,35,44,32,35,34,34,43,35,38,39,33,38,38,42,46,42,38,43,34,46,36,43,32,31,32
2018-02-22,40,51,45,42,40,44,52,41,48,51,42,44,44,47,49,50,47,53,41,50,42,52,42,38,41
2018-02-23,87,94,90,88,88,85,74,90,86,96,86,90,94,97,66,94,94,92,85,107,87,97,79,78,82
2018-02-24,76,88,66,75,72,81,72,77,73,79,74,79,81,86,72,87,78,84,71,88,83,81,68,68,73
2018-02-25,43,47,36,48,46,43,46,47,45,45,39,50,48,47,46,46,42,51,46,56,46,41,36,37,38
2018-02-26,58,73,56,70,58,63,58,58,62,64,60,61,64,69,58,64,63,70,61,70,39,63,55,55,59
2018-02-27,96,110,95,100,77,101,77,79,99,107,97,83,96,102,77,101,102,104,90,113,96,91,82,81,96
2018-02-28,63,71,72,68,66,67,66,64,76,90,77,69,74,72,66,76,81,62,64,75,65,64,67,65,65
2018-03-01,36,43,37,39,40,39,40,41,41,44,37,44,44,44,40,43,47,44,38,50,34,45,35,34,34
2018-03-02,62,78,66,74,59,62,59,65,69,78,63,66,66,69,59,73,72,76,64,88,60,78,58,57,60
2018-03-03,56,72,49,57,54,57,54,50,57,64,54,56,58,57,54,65,63,66,52,69,53,55,52,50,53
2018-03-04,29,32,22,31,36,37,36,31,29,31,31,34,38,28,36,30,30,25,35,33,26,27,28,26,26
2018-03-05,6,8,7,8,10,8,10,8,10,9,6,9,10,6,10,11,11,9,8,9,7,10,8,8,7
2018-03-06,26,34,24,31,31,30,42,28,33,34,26,32,32,26,35,33,31,35,29,39,24,28,26,25,24
2018-03-07,23,29,24,29,29,25,33,33,29,29,24,30,30,24,31,32,30,28,27,33,23,31,25,26,23
2018-03-08,29,35,28,34,31,29,41,33,34,30,30,31,19,14,34,35,33,32,31,38,27,16,29,26,27
2018-03-09,47,55,41,51,61,45,73,67,45,47,42,61,56,41,65,57,41,48,53,68,44,39,41,41,44
2018-03-10,42,55,48,43,44,51,47,45,53,51,46,44,48,43,48,50,48,50,41,49,45,48,43,40,45
2018-03-11,55,57,61,61,61,58,68,63,64,65,57,59,64,63,68,58,58,53,59,65,55,62,52,50,55
2018-03-12,93,108,85,115,99,95,125,108,87,93,91,99,103,98,115,104,93,103,102,116,86,102,80,76,86
2018-03-13,65,91,65,51,83,79,67,46,69,75,68,59,59,44,75,81,70,42,52,61,71,50,59,56,65
2018-03-14,18,28,21,18,34,24,25,24,27,27,19,22,26,21,28,28,26,25,20,27,26,28,22,20,19
2018-03-15,17,26,15,22,24,24,27,26,20,19,15,21,23,19,23,25,20,26,22,25,26,22,18,20,16
2018-03-16,9,14,10,12,16,13,16,15,15,13,10,16,16,10,15,17,16,14,12,15,14,14,12,13,10
2018-03-17,28,33,26,31,38,31,37,33,30,29,27,32,35,32,35,34,30,33,30,37,36,32,26,27,25
2018-03-18,61,58,59,65,79,62,71,70,58,58,57,69,71,61,73,55,53,54,62,75,67,58,52,54,55
2018-03-19,25,20,29,33,37,29,28,33,35,27,30,31,37,24,34,23,29,22,33,35,34,31,30,31,29
2018-03-20,15,23,19,17,23,20,23,20,20,20,17,21,23,17,24,26,24,23,17,21,19,17,18,17,15
2018-04-09,35,33,32,41,48,35,37,41,35,29,35,37,53,44,42,32,34,31,39,55,37,42,31,35,35
2018-04-10,38,56,39,41,54,45,50,44,42,41,41,42,54,46,58,50,49,58,38,54,44,51,37,38,38
2018-04-11,56,80,58,53,73,66,73,60,59,70,54,58,70,64,80,71,68,77,53,74,59,64,53,48,54
2018-04-12,39,54,36,46,52,45,58,45,40,48,39,43,53,50,60,54,51,52,40,56,39,48,40,37,37
2018-04-13,30,43,27,35,42,37,44,32,33,36,30,34,41,32,47,41,43,42,30,41,27,32,29,29,28
2018-04-14,17,23,15,18,20,20,26,21,22,21,15,22,21,18,27,24,25,22,19,21,15,18,17,17,15
2018-04-15,69,96,75,63,80,79,84,64,75,91,67,66,80,72,99,88,81,96,59,82,67,71,61,57,67
2018-04-16,33,45,30,37,42,39,43,38,34,37,32,37,41,36,49,44,40,43,34,43,31,36,32,30,30
2018-04-17,55,70,52,56,67,61,74,57,54,58,51,57,62,55,75,67,63,74,51,67,51,57,50,48,51
2018-04-18,58,93,63,59,73,72,73,60,62,68,57,61,71,67,77,71,72,72,55,74,56,59,53,50,62
2018-04-19,81,117,82,63,79,94,74,66,84,99,75,75,78,82,103,88,102,57,59,75,65,75,70,63,80
2018-04-21,74,97,71,73,75,89,82,64,72,81,73,66,85,81,89,100,79,85,65,89,71,66,69,66,70
2018-04-22,33,48,35,37,40,41,48,38,39,41,34,37,38,34,48,44,47,44,34,40,31,33,33,33,32
2018-04-23,7,10,8,7,11,9,11,12,12,9,6,13,10,8,10,10,10,10,9,9,5,10,10,9,6
2018-04-24,5,9,6,6,9,6,7,8,10,9,5,8,10,6,9,5,12,10,6,10,4,6,6,7,5
2018-04-25,31,39,27,33,38,36,39,35,34,35,30,36,39,33,37,39,39,41,29,39,31,32,30,29,28
2018-04-26,39,61,42,47,45,51,49,42,46,48,41,40,51,52,44,50,49,55,43,55,40,48,40,39,37
2018-04-27,45,60,49,56,64,54,60,51,51,50,46,48,64,65,56,55,59,63,47,66,48,61,47,48,45
2018-04-28,55,70,62,61,66,69,63,56,62,57,60,53,70,75,61,65,57,43,55,69,58,65,58,58,60
2018-04-29,47,59,46,55,56,55,60,46,48,53,47,48,60,62,56,66,56,41,48,63,49,55,46,47,47
2018-04-30,75,94,80,75,86,87,82,73,74,77,74,70,88,94,84,84,81,69,71,89,74,83,70,74,74
2018-05-01,52,77,64,50,61,67,54,60,60,61,53,54,58,72,55,59,59,57,49,72,50,63,52,56,54
2018-05-02,47,54,52,47,52,51,47,58,45,48,45,52,44,55,48,50,53,45,50,68,48,45,44,47,43
2018-05-03,23,35,19,26,33,26,31,32,21,29,21,32,34,30,34,31,30,31,24,37,23,28,23,22,20
2018-05-04,36,48,37,41,51,43,49,42,41,49,38,41,54,51,48,49,51,50,36,55,37,47,37,35,36
2018-05-05,32,43,37,35,48,41,43,40,41,41,34,38,45,45,42,49,47,46,33,49,35,45,34,36,33
2018-05-06,11,16,11,11,18,14,11,15,17,12,11,15,14,14,13,16,18,15,14,17,10,14,12,13,10
2018-05-07,25,31,29,33,38,33,38,30,32,34,27,31,41,38,33,42,46,33,29,44,28,41,28,27,25
2018-05-08,12,16,14,16,23,17,23,21,17,15,13,19,25,22,21,25,30,21,16,23,11,25,15,16,11
2018-05-09,15,23,14,16,24,21,24,21,20,17,15,22,25,22,22,26,27,24,17,27,15,27,18,17,14
2018-05-10,35,43,31,38,52,44,46,39,36,37,34,37,50,49,44,43,42,44,33,57,35,47,35,35,32
2018-05-11,55,66,54,54,68,63,64,54,54,56,52,53,69,70,65,59,58,57,53,75,53,70,51,52,52
2018-05-12,27,34,24,30,38,31,29,28,29,26,30,29,36,39,29,30,39,29,28,42,25,40,27,30,24
2018-05-13,17,22,19,19,36,22,21,23,22,20,17,21,25,30,23,23,23,23,21,34,17,37,18,20,17
2018-05-14,64,71,73,70,94,73,76,64,64,70,61,68,76,91,74,63,71,61,65,94,64,90,58,66,62
2018-05-15,71,81,68,70,81,80,78,61,73,68,72,66,80,78,81,70,73,74,67,94,72,74,66,66,69
2018-05-16,34,50,34,27,29,33,26,34,36,29,33,32,27,27,25,33,40,38,30,38,32,30,32,38,32
2018-05-17,16,26,5,11,13,13,10,19,14,10,12,49,10,9,11,16,13,17,14,16,11,10,13,12,13
2018-05-20,8,12,6,8,12,10,12,14,13,9,7,14,12,10,11,14,15,14,11,15,5,8,9,11,6
2018-05-21,6,9,5,7,10,8,8,11,13,9,6,12,11,8,7,10,14,15,8,13,5,9,8,9,4
2018-05-27,59,67,61,58,71,73,71,59,62,68,59,61,75,73,68,78,78,77,53,75,59,70,57,57,58
2018-05-28,48,54,36,51,60,56,66,49,41,44,42,49,57,49,54,53,56,56,47,63,42,40,41,47,39
2018-06-01,36,47,33,38,49,49,51,41,37,42,35,37,48,45,40,59,50,45,36,56,34,38,34,34,33
2018-06-02,43,52,38,52,53,51,54,40,41,48,45,41,68,62,46,49,52,44,48,65,42,47,43,48,40
2018-06-04,35,47,37,35,44,46,43,40,39,41,34,37,46,43,42,53,51,48,33,48,35,41,36,36,34
2018-06-05,34,44,32,37,43,40,63,40,34,38,31,37,46,40,47,42,41,44,34,50,34,42,32,34,30
2018-06-22,43,47,30,50,60,54,61,46,34,39,38,49,63,53,59,50,45,44,54,73,47,42,38,43,36
2018-06-26,55,69,60,57,64,62,64,56,59,61,53,57,66,62,57,64,61,60,60,71,57,58,51,64,55
2018-06-30,53,62,58,48,55,48,47,62,50,54,55,61,53,50,48,47,57,45,56,65,57,51,53,66,48
2018-07-01,10,14,14,11,15,13,8,12,21,18,10,15,9,11,8,13,15,14,13,18,10,10,12,13,10
2018-07-02,6,10,5,8,9,8,5,11,13,11,5,11,10,8,6,11,15,10,9,16,6,11,10,11,5
2018-07-03,8,12,14,10,14,11,6,21,18,15,8,16,9,8,9,13,18,15,12,18,8,12,11,12,8
2018-07-06,4,9,4,8,11,5,6,8,9,7,4,11,12,6,7,10,10,7,6,10,3,8,6,6,3
2018-07-07,5,13,5,6,12,6,6,10,9,8,6,14,10,8,7,9,9,7,8,11,4,10,7,7,4
2018-07-08,8,12,11,11,14,11,11,14,14,12,9,15,13,11,12,12,12,11,13,17,7,10,11,11,6
2018-07-09,6,15,7,7,12,8,8,12,12,10,7,13,12,9,7,12,15,9,11,15,4,11,9,10,4
2018-07-10,21,22,15,20,24,20,18,24,19,18,16,23,23,17,17,19,24,19,21,27,17,22,17,21,13
2018-07-11,34,40,38,36,28,30,25,35,36,32,33,38,27,27,25,25,33,26,36,36,32,29,34,38,27
2018-07-12,27,37,32,33,25,29,21,33,32,26,27,34,20,23,18,26,27,25,31,29,29,24,29,33,25
2018-07-13,19,27,23,24,22,21,15,27,24,20,18,26,15,16,13,19,22,19,23,25,20,21,21,23,17
2018-07-16,26,32,25,25,28,28,22,29,27,27,23,31,23,23,23,26,33,28,26,34,23,25,25,24,24
2018-07-17,26,34,30,28,32,32,27,32,30,30,24,30,29,27,29,32,36,29,27,38,28,36,28,28,25
2018-07-18,33,40,37,40,35,33,30,37,36,37,32,34,32,36,35,34,42,34,38,43,34,40,33,34,32
2018-07-19,30,41,23,31,35,34,32,34,31,30,24,36,29,29,33,31,30,33,34,35,27,26,30,27,27
2018-07-20,35,43,38,32,37,41,32,37,37,41,34,35,37,37,36,35,44,38,32,44,34,39,37,35,31
2018-07-21,42,54,34,35,42,48,35,39,36,38,35,40,40,38,42,44,39,48,35,46,42,35,37,37,33
2018-07-22,27,32,26,28,32,32,27,32,28,30,25,32,28,26,15,32,32,32,27,33,28,26,29,27,24
2018-07-23,23,36,29,31,34,31,30,33,31,30,29,33,33,35,34,34,35,29,32,39,30,32,32,31,28
2018-07-24,35,50,44,37,42,42,39,40,41,46,39,43,40,42,39,43,45,40,40,49,40,46,40,39,38
2018-07-25,26,36,37,28,32,31,27,34,37,35,29,36,25,30,28,26,35,29,32,37,33,33,32,33,28
2018-07-26,34,48,48,41,37,39,34,41,42,43,37,43,37,36,34,41,45,35,43,43,41,44,39,42,36
2018-07-27,42,75,53,48,48,50,43,54,45,44,47,57,48,42,43,45,49,47,55,53,53,47,45,53,47
2018-07-28,31,51,49,32,40,35,32,48,39,38,39,48,40,35,33,34,37,34,48,43,47,37,32,48,38
2018-07-29,13,20,19,18,21,18,16,22,23,22,17,24,21,15,18,18,24,19,21,23,18,18,18,19,14
2018-07-30,12,17,7,10,14,8,7,12,13,13,6,12,8,8,7,13,15,11,11,16,5,10,9,10,6
2018-07-31,15,19,15,15,22,15,15,19,17,18,10,19,15,16,16,18,18,16,19,23,16,18,15,17,11
2018-08-01,27,33,30,32,36,27,34,34,30,34,26,38,36,32,32,32,35,26,37,43,32,32,28,33,24
2018-08-02,30,33,39,31,35,33,33,34,35,39,27,35,35,34,33,34,41,33,35,44,30,39,32,32,29
2018-08-03,42,45,52,42,44,46,44,43,47,49,41,49,44,44,43,47,50,42,53,58,43,47,42,49,42
2018-08-04,22,30,26,23,28,29,26,29,30,29,22,31,17,25,25,28,32,28,26,35,23,30,24,27,24
2018-08-05,23,25,30,24,28,25,23,30,29,26,21,38,24,24,23,24,25,23,35,33,24,29,24,34,24
2018-08-06,29,29,34,29,36,27,29,35,32,30,26,46,29,31,27,28,32,27,40,43,29,34,28,39,27
2018-08-07,19,25,16,15,21,19,18,23,17,20,14,21,16,18,17,16,24,19,20,23,14,24,16,17,13
2018-08-08,22,30,25,22,24,29,23,29,27,25,21,28,23,23,24,26,33,26,31,33,25,28,24,30,26
2018-08-09,22,25,22,22,27,25,23,29,24,21,18,29,21,20,23,24,26,25,25,32,22,25,22,28,18
2018-08-10,14,24,14,16,16,15,12,20,17,18,11,20,14,15,13,17,19,18,18,23,12,19,15,17,11
2018-08-11,7,11,8,9,12,9,7,12,11,11,5,13,10,9,8,13,11,9,12,16,6,14,9,10,5
2018-08-12,10,12,12,12,16,13,12,16,17,16,9,17,12,13,14,16,16,14,15,20,10,17,14,15,10
2018-08-13,30,39,33,28,33,33,31,33,34,35,28,34,30,29,29,32,34,33,33,42,31,36,31,36,29
2018-08-14,27,34,23,24,27,30,24,27,27,29,23,28,25,23,27,27,31,29,25,36,25,26,24,25,24
2018-08-15,25,37,28,26,32,28,28,32,30,30,25,33,28,25,28,32,36,29,30,39,26,28,28,28,25
2018-08-16,11,27,14,12,16,15,21,16,18,18,11,18,14,14,14,20,19,16,17,21,12,21,14,18,12
2018-08-17,10,15,9,10,15,13,15,14,14,14,11,14,13,12,12,16,18,12,13,20,7,15,12,13,8
2018-08-18,12,17,12,12,18,16,15,15,16,18,10,16,18,18,17,20,18,14,15,24,10,18,14,13,10
2018-08-19,18,21,18,22,28,25,29,26,21,24,17,25,26,25,26,29,23,22,24,36,17,25,20,22,16
2018-08-20,34,33,30,35,46,35,43,33,29,36,29,36,41,36,40,37,38,33,37,55,31,45,32,30,26
2018-08-21,18,27,19,18,23,24,18,22,22,24,16,22,22,21,20,22,25,24,19,33,17,24,21,21,18
2018-08-22,25,34,22,24,30,26,26,26,23,27,19,26,27,23,26,27,30,24,24,36,19,25,21,21,18
2018-08-23,10,16,10,10,15,13,11,15,15,14,9,15,12,12,11,20,16,15,13,20,8,14,12,13,9
2018-08-24,5,9,4,6,8,8,5,11,10,9,4,10,7,7,5,8,10,8,9,15,5,10,8,7,6
2018-08-25,19,27,21,20,27,26,21,26,25,27,19,25,25,22,23,23,27,24,21,35,21,28,22,23,20
2018-08-26,13,19,16,15,20,21,16,20,19,20,13,18,20,18,17,17,18,16,17,27,13,19,16,19,13
2018-08-27,6,16,5,7,12,8,6,11,12,11,5,10,8,8,7,10,11,9,9,16,5,10,8,10,4
2018-08-28,10,10,9,8,12,10,6,14,13,13,7,12,10,9,7,13,14,10,11,17,7,14,10,11,7
2018-08-29,11,17,10,10,18,13,11,18,15,12,11,17,11,11,12,14,15,14,14,20,10,18,13,14,11
2018-08-30,22,28,23,23,31,27,24,30,25,24,21,29,29,27,23,24,31,26,24,39,23,28,24,17,22
2018-08-31,19,30,21,22,27,27,19,25,23,23,20,25,26,24,28,23,26,24,20,32,22,27,22,24,23
2018-09-01,16,28,18,18,24,19,18,24,20,21,16,22,20,18,19,21,23,17,20,26,15,19,17,20,14
2018-09-02,9,13,10,13,15,13,12,15,14,13,11,16,14,13,14,14,15,12,13,20,8,15,12,14,8
2018-09-03,12,19,12,13,17,16,12,17,17,15,11,15,15,14,14,16,21,14,16,26,11,21,15,16,12
2018-09-04,11,19,14,13,19,21,14,17,17,21,10,17,18,19,19,15,20,15,14,28,13,19,13,14,15
2018-09-05,21,26,23,22,31,29,27,27,24,27,20,26,28,30,29,25,30,25,24,38,19,32,22,22,21
2018-09-06,28,37,29,31,43,42,36,34,32,37,29,34,43,39,41,32,39,29,32,58,28,42,32,32,30
2018-09-07,22,27,24,24,28,27,27,27,26,28,22,27,29,29,29,24,32,24,24,38,21,29,24,24,25
2018-09-08,18,33,21,21,28,22,26,24,25,26,19,24,28,25,26,25,27,22,21,34,17,24,22,20,17
2018-09-09,18,22,18,22,25,21,27,27,23,23,18,24,25,24,23,23,24,20,23,33,16,23,20,21,15
2018-09-10,9,17,8,9,18,11,13,13,14,11,7,13,13,12,12,15,15,12,10,18,6,16,11,10,7
2018-09-11,10,20,9,10,18,11,15,15,15,11,8,15,14,14,14,15,15,12,13,18,7,15,12,13,8
2018-09-12,11,19,10,13,18,13,20,16,16,15,10,16,14,15,17,18,18,15,14,19,8,17,14,14,10
2018-09-13,15,19,13,16,24,17,22,19,19,19,13,20,18,19,21,20,22,17,18,27,11,19,16,17,13
2018-09-14,17,20,15,16,24,17,20,19,21,21,15,21,20,18,21,22,22,19,16,27,11,22,17,18,14
2018-09-15,8,14,9,10,13,12,10,13,14,15,7,12,13,13,12,13,15,10,11,18,6,17,10,10,6
2018-09-16,35,35,31,35,46,38,40,41,32,37,31,40,43,40,44,34,32,31,36,58,31,44,34,34,28
2018-09-17,24,30,26,25,33,30,28,28,27,31,22,27,34,31,31,25,29,26,25,41,20,31,23,25,21
2018-09-18,32,41,31,34,40,40,44,35,34,39,29,34,43,41,42,36,41,35,32,55,28,41,31,31,26
2018-09-19,35,49,33,38,50,45,51,38,37,43,34,36,47,45,44,39,45,43,35,55,30,43,35,34,33
2018-09-20,13,24,14,11,24,16,16,16,19,22,12,18,16,17,16,19,20,14,13,24,10,17,14,14,11
2018-09-21,5,11,4,5,11,7,5,10,11,9,4,10,8,7,6,11,10,8,7,14,3,9,7,7,4
2018-09-22,24,28,26,25,39,34,37,31,28,33,23,30,37,36,35,29,31,28,25,49,24,36,26,24,23
2018-09-23,26,30,25,27,35,32,35,31,30,29,26,32,36,33,33,31,33,29,29,43,24,33,27,27,25
2018-09-24,10,15,11,12,16,12,14,17,17,13,10,17,16,16,14,17,15,14,14,21,9,17,13,13,9
2018-09-25,10,14,12,13,16,14,14,18,19,14,11,17,16,15,14,18,18,15,15,22,9,13,14,14,10
2018-09-26,5,8,6,6,9,6,6,12,13,7,6,12,8,8,7,10,11,10,8,13,4,8,8,8,4
2018-09-27,6,14,5,9,11,6,9,11,12,7,5,11,9,9,8,12,13,9,9,14,4,9,8,8,6
2018-09-28,11,15,7,10,17,12,14,14,16,10,8,15,15,13,13,17,16,14,12,21,7,13,12,13,7
2018-09-29,11,25,9,13,18,13,18,17,17,14,10,17,15,13,15,17,17,15,15,22,9,15,14,13,9
2018-09-30,15,21,16,22,23,20,27,24,22,22,17,23,24,17,23,26,23,24,24,33,15,20,19,18,14
2018-10-01,12,20,13,13,16,17,15,18,19,15,12,17,18,19,14,24,22,20,15,25,11,19,16,15,16
2018-10-02,20,29,21,22,27,27,27,25,26,27,20,25,28,217,26,29,28,26,23,37,19,29,21,22,21
2018-10-03,22,38,19,24,29,29,30,24,26,24,22,25,33,25,28,41,27,27,24,38,20,24,24,22,19
2018-10-04,19,33,17,21,24,17,24,23,23,23,20,24,23,18,22,24,30,21,20,28,15,20,21,22,17
2018-10-05,9,16,7,10,15,8,9,12,16,10,8,14,9,7,10,15,15,10,11,15,6,13,11,10,6
2018-10-06,3,6,3,5,11,4,5,8,7,5,3,8,5,4,4,6,6,5,4,10,3,7,5,5,3
2018-10-07,24,23,19,26,33,27,33,29,24,22,21,31,32,30,33,29,26,27,26,40,22,29,23,23,19
2018-10-08,17,28,15,20,25,22,25,21,22,19,17,23,28,22,24,24,23,23,20,31,15,21,20,20,15
2018-10-09,20,27,19,25,28,23,27,24,26,23,21,25,30,24,26,29,29,27,24,36,19,23,23,24,18
2018-10-10,15,20,14,16,21,19,19,20,21,18,15,21,23,21,21,20,20,19,17,27,14,23,18,16,14
2018-10-11,14,21,13,16,18,15,17,19,19,13,14,20,21,18,16,19,18,18,17,26,12,18,17,16,12
2018-10-12,20,30,17,21,27,24,24,22,23,23,20,24,28,23,24,24,26,24,21,32,16,23,22,21,18
2018-10-13,25,36,19,31,48,30,43,32,29,32,25,33,43,37,36,30,29,27,31,52,24,32,28,29,22
2018-10-14,27,32,27,32,46,35,42,33,34,44,29,35,47,40,41,31,31,26,32,52,27,39,31,32,26
2018-10-15,49,59,39,53,80,66,74,52,49,60,46,53,74,70,70,48,51,50,48,88,44,67,48,50,45
2018-10-16,48,63,33,43,55,61,54,36,54,54,47,46,57,45,55,48,54,49,38,63,39,47,43,41,48
2018-10-17,32,41,27,36,40,40,41,23,39,38,33,36,43,37,39,35,9,36,32,51,29,35,34,34,32
2018-10-18,13,26,7,19,23,14,19,6,17,13,11,17,19,14,17,17,17,18,17,26,8,15,14,13,8
2018-10-19,14,23,9,17,22,15,18,18,19,16,13,19,22,15,18,22,19,18,16,26,13,22,18,17,13
2018-10-20,31,39,29,41,46,35,45,37,38,39,34,38,45,41,38,41,41,38,38,53,29,41,35,34,31
2018-10-21,31,36,25,38,41,37,44,34,37,35,31,37,44,37,39,40,37,38,36,52,30,37,32,34,29
2018-10-22,43,53,35,48,64,50,65,45,47,48,41,49,61,53,58,43,45,47,46,71,39,53,40,46,42
2018-10-23,44,53,38,51,58,54,61,43,46,55,45,49,65,59,59,40,46,41,48,75,40,59,50,48,42
2018-10-24,38,41,30,39,47,43,45,36,38,36,37,40,52,38,45,39,44,40,37,56,34,38,40,39,34
2018-10-25,34,46,24,38,47,39,46,31,35,35,32,35,46,37,38,37,38,45,36,55,29,37,35,34,27
2018-10-26,32,40,26,34,41,37,41,37,34,34,32,36,42,40,39,34,37,34,33,49,28,40,33,34,31
2018-10-27,22,31,20,22,30,27,26,24,28,26,24,26,32,31,26,32,29,27,22,35,21,31,25,26,23
2018-10-28,11,16,8,12,19,14,15,18,15,12,11,17,17,15,15,16,14,15,14,25,9,15,13,14,9
2018-10-29,13,21,10,14,21,16,17,18,19,14,13,18,19,18,17,17,17,15,15,25,10,18,16,15,13
2018-10-30,17,27,13,20,22,19,21,22,22,16,17,22,23,24,18,23,20,16,19,29,15,24,21,21,17
2018-10-31,16,27,13,19,25,19,22,22,23,14,16,22,24,21,19,22,21,14,20,30,14,21,20,19,17
2018-11-01,32,45,23,33,35,39,34,29,35,34,31,30,39,33,33,36,35,34,30,43,25,33,31,30,31
2018-11-02,35,52,28,45,50,39,50,36,41,39,36,41,52,42,42,36,41,39,41,46,31,42,38,40,38
2018-11-03,46,55,32,59,66,55,67,50,46,49,47,52,69,50,58,47,45,49,54,57,43,50,47,48,45
2018-11-04,40,52,33,46,50,44,55,40,43,48,40,43,56,41,48,40,43,48,51,48,38,41,40,41,39
2018-11-05,49,62,38,62,69,60,72,58,53,55,51,58,69,59,60,51,50,55,58,63,47,59,50,52,47
2018-11-06,92,103,73,106,124,98,127,104,83,94,86,107,121,113,114,78,74,94,102,103,85,113,85,92,83
2018-11-07,70,75,54,64,83,63,81,76,68,68,62,81,77,79,84,55,59,68,66,71,57,79,61,64,53
2018-11-08,7,12,6,10,11,5,9,12,13,9,7,13,10,10,8,11,12,9,10,12,4,10,9,12,4
2018-11-09,34,40,27,35,49,40,46,38,34,36,33,37,46,47,44,36,35,36,33,47,31,46,36,34,31
2018-11-10,63,76,55,70,81,75,79,63,64,76,66,65,87,62,75,58,67,76,65,72,59,81,67,67,63
2018-11-11,72,81,54,70,85,78,83,69,66,75,69,80,87,65,85,62,67,75,67,71,66,72,68,72,70
2018-11-12,25,30,21,35,34,25,36,30,28,27,24,29,39,30,29,31,32,27,32,34,25,35,26,30,22
2018-11-13,33,40,26,54,48,38,51,40,39,47,44,42,48,37,39,42,50,50,46,44,32,41,40,39,33
2018-11-14,28,37,19,45,43,31,43,35,30,32,30,33,49,29,34,32,34,51,38,42,24,38,31,31,25
2018-11-15,41,47,32,58,60,43,62,48,47,51,43,50,59,38,55,42,44,71,51,51,37,51,44,41,36
2018-11-16,60,71,51,74,72,68,74,58,64,75,64,65,73,47,71,55,64,91,65,61,52,58,60,56,55
2018-11-19,50,63,37,55,63,59,62,47,50,53,50,51,64,49,57,52,50,68,50,57,44,59,57,51,48
2018-11-20,43,57,30,45,46,47,47,38,42,41,41,42,53,39,45,47,45,58,40,43,36,46,40,44,38
2018-11-21,31,48,25,34,39,33,33,33,35,33,30,38,41,30,37,32,33,40,32,34,25,35,30,32,31
2018-11-22,18,25,15,22,23,19,19,22,22,16,19,23,27,25,19,25,24,28,20,23,15,26,19,22,17
2018-11-23,21,28,17,24,18,24,18,22,26,22,21,22,27,20,16,26,25,30,20,21,15,21,22,22,19
2018-11-24,20,24,14,21,28,19,20,22,23,18,19,23,29,15,18,22,21,25,21,22,15,22,23,22,15
2018-11-25,42,44,36,47,54,44,50,43,44,46,45,48,56,51,51,35,38,54,43,46,38,51,43,45,37
2018-11-26,50,62,46,64,73,53,71,57,63,64,59,62,75,71,65,55,54,61,58,61,47,65,56,59,49
2018-11-27,88,78,96,116,123,97,129,102,83,114,98,104,132,122,121,90,104,185,101,109,87,125,96,100,82
2018-11-28,113,131,104,132,131,135,142,108,117,129,116,120,151,130,132,140,140,151,116,112,98,131,115,115,116
2018-11-29,68,79,64,78,77,78,81,65,68,77,67,73,90,77,74,81,83,100,65,70,57,74,68,67,67
2018-11-30,63,68,54,68,70,68,64,59,64,67,61,63,69,61,65,69,72,89,57,67,50,62,61,60,58
2018-12-01,42,51,38,43,48,45,46,41,42,43,43,44,52,42,49,51,47,61,38,49,35,42,43,43,36
2018-12-02,41,47,44,47,54,43,51,48,52,52,45,51,51,42,49,48,50,66,43,50,37,46,46,45,40
2018-12-03,44,53,46,45,43,39,43,44,44,38,42,47,43,36,42,42,51,49,42,47,37,37,47,46,38
2018-12-04,24,30,26,30,38,30,33,32,23,24,22,30,37,31,31,26,23,36,31,37,24,33,27,28,21
2018-12-05,25,30,26,27,28,25,27,28,30,25,24,29,34,26,25,30,31,33,25,31,20,27,26,27,24
2018-12-06,32,34,35,38,37,34,36,37,36,34,32,36,45,41,34,36,36,43,35,40,29,40,34,35,31
2018-12-07,18,22,21,20,21,19,18,23,24,16,18,24,25,25,18,27,26,27,21,24,17,25,23,22,16
2018-12-08,20,25,23,23,23,19,20,23,26,18,21,26,27,25,19,27,26,27,24,26,17,25,23,24,19
2018-12-09,19,25,25,23,24,20,20,22,27,20,21,23,25,20,17,23,25,27,23,24,14,21,21,21,20
2018-12-10,29,43,35,33,38,30,29,29,37,37,31,34,42,31,30,34,38,42,31,36,25,31,31,34,27
2018-12-11,33,43,35,48,44,28,45,33,43,45,40,39,52,34,38,39,45,42,40,45,30,38,41,40,29
2018-12-12,45,46,41,42,45,47,39,39,46,38,45,48,51,51,43,52,44,52,40,47,40,51,47,48,41
2018-12-13,36,42,43,44,44,37,39,41,38,35,40,44,45,41,37,38,39,43,41,45,34,44,40,41,36
2018-12-14,29,36,29,34,34,31,30,32,34,28,28,34,34,32,27,32,33,36,32,36,25,29,31,30,30
2018-12-15,49,51,55,69,58,48,59,50,58,62,57,54,62,55,49,54,60,54,56,60,46,54,55,57,47
2018-12-16,51,53,60,57,58,50,54,50,56,55,59,56,62,55,53,48,52,54,52,58,49,52,56,59,49
2018-12-17,74,73,76,81,87,70,84,78,71,73,77,82,85,81,75,70,69,75,77,84,72,81,74,76,72
2018-12-18,43,49,41,52,52,44,49,41,48,42,43,40,57,46,44,47,42,48,45,56,38,44,44,47,37
2018-12-19,51,52,52,57,64,53,59,55,49,41,48,57,63,52,53,49,47,59,51,60,45,48,50,50,46
2018-12-20,50,52,60,75,65,52,59,52,68,61,54,54,68,55,57,54,59,64,64,62,45,54,54,52,47
2018-12-21,70,68,66,100,83,66,83,72,75,64,68,76,88,64,76,70,65,79,88,84,63,67,66,67,59
2018-12-22,91,81,90,110,97,85,94,88,93,88,85,92,103,82,99,87,79,98,107,94,82,82,83,81,81
2018-12-23,52,56,62,63,58,55,54,51,61,53,51,55,61,57,56,59,55,59,62,57,49,57,51,54,51
2018-12-24,18,26,25,25,25,20,19,23,23,18,18,25,27,22,18,24,22,28,25,26,17,21,21,22,18
2018-12-25,33,36,39,38,34,35,30,29,35,32,31,31,38,32,30,33,34,38,37,39,27,32,34,32,29
2018-12-26,53,47,54,58,60,47,55,55,52,46,47,56,61,58,54,56,47,56,60,58,46,58,51,50,42
2018-12-27,20,26,32,25,26,23,20,25,30,26,23,27,31,30,22,36,35,31,28,30,19,29,26,25,22
2018-12-28,30,32,38,38,39,30,35,33,37,29,32,36,42,38,30,40,39,39,40,40,25,37,33,34,27
2018-12-29,32,34,42,40,43,36,38,32,38,36,34,36,46,45,34,51,42,44,42,41,27,44,36,36,29
2018-12-30,28,32,39,33,34,29,26,28,36,28,29,33,36,32,27,33,32,34,34,31,24,29,29,32,27
2018-12-31,41,43,51,61,48,41,46,43,55,41,50,48,49,43,41,54,47,47,64,48,41,41,46,47,45
2019-01-01,37,43,46,47,41,37,34,34,44,36,37,43,42,38,37,46,38,44,46,40,31,34,35,38,36
2019-01-02,31,34,36,41,36,31,32,33,36,29,30,34,38,32,26,39,32,37,40,37,24,29,31,31,28
2019-01-03,40,48,45,44,37,43,32,31,49,40,36,33,38,38,30,45,42,51,39,39,29,34,36,35,36
2019-01-04,58,60,66,73,63,59,62,43,63,55,59,54,67,57,56,73,54,63,68,67,50,54,56,55,51
2019-01-05,63,74,81,66,62,68,56,55,76,62,64,62,70,68,59,77,63,69,65,64,61,68,62,63,65
2019-01-06,49,51,57,56,59,50,53,45,54,52,47,51,57,48,52,63,50,58,53,57,41,43,44,44,43
2019-01-07,53,55,61,69,61,56,57,49,57,52,52,53,62,52,46,63,55,57,64,61,43,48,50,49,47
2019-01-08,36,37,41,49,45,37,41,44,38,34,33,42,47,43,41,46,40,47,47,46,32,44,39,38,31
2019-01-09,45,48,52,58,56,47,51,54,50,45,43,50,56,52,49,59,50,59,54,55,38,53,44,46,41
2019-01-10,57,66,65,64,58,69,55,55,64,55,57,49,58,54,48,69,59,68,58,58,45,54,54,51,57
2019-01-11,74,73,80,98,92,71,88,89,70,68,69,81,88,73,75,81,66,80,95,87,64,71,70,68,61
2019-01-12,86,87,104,116,105,87,98,104,101,95,98,98,103,90,99,103,93,90,113,99,86,84,93,90,83
2019-01-13,105,102,128,138,122,101,117,116,114,107,110,118,120,107,109,114,109,105,135,114,101,101,102,104,100
2019-01-14,166,159,192,198,167,153,162,160,177,153,168,170,170,154,157,169,163,157,197,161,151,145,158,156,157
2019-01-15,136,138,148,172,139,132,140,139,141,123,133,139,159,142,145,159,132,133,163,141,123,141,130,128,124
2019-01-16,44,54,57,49,47,49,39,45,54,44,47,47,48,47,45,60,56,55,47,46,38,47,45,45,44
2019-01-17,38,40,44,51,54,40,48,48,43,36,38,45,50,45,42,53,42,48,50,52,33,43,40,39,34
2019-01-18,52,58,52,74,68,55,67,60,50,43,50,56,68,53,54,67,46,60,69,66,44,51,49,48,43
2019-01-19,94,96,111,106,97,95,94,88,105,94,93,88,105,91,98,107,89,98,101,98,82,89,90,88,89
2019-01-20,63,67,72,78,73,67,71,67,74,67,62,68,81,74,73,82,65,72,78,72,57,73,62,62,59
2019-01-21,37,46,53,49,48,45,39,43,47,39,43,38,47,43,38,46,47,43,46,47,33,44,42,41,40
2019-01-22,58,63,70,71,73,68,68,62,66,64,62,59,78,65,63,77,68,66,67,75,52,66,62,59,57
2019-01-23,70,71,86,89,84,73,81,84,82,74,71,78,87,79,72,85,73,77,87,82,63,76,71,72,67
2019-01-24,37,43,42,46,45,44,40,43,45,41,40,41,47,44,39,53,45,44,43,43,32,41,38,38,38
2019-01-25,39,49,47,53,55,51,44,45,49,48,37,44,57,52,43,61,48,51,50,53,37,52,40,40,37
2019-01-26,37,40,45,45,48,39,43,42,42,37,38,44,49,45,41,50,43,43,46,46,34,47,38,39,35
2019-01-27,36,42,45,38,36,41,35,33,45,39,39,32,40,37,32,47,40,36,35,38,29,36,37,36,36
2019-01-28,67,75,91,86,99,91,97,78,82,99,74,77,101,97,86,105,85,86,85,93,65,108,75,73,69
2019-01-29,64,66,68,77,77,73,71,63,68,66,63,64,82,72,70,83,68,74,70,76,53,68,61,63,59
2019-01-30,59,69,63,75,72,68,66,60,63,61,58,57,71,58,64,75,61,67,70,70,50,55,56,54,61
2019-01-31,66,67,77,73,82,80,78,65,68,74,73,69,87,83,77,91,76,80,71,79,60,87,65,64,61
2019-02-01,34,43,42,39,43,38,35,38,42,35,41,35,41,37,33,47,43,37,39,41,28,38,37,35,35
2019-02-02,50,58,64,65,62,56,56,54,57,55,58,57,66,56,51,65,57,57,62,61,47,58,54,55,51
2019-02-03,38,36,39,40,45,43,36,39,41,35,37,38,43,35,36,42,32,37,44,42,39,34,37,35,33
2019-02-04,70,76,87,82,74,69,66,69,79,69,77,76,73,74,69,81,77,71,78,68,66,78,70,73,69
2019-02-05,71,77,86,93,99,83,94,80,79,81,81,85,102,88,80,94,86,85,89,93,68,90,72,75,67
2019-02-06,84,89,106,109,110,93,101,83,95,94,93,98,109,98,95,104,101,91,103,100,81,100,85,90,83
2019-02-07,58,64,78,68,63,59,57,62,67,57,61,66,58,63,59,70,69,59,67,62,56,66,61,60,57
2019-02-08,26,33,35,32,33,28,27,32,33,25,31,36,32,29,26,39,37,32,33,33,25,29,29,29,27
2019-02-09,33,35,40,36,35,30,29,36,37,31,33,39,37,35,31,39,35,34,37,36,29,36,32,34,29
2019-02-10,40,45,50,44,43,39,36,43,47,41,42,46,42,41,39,46,43,43,44,41,33,40,39,41,38
2019-02-11,36,43,49,42,40,35,32,40,46,38,37,41,38,38,31,48,39,37,41,40,31,42,35,37,36
2019-02-12,57,58,67,67,63,55,57,60,59,53,57,62,61,57,54,71,53,57,69,60,50,60,53,55,51
2019-02-13,37,42,41,45,41,35,36,42,40,35,36,43,42,38,37,48,35,40,44,43,31,40,34,38,32
2019-02-14,48,49,48,69,60,47,55,55,49,48,49,55,61,49,48,60,48,55,66,58,39,55,43,44,41
2019-02-15,42,44,49,46,40,38,33,41,42,37,37,41,40,35,36,46,37,38,49,43,35,37,36,39,37
2019-02-16,60,59,77,69,62,54,55,62,64,52,57,66,62,59,55,69,58,58,69,61,54,61,56,57,54
2019-02-17,33,44,44,40,36,37,29,36,42,32,34,38,37,34,31,40,35,36,38,36,28,35,32,34,33
2019-02-18,41,47,39,47,49,44,41,43,39,35,39,41,47,39,38,56,36,46,45,45,36,40,36,39,36
2019-02-19,40,45,47,43,50,40,40,47,46,43,40,46,46,43,43,55,35,43,48,47,36,45,38,41,39
2019-02-20,65,54,62,69,69,56,55,60,55,49,55,60,60,59,59,71,51,56,67,65,52,59,52,52,51
2019-02-21,80,89,96,79,76,80,65,74,90,76,83,77,73,76,75,89,78,83,76,69,69,75,74,76,77
2019-02-22,74,77,78,85,81,72,70,74,75,65,72,77,72,65,76,88,68,75,80,75,65,64,65,67,72
2019-02-23,52,55,54,73,64,54,60,60,54,47,49,57,64,46,55,62,50,54,70,64,44,48,46,48,43
2019-02-24,52,53,56,85,70,53,70,64,53,48,53,64,72,58,62,65,50,60,79,74,50,59,52,55,48
2019-02-25,82,94,89,87,87,90,82,77,87,77,84,82,87,85,86,101,76,86,97,86,81,88,78,79,87
2019-02-26,47,58,55,59,56,57,52,50,56,55,52,50,53,51,49,65,53,52,53,54,40,52,47,46,49
2019-02-27,64,65,73,93,78,67,77,74,66,65,60,70,80,65,69,94,65,65,84,79,59,72,59,62,58
2019-02-28,91,95,95,97,98,91,92,87,92,89,85,91,90,82,88,101,83,89,94,93,78,83,76,78,81
2019-03-01,117,117,116,155,133,117,138,114,106,101,114,119,131,108,119,131,104,117,152,130,108,113,105,108,107
2019-03-02,114,113,121,160,133,109,139,129,116,110,112,130,139,108,125,126,106,117,159,132,107,112,103,110,104
2019-03-03,93,93,113,133,109,90,110,97,100,96,97,103,113,100,99,105,98,94,125,108,91,102,89,93,87
2019-03-04,157,140,160,223,199,147,196,186,147,149,153,183,190,151,176,172,157,151,221,179,151,163,138,148,138
2019-03-05,187,200,240,215,188,188,182,173,211,192,191,189,192,184,185,202,192,176,217,177,176,195,171,177,184
2019-03-06,143,145,149,177,152,136,150,142,143,128,139,143,161,140,146,158,138,134,177,147,131,145,128,133,127
2019-03-07,52,55,59,74,62,52,56,58,51,51,47,64,64,58,66,62,53,52,71,63,53,57,50,52,45
2019-03-08,45,58,52,54,55,57,55,49,54,51,49,48,56,48,49,63,58,55,54,56,40,45,44,45,49
2019-03-14,35,39,39,43,42,41,41,39,36,34,36,37,51,42,41,51,41,41,44,47,34,44,36,38,32
2019-03-15,64,68,72,74,76,69,72,64,64,64,65,70,78,73,76,90,62,70,77,76,61,74,62,65,60
2019-03-18,32,39,43,42,39,40,37,35,39,39,35,36,43,44,36,48,41,39,42,44,29,45,35,36,34
2019-03-19,60,63,65,68,59,67,62,54,60,62,57,60,72,67,74,82,57,68,69,79,55,64,58,55,55
2019-03-20,98,101,106,104,103,98,101,85,100,98,94,95,107,91,119,123,86,100,111,106,88,85,87,94,91
2019-03-21,28,26,29,33,39,39,35,31,26,27,26,32,38,34,45,44,31,34,36,45,23,33,29,28,25
2019-03-22,35,38,40,43,41,36,37,40,36,33,34,39,43,39,39,43,42,40,43,45,30,42,35,35,30
2019-03-23,19,25,26,25,25,23,21,28,26,20,19,25,26,26,21,30,24,26,28,30,17,26,22,22,20
2019-03-24,23,27,29,27,31,26,26,29,27,23,24,30,31,29,29,33,27,28,29,32,21,28,28,25,21
2019-03-25,40,45,52,44,51,51,46,43,45,47,41,46,51,50,51,60,45,51,47,57,35,52,41,41,39
2019-03-26,50,52,61,54,65,62,57,52,56,59,54,55,64,67,67,81,57,56,56,67,48,66,52,51,50
2019-03-27,80,83,101,94,100,94,95,80,87,95,78,84,101,98,103,114,84,87,98,101,75,102,78,79,79
2019-03-28,82,86,94,84,92,91,83,79,81,83,80,84,90,92,97,107,84,88,86,90,77,93,78,79,78
2019-03-29,33,39,40,38,44,39,40,38,37,37,33,39,44,42,38,50,39,41,40,46,31,44,35,33,32
2019-03-30,30,34,36,35,40,35,33,35,34,29,29,36,39,36,36,48,31,35,39,41,28,37,33,31,30
2019-03-31,38,42,48,45,45,43,41,44,45,42,38,45,47,43,44,49,44,44,47,47,36,45,39,39,37
2019-04-01,19,24,26,24,25,21,22,24,25,20,20,24,27,26,24,30,30,24,26,28,18,27,23,22,19
2019-04-02,27,32,31,31,36,33,32,33,29,29,27,31,37,34,30,41,35,32,34,39,22,35,30,28,26
2019-04-03,33,39,39,39,44,40,41,36,37,35,34,37,45,40,43,47,42,38,42,46,31,40,34,35,33
2019-04-04,29,35,35,35,41,35,38,35,35,32,30,34,40,37,46,41,35,36,38,43,27,37,32,32,30
2019-04-05,68,68,77,75,99,86,92,72,66,79,67,74,91,92,103,87,85,82,75,94,61,92,65,63,60
2019-04-06,54,58,59,71,73,61,74,61,53,56,51,59,80,64,69,65,63,67,70,77,48,62,51,52,48
2019-04-07,30,31,37,36,44,34,41,38,31,34,30,39,43,40,43,41,34,35,39,45,29,40,31,34,25
2019-04-08,30,34,34,38,42,36,40,35,33,34,30,36,45,39,40,43,46,38,39,45,29,41,32,32,29
2019-04-09,22,26,24,27,30,23,31,26,23,20,20,27,33,23,29,29,29,30,31,32,17,24,23,26,19
2019-04-10,4,7,5,6,10,5,5,9,6,4,3,8,9,8,7,11,10,9,8,12,4,8,6,5,5
2019-04-11,21,22,23,28,36,27,29,26,21,23,19,26,37,29,35,33,32,31,29,43,17,28,21,23,17
2019-04-12,42,43,46,56,61,52,57,43,44,46,41,45,63,57,57,57,51,47,55,65,38,58,45,46,41
2019-04-13,41,44,49,57,53,49,52,45,47,44,43,42,60,55,51,50,49,48,56,57,37,56,44,47,41
2019-04-14,32,38,40,39,43,40,40,37,37,38,30,39,44,41,42,42,35,39,42,59,30,42,32,34,31
2019-04-15,41,43,53,53,64,50,60,48,46,51,45,49,63,56,59,54,58,49,55,62,41,59,45,43,38
2019-04-16,39,42,47,56,52,44,55,43,45,46,40,45,58,49,54,48,52,48,54,58,36,52,41,43,38
2019-04-17,36,39,38,48,42,42,49,37,39,36,34,38,47,41,50,46,40,42,48,52,32,41,34,33,33
2019-04-18,29,35,35,38,45,41,51,34,35,31,26,34,48,44,47,44,39,37,40,45,25,46,31,31,30
2019-04-19,34,37,40,47,58,42,57,40,37,42,34,43,55,43,53,49,42,47,49,64,31,42,35,37,32
2019-04-20,37,43,44,45,52,46,49,41,40,43,36,42,53,50,53,51,48,47,47,54,35,52,38,38,35
2019-04-21,23,29,28,31,47,42,33,30,27,33,22,29,39,38,44,45,28,37,32,51,22,36,25,26,24
2019-04-22,73,75,85,93,115,100,115,72,73,89,71,75,114,100,110,100,85,94,93,105,71,98,72,74,73
2019-04-23,87,91,92,95,107,112,108,72,93,99,87,83,112,90,114,109,100,99,95,111,82,84,79,77,86
2019-04-24,45,47,58,50,70,67,66,46,58,67,48,52,71,67,76,67,60,58,60,77,46,63,50,53,46
2019-04-25,34,38,45,43,44,40,43,35,43,41,36,41,48,40,44,43,37,37,45,47,32,41,37,37,35
2019-04-26,6,6,5,13,13,4,11,14,7,6,5,13,13,9,9,11,7,7,15,20,5,11,8,8,4
2019-04-27,12,15,17,18,21,18,19,18,16,14,13,20,21,16,19,19,18,20,19,25,11,19,16,14,12
2019-04-28,14,18,22,19,21,18,17,20,20,17,14,20,23,19,21,20,18,17,20,26,13,20,18,16,15
2019-04-29,19,23,22,22,33,26,27,24,20,21,16,25,28,21,33,26,22,28,25,32,14,21,20,20,16
2019-04-30,26,30,31,36,42,36,39,32,30,35,27,33,43,39,42,40,37,35,38,47,25,38,31,28,25
2019-05-01,48,52,65,56,76,68,68,47,59,73,48,55,72,70,74,65,65,64,57,72,44,72,49,47,48
2019-05-02,52,57,53,56,60,61,58,48,50,55,50,54,69,59,63,63,63,60,56,65,45,54,49,49,49
2019-05-03,44,47,58,61,73,57,66,53,51,60,47,55,73,71,68,58,64,54,74,71,45,71,52,50,45
2019-05-04,80,83,91,96,113,97,109,79,81,91,79,81,114,103,106,97,101,93,100,111,75,98,78,82,78
2019-05-05,54,52,63,78,75,64,80,54,58,62,59,58,87,75,76,63,65,57,81,86,56,73,57,64,58
2019-05-06,25,32,35,33,41,33,37,35,30,32,24,35,41,36,44,34,36,32,37,41,24,38,29,26,24
2019-05-07,37,43,47,48,54,49,51,41,44,50,40,44,59,55,59,50,57,50,48,56,36,53,42,40,37
2019-05-08,39,45,56,51,59,54,57,42,49,54,42,43,63,59,62,55,62,49,51,61,37,59,44,41,41
2019-05-09,38,48,52,49,58,53,50,40,49,54,40,41,61,58,63,54,60,49,50,59,38,55,43,41,42
2019-05-10,48,50,61,61,80,61,73,51,55,65,44,56,76,75,70,64,70,62,64,75,47,74,52,54,48
2019-05-11,55,61,66,69,79,73,76,53,61,71,55,57,81,75,77,72,75,68,70,81,54,72,55,55,54
2019-05-12,46,51,65,58,65,60,65,47,56,61,47,51,67,65,63,56,62,53,59,65,44,63,47,47,46
2019-05-13,48,56,62,53,62,67,64,46,56,64,50,55,64,60,64,63,59,54,56,66,45,58,48,47,49
2019-05-14,39,42,42,45,55,46,55,42,40,38,34,47,51,46,62,46,41,47,47,52,35,43,36,35,37
2019-05-15,61,66,67,69,78,80,79,56,63,64,57,61,80,73,80,75,75,66,71,81,56,68,56,54,59
2019-05-16,60,60,69,72,76,73,79,57,61,70,55,64,84,71,79,71,75,67,78,84,55,67,55,55,54
2019-05-17,48,50,49,61,66,56,75,57,45,47,43,59,71,55,68,56,54,57,61,70,45,51,45,46,42
2019-05-18,24,24,29,32,34,30,38,26,24,32,22,33,39,33,37,29,33,30,35,38,19,32,24,26,21
2019-05-19,10,13,17,14,17,13,13,14,13,16,11,16,15,12,15,14,10,7,17,17,11,14,14,15,10
2019-05-20,32,33,39,35,43,39,43,33,33,42,28,35,45,43,50,39,51,39,41,45,30,45,37,30,26
2019-05-21,39,42,48,53,60,57,58,43,47,51,41,47,63,61,60,54,62,49,52,61,44,58,45,41,38
2019-05-22,42,48,55,58,64,60,64,48,53,61,45,50,70,64,64,59,70,57,60,70,44,62,50,44,44
2019-05-23,59,58,69,75,85,75,89,63,63,74,60,64,91,84,85,78,86,72,74,90,60,81,60,60,58
2019-05-24,67,68,79,86,99,90,98,69,73,85,68,73,103,99,95,87,96,79,86,96,67,92,67,68,65
2019-05-25,73,82,85,86,97,96,90,73,81,87,70,79,99,90,94,91,90,96,91,98,70,84,68,75,74
2019-05-26,32,35,42,41,43,42,44,33,39,41,34,37,46,41,42,39,43,38,41,47,31,40,33,33,31
2019-05-27,18,24,27,20,24,25,23,20,22,23,18,23,25,24,26,23,27,21,25,29,17,25,21,20,17
2019-05-28,14,20,21,22,26,22,23,21,18,21,16,21,25,27,27,23,27,22,25,30,15,25,22,17,14
2019-05-29,36,41,45,47,60,54,60,40,40,48,39,42,63,56,55,55,63,50,50,63,35,53,39,37,35
2019-05-30,35,41,44,45,55,52,54,38,41,44,38,43,58,51,53,50,57,48,47,58,35,50,43,37,36
2019-05-31,14,19,21,20,23,23,20,18,19,21,14,20,26,24,23,23,30,21,21,28,15,24,18,16,15
2019-06-01,26,31,34,32,40,41,39,29,32,39,26,32,43,40,39,39,41,36,34,43,27,40,29,27,26
2019-06-02,30,36,33,33,45,47,43,29,33,40,29,34,44,44,45,45,43,41,35,46,30,37,31,28,29
2019-06-03,32,39,40,34,41,45,44,33,36,41,32,35,45,42,43,41,50,43,35,45,30,39,34,30,33
2019-06-04,23,29,31,30,31,32,30,26,31,31,23,29,35,30,31,30,35,27,31,35,21,30,26,23,25
2019-06-05,43,46,46,48,69,71,70,43,40,59,38,48,66,62,71,67,68,64,51,73,38,62,40,37,39
2019-06-06,46,53,75,50,74,76,72,46,59,88,49,57,74,70,69,75,76,67,57,81,42,66,48,48,52
2019-06-07,10,10,13,12,14,13,12,12,10,15,8,17,14,10,18,14,15,11,15,17,6,14,11,11,9
2019-06-08,20,24,25,23,26,29,25,23,24,26,18,26,27,26,31,24,31,26,26,27,18,26,20,20,17
2019-06-09,33,38,36,28,47,51,47,32,34,46,28,37,49,45,49,49,53,50,32,49,26,42,28,30,31
2019-06-10,8,9,9,8,13,11,11,13,8,10,5,13,11,9,12,10,12,12,10,16,4,10,10,9,5
2019-06-11,9,9,12,10,15,12,14,13,11,13,7,13,14,11,15,11,14,13,13,18,6,15,11,8,6
2019-06-12,25,27,30,28,41,35,44,26,26,33,22,29,40,33,39,38,35,37,31,46,21,33,25,22,21
2019-06-13,25,29,30,27,36,36,37,25,27,33,22,28,39,33,35,33,40,32,32,40,21,34,24,22,22
2019-06-14,26,31,29,34,45,38,41,29,28,36,24,32,47,36,40,40,39,40,36,47,23,34,25,25,26
2019-06-15,29,32,35,36,43,39,41,30,33,38,27,36,43,37,40,40,45,41,40,48,25,39,29,27,27
2019-06-16,14,15,15,13,20,20,18,15,13,15,9,18,19,14,20,16,14,18,17,22,9,16,12,11,10
2019-06-17,19,21,24,22,28,28,24,20,22,25,18,22,30,30,28,29,32,26,23,31,15,29,20,19,18
2019-06-18,20,24,28,29,40,33,37,24,24,35,23,28,41,39,36,37,42,32,35,49,20,42,25,26,22
2019-06-19,26,28,32,29,41,29,37,29,27,35,24,34,36,37,37,44,43,37,34,45,24,39,27,26,26
2019-06-20,24,26,27,24,37,28,30,23,25,31,20,30,33,29,31,39,31,35,28,40,20,29,24,22,20
2019-06-21,22,22,27,25,38,27,27,23,25,33,22,27,37,29,27,41,28,33,28,44,20,30,24,22,20
2019-06-22,9,11,13,14,16,8,9,13,11,13,8,15,16,8,12,12,10,14,16,20,6,10,11,10,7
2019-06-23,11,11,14,10,15,10,10,11,12,13,7,15,17,9,9,12,7,16,12,17,6,10,11,10,7
2019-06-24,19,22,24,24,23,20,18,19,19,25,19,24,27,19,19,23,15,23,26,28,14,18,20,18,18
2019-06-25,28,31,31,33,34,31,34,30,28,33,26,36,43,30,31,40,31,32,35,47,24,30,29,27,25
2019-06-26,31,35,38,38,36,31,30,32,34,35,29,39,40,27,35,38,26,34,38,37,28,28,31,30,30
2019-06-27,19,18,26,24,30,23,16,18,19,17,15,22,30,15,22,23,16,16,23,26,15,22,18,16,17
2019-06-28,34,39,49,43,43,38,35,36,44,43,38,37,45,44,36,59,44,35,44,48,35,44,40,40,39
2019-06-29,22,22,27,26,30,21,25,24,24,22,19,28,29,25,27,30,20,22,30,31,19,27,22,22,18
2019-06-30,31,30,38,33,34,33,25,29,32,32,29,35,34,31,29,40,20,32,37,37,28,33,31,30,30
2019-07-01,34,35,39,34,37,34,28,30,33,32,30,38,38,35,35,45,40,33,38,39,30,37,31,30,30
2019-07-02,31,29,33,31,31,29,26,26,29,26,26,32,33,30,30,42,38,28,36,34,26,32,28,27,25
2019-07-03,34,33,31,34,37,36,30,28,29,25,27,34,36,34,32,50,32,34,41,37,27,34,29,29,28
2019-07-04,36,32,32,32,33,34,30,28,30,28,26,34,32,27,36,46,25,33,38,36,25,28,28,28,26
2019-07-05,37,33,33,39,39,33,40,35,31,26,29,39,39,32,38,42,32,32,45,40,28,35,32,31,25
2019-07-06,35,29,38,36,30,25,27,29,32,26,27,36,31,24,30,31,28,25,37,28,27,24,29,29,26
2019-07-07,20,19,22,18,16,13,17,18,19,15,14,22,18,13,17,17,14,17,23,16,14,15,19,16,14
2019-07-08,11,10,10,9,10,7,8,9,10,11,6,13,11,6,17,12,7,10,12,10,6,8,10,9,7
2019-07-09,11,10,11,9,10,9,8,10,10,11,6,13,11,6,14,14,7,11,12,11,4,8,10,10,7
2019-07-10,12,10,11,9,9,8,8,11,10,10,6,15,10,6,15,14,6,10,14,10,5,8,10,9,6
2019-07-11,8,7,7,7,8,7,4,10,7,7,4,10,7,5,5,14,6,9,8,11,4,7,8,5,4
2019-07-12,14,13,15,15,12,18,9,12,13,12,11,16,13,13,13,21,13,14,16,16,10,12,14,12,11
2019-07-13,30,30,40,32,32,36,25,25,33,33,27,33,32,35,32,40,22,27,33,32,27,33,30,29,27
2019-07-14,45,42,51,47,47,46,41,41,42,39,36,48,41,45,40,59,39,39,55,49,31,39,38,40,36
2019-07-15,43,34,42,51,46,35,35,45,35,32,31,48,43,35,42,55,29,37,59,50,40,32,33,38,29
2019-07-16,33,29,34,36,37,30,33,35,28,27,24,39,32,31,30,46,9,31,40,37,26,46,25,28,24
2019-07-17,68,61,77,63,61,55,53,58,59,51,55,66,52,60,56,82,55,55,74,61,55,59,57,65,53
2019-07-18,78,63,79,72,63,62,59,60,69,58,64,74,60,64,56,82,61,54,75,68,71,64,64,70,61
2019-07-19,33,32,43,37,27,30,18,24,38,34,32,30,33,32,37,45,41,24,39,33,27,34,34,38,31
2019-07-20,8,7,10,7,10,11,5,7,8,7,5,11,8,4,10,8,12,7,10,10,4,9,9,9,5
2019-07-21,17,14,18,15,15,25,8,15,15,14,3,19,14,14,14,16,13,12,18,17,12,21,15,15,12
2019-07-22,47,44,55,43,38,44,33,40,48,38,42,50,37,41,40,50,38,38,51,41,43,42,43,47,41
2019-07-23,28,30,33,28,24,30,23,24,30,23,24,31,24,26,28,28,39,23,30,25,23,26,26,28,24
2019-07-24,28,23,32,27,20,22,20,23,25,19,19,27,22,22,20,20,26,17,32,22,23,25,24,27,19
2019-07-25,29,26,33,30,23,23,23,27,26,21,21,31,24,24,22,23,23,18,36,24,24,24,25,30,22
2019-07-26,25,24,20,18,13,27,13,17,20,12,17,22,14,17,16,18,18,14,24,15,13,18,18,21,19
2019-07-27,18,17,26,20,16,18,16,18,21,19,16,20,16,20,16,14,20,13,21,17,16,22,20,20,15
2019-07-28,18,16,21,15,12,13,11,15,18,12,10,18,9,13,10,8,16,10,20,11,12,15,15,16,13
2019-07-29,16,15,19,15,12,15,11,14,17,12,11,17,12,16,10,10,17,12,19,13,12,16,14,16,11
2019-07-30,21,19,23,18,14,22,13,17,21,16,15,23,12,19,14,16,23,13,22,16,18,19,19,21,16
2019-07-31,21,17,17,18,14,15,13,18,15,12,14,23,14,15,15,14,20,11,23,13,16,17,17,19,13
2019-08-01,14,13,16,14,10,15,9,14,14,11,10,16,10,12,10,12,16,11,16,12,11,17,14,14,10
2019-08-02,23,22,24,19,16,21,17,20,19,15,17,23,15,17,15,18,18,16,24,18,19,21,19,19,17
2019-08-03,23,21,27,23,18,22,19,22,22,16,17,27,18,19,19,18,20,16,26,20,19,23,21,21,17
2019-08-04,31,31,40,34,26,29,27,36,32,26,26,35,25,26,24,25,27,23,37,26,21,31,27,28,25
2019-08-05,43,41,52,48,35,38,36,41,42,32,35,47,35,35,36,33,35,30,52,36,41,38,37,41,37
2019-08-06,35,29,39,34,24,29,26,29,30,23,26,35,23,22,31,22,34,23,39,24,29,27,27,27,26
2019-08-07,23,21,24,20,17,22,16,18,20,16,16,23,16,19,17,25,27,15,24,20,20,20,20,19,18
2019-08-08,46,40,49,49,37,39,37,39,42,30,37,49,33,40,39,42,36,33,57,34,44,42,40,46,38
2019-08-09,30,27,36,28,27,29,24,25,29,23,25,32,25,26,28,28,27,22,33,27,25,27,27,28,24
2019-08-10,25,22,27,23,20,23,19,22,24,17,17,28,18,18,21,21,20,18,26,19,18,21,20,21,19
2019-08-11,20,15,22,18,17,18,16,15,18,15,15,21,17,14,18,16,19,13,22,16,15,19,17,16,14
2019-08-12,24,22,25,18,13,17,13,16,19,14,16,22,12,14,15,17,18,12,22,14,16,17,19,22,16
2019-08-13,33,20,32,26,25,22,22,25,22,19,20,30,23,24,21,23,22,18,31,26,22,27,22,26,19
2019-08-14,21,13,27,22,22,17,24,25,17,14,13,30,12,19,17,17,17,16,29,20,16,22,17,19,13
2019-08-15,10,7,12,10,7,9,6,7,9,8,5,10,7,7,4,10,12,7,12,9,5,11,9,8,5
2019-08-16,18,13,23,16,15,20,13,15,18,15,13,19,23,19,12,18,19,14,19,18,14,21,16,15,13
2019-08-17,34,26,41,32,33,41,30,29,34,29,29,36,29,33,28,36,30,27,38,31,30,36,31,31,27
2019-08-18,26,18,27,23,21,32,20,19,21,19,19,26,21,21,21,23,20,23,28,23,22,24,21,20,20
2019-08-19,32,20,32,26,25,27,24,22,25,20,23,30,23,23,24,28,24,23,29,26,22,24,23,22,21
2019-08-20,32,21,39,35,26,33,27,28,30,25,29,34,27,26,30,28,26,25,36,26,27,28,28,28,24
2019-08-21,31,27,40,34,28,37,26,28,32,27,28,35,28,29,30,27,38,27,37,29,28,32,29,28,29
2019-08-22,44,30,38,44,39,37,32,39,38,28,37,41,33,35,37,38,54,32,46,37,46,37,39,38,33
2019-08-23,36,23,39,36,34,39,30,29,32,29,30,36,30,31,30,38,46,30,39,32,35,33,31,30,27
2019-08-24,28,18,29,27,22,28,21,20,23,19,20,28,22,23,23,26,42,22,30,22,18,23,22,23,18
2019-08-25,22,15,24,21,19,28,18,17,22,17,18,25,20,22,18,23,28,19,24,19,18,23,20,18,17
2019-08-26,29,18,31,26,23,32,24,23,23,20,24,29,25,26,26,27,39,24,29,25,26,27,25,26,20
2019-08-27,28,18,42,31,25,29,23,26,26,20,25,31,24,24,23,27,32,22,31,26,26,25,25,26,22
2019-08-28,32,24,39,29,28,39,26,24,34,25,25,35,27,31,28,36,23,28,32,29,28,31,29,27,28
2019-08-29,30,21,35,30,26,34,26,26,30,25,23,31,27,29,27,29,33,24,33,28,23,32,26,27,24
2019-08-30,20,61,28,24,18,23,16,16,18,14,17,22,18,15,16,24,16,17,23,18,15,22,20,20,17
2019-08-31,14,19,22,18,17,23,18,16,18,12,14,20,17,17,17,25,15,17,20,20,15,21,19,18,13
2019-09-01,18,23,24,21,22,25,19,17,19,16,18,21,22,20,17,21,21,17,24,21,15,21,19,18,16
2019-09-02,26,28,37,28,25,28,25,25,25,20,26,29,25,24,28,26,19,24,30,26,20,25,25,25,23
2019-09-03,19,21,32,27,23,25,23,22,23,17,19,32,23,21,24,24,17,19,29,23,18,23,23,23,19
2019-09-04,4,8,9,7,6,10,8,8,10,5,4,13,6,6,7,14,11,7,10,10,5,9,6,7,4
2019-09-05,7,8,13,8,8,12,9,11,11,7,7,12,8,8,6,12,13,7,12,11,6,11,9,10,5
2019-09-06,10,12,20,15,11,15,14,15,17,11,10,23,11,11,6,17,17,13,17,17,10,15,13,13,10
2019-09-09,20,35,50,44,35,43,36,16,38,30,32,64,35,33,34,39,37,33,46,38,31,33,35,37,34
2019-09-10,16,12,17,13,8,14,13,14,16,8,9,25,8,10,11,17,21,10,16,13,9,14,13,13,11
2019-09-11,24,4,7,7,5,6,9,8,9,4,5,16,5,5,5,8,13,8,13,9,5,9,6,7,3
2019-09-12,13,16,16,22,9,12,8,8,12,7,10,15,9,10,6,10,15,11,23,10,14,12,15,15,5
2019-09-13,13,13,17,15,13,14,12,13,11,8,10,23,13,13,11,13,20,11,17,13,12,16,16,20,7
2019-09-14,19,17,27,18,15,21,15,15,18,16,14,23,15,19,14,19,28,16,22,17,16,20,20,18,13
2019-09-15,14,14,18,18,16,16,9,15,14,17,15,25,16,15,13,17,22,13,23,18,12,16,16,15,9
2019-09-16,11,14,15,16,12,12,10,12,9,11,10,15,12,13,9,14,20,10,19,14,7,16,14,13,9
2019-09-17,19,17,28,20,20,20,16,16,21,14,15,22,20,18,16,20,28,23,24,20,14,20,16,17,12
2019-09-18,35,29,38,36,33,38,30,27,32,29,27,36,33,34,35,39,47,31,42,33,26,34,29,26,25
2019-09-19,30,28,32,33,29,33,25,24,27,22,23,31,29,28,27,34,43,29,34,29,23,27,27,25,22
2019-09-20,24,21,27,33,23,25,23,21,25,21,24,27,23,18,22,28,35,22,34,23,18,22,23,22,19
2019-09-21,16,12,19,21,15,16,13,12,18,13,17,19,15,14,13,15,26,15,19,15,11,13,17,15,11
2019-09-22,5,4,8,5,8,6,4,5,6,4,5,9,8,6,3,5,13,5,8,8,3,4,5,8,3
2019-09-23,13,10,16,14,15,14,13,12,12,8,12,18,15,14,10,16,23,11,18,15,9,17,12,11,9
2019-09-24,25,23,25,25,27,28,20,20,19,16,22,32,27,23,21,21,33,24,29,27,17,25,22,21,17
2019-09-25,30,27,32,35,34,34,28,24,25,21,27,39,34,31,30,26,38,28,37,34,23,29,27,26,23
2019-09-26,28,23,31,31,27,25,23,25,25,22,26,44,27,21,25,20,37,25,33,27,19,23,26,25,19
2019-09-27,25,19,25,24,21,22,18,19,21,18,21,30,21,18,20,21,31,23,27,21,16,18,21,21,16
2019-09-28,28,24,32,34,27,28,22,24,26,22,28,36,27,24,21,23,38,26,34,27,21,25,28,26,21
2019-09-29,41,34,43,42,33,42,31,34,35,30,35,45,33,34,32,32,48,34,45,33,33,35,35,33,33
2019-09-30,51,41,55,58,54,51,52,46,41,40,45,77,54,52,50,44,61,46,64,54,42,54,45,45,42
2019-10-01,45,34,57,60,51,43,41,48,45,44,45,60,51,48,40,37,64,40,62,51,35,48,45,45,35
2019-10-02,28,21,30,31,31,28,18,17,23,23,24,15,31,22,17,24,38,19,29,31,16,23,24,25,16
2019-10-03,7,5,8,9,8,9,7,8,6,5,8,13,8,8,5,10,16,7,11,8,4,11,8,7,4
2019-10-04,27,20,30,27,25,27,25,26,22,21,23,34,25,26,22,24,33,21,33,25,20,28,23,22,20
2019-10-05,46,38,54,41,35,50,34,39,40,38,40,52,35,46,35,38,59,40,47,35,37,46,40,40,37
2019-10-06,12,13,13,10,9,13,9,10,10,6,11,15,9,12,7,9,19,12,13,9,6,13,11,10,6
2019-10-07,14,15,13,10,11,12,7,10,11,7,11,15,11,9,6,11,18,11,13,11,6,11,11,10,6
2019-10-08,24,24,26,22,24,27,20,22,19,17,21,27,24,26,19,25,33,24,26,24,16,26,21,20,16
2019-10-09,27,30,29,26,24,29,20,23,22,18,22,28,24,22,20,25,31,25,28,24,17,21,22,20,17
2019-10-10,32,35,32,32,28,32,26,26,27,25,28,31,28,30,27,29,40,29,35,28,21,29,28,26,21
2019-10-11,37,34,44,45,35,39,34,32,33,33,33,37,35,36,32,34,49,31,44,35,26,34,33,31,26
2019-10-12,28,26,30,27,21,28,21,23,23,19,23,29,21,23,24,24,35,25,30,21,18,23,23,22,18
2019-10-13,20,21,24,22,16,21,17,18,18,14,18,22,16,18,15,17,26,17,24,16,13,19,18,17,13
2019-10-14,35,38,35,40,32,35,30,32,29,23,30,37,32,34,29,32,41,30,43,32,26,32,30,28,26
2019-10-15,23,23,19,29,21,17,19,21,21,15,17,24,21,16,17,17,26,21,31,21,10,18,17,16,10
2019-10-16,26,32,31,36,25,29,24,26,25,23,24,30,25,25,23,27,37,28,37,25,18,24,24,22,18
2019-10-17,32,37,37,35,26,31,24,27,30,24,28,37,26,27,26,25,39,31,39,26,21,24,28,28,21
2019-10-18,19,23,19,20,14,16,14,15,18,13,17,31,14,13,14,15,26,18,22,14,10,14,17,18,10
2019-10-19,22,22,22,26,22,21,16,20,18,16,20,23,22,20,17,19,30,22,28,22,13,19,20,18,13
2019-10-20,37,42,43,46,36,40,33,35,30,33,33,40,36,39,37,31,45,35,48,36,28,35,33,34,28
2019-10-21,39,42,47,56,41,39,30,36,38,35,39,42,41,42,39,35,52,36,54,41,31,39,39,37,31
2019-10-22,38,40,47,50,52,34,31,37,40,36,39,43,51,33,35,32,52,35,50,35,30,34,39,35,30
2019-10-23,26,26,26,28,30,21,18,23,25,17,22,30,25,18,19,20,33,25,30,19,15,18,22,21,15
2019-10-24,35,35,32,41,37,31,26,26,31,23,21,34,33,23,28,28,40,27,41,26,23,27,28,27,21
2019-10-25,26,28,26,33,28,26,19,22,23,19,25,30,26,23,19,22,32,23,32,25,18,24,23,21,26
2019-10-26,25,31,26,24,25,27,17,22,23,16,23,26,24,23,19,23,30,24,27,21,18,24,22,20,25
2019-10-27,27,33,29,25,26,31,19,21,26,20,27,26,25,23,19,23,33,25,27,20,18,23,23,22,27
2019-10-28,33,41,34,32,31,38,25,23,28,22,31,30,31,31,30,28,41,29,35,28,26,29,30,28,32
2019-10-29,118,109,123,118,115,117,103,92,73,89,103,115,119,97,126,104,113,84,130,96,89,90,65,92,108
2019-10-30,28,33,24,29,27,31,23,21,21,14,26,26,27,24,30,26,31,26,33,27,18,22,25,23,26
2019-10-31,76,83,86,81,77,91,68,61,55,66,72,77,74,62,91,70,89,64,86,71,64,75,66,62,76
2019-11-01,129,113,109,97,108,108,81,84,80,76,107,113,86,38,126,100,117,90,110,78,92,80,100,95,111
2019-11-02,83,91,74,86,78,88,71,59,61,57,70,78,76,66,94,76,80,67,88,68,66,65,66,66,81
2019-11-03,67,75,58,72,63,70,65,55,53,50,61,64,54,46,75,52,74,51,75,50,50,42,53,53,69
2019-11-04,16,16,14,16,18,14,16,14,14,8,13,18,14,12,15,14,19,16,18,13,8,14,14,12,14
2019-11-05,37,45,37,40,40,38,31,29,31,27,33,35,33,32,40,33,45,31,42,36,27,31,32,28,37
2019-11-06,57,66,55,58,55,60,33,42,47,41,50,54,50,46,66,47,64,50,61,48,42,46,48,47,51
2019-11-07,52,64,53,56,53,59,59,42,43,41,47,52,51,49,60,49,58,46,60,45,43,49,44,43,49
2019-11-08,49,57,48,48,46,52,44,38,40,35,47,45,45,39,47,44,53,45,50,37,37,37,44,36,46
2019-11-09,50,54,45,55,49,52,43,39,41,33,52,44,42,35,52,50,53,40,52,39,36,32,41,35,44
2019-11-10,47,54,46,51,46,48,44,35,40,31,47,45,41,36,50,41,48,38,53,37,36,37,39,38,45
2019-11-11,25,31,27,26,27,29,28,21,22,19,25,26,24,24,28,27,33,25,31,23,17,24,23,20,24
2019-11-12,44,50,39,46,44,45,41,32,32,25,43,41,40,34,50,37,48,38,46,35,31,33,38,36,39
2019-11-13,40,55,38,44,39,42,40,33,32,25,37,41,33,32,44,30,45,34,46,33,27,31,34,34,36
2019-11-14,20,26,21,22,22,18,19,20,15,10,18,25,21,21,21,19,22,18,25,17,13,21,19,16,18
2019-11-15,26,31,23,27,27,22,23,23,20,15,24,27,24,21,26,20,28,21,31,20,16,22,22,22,21
2019-11-16,31,43,30,48,37,25,42,27,27,23,35,34,32,27,44,28,43,32,42,34,23,29,31,31,29
2019-11-17,28,38,31,34,31,20,27,26,30,24,31,33,28,26,30,22,38,24,34,22,19,28,26,29,25
2019-11-18,81,154,98,90,76,78,90,66,56,77,77,86,78,76,89,75,96,66,90,66,64,124,71,66,79
2019-11-19,32,42,36,36,33,28,27,27,26,21,30,37,31,32,30,27,33,27,38,26,23,33,28,26,30
2019-11-20,25,35,23,27,25,21,19,23,21,18,22,27,26,22,25,19,27,19,30,20,16,23,20,20,22
2019-11-21,42,49,39,43,38,31,38,33,35,39,40,43,38,36,42,34,46,33,44,31,26,36,34,32,34
2019-11-22,48,57,44,55,51,32,45,39,39,40,53,48,45,37,52,41,56,37,58,39,36,39,40,41,46
2019-11-23,40,51,28,42,39,26,33,30,30,27,40,37,33,20,41,34,42,35,42,27,23,22,33,31,33
2019-11-24,35,43,29,41,35,27,33,24,26,26,35,34,34,23,38,30,35,27,43,29,29,25,32,29,31
2019-11-25,30,36,27,32,28,21,34,26,25,24,26,33,28,24,28,24,28,21,32,23,25,26,24,23,26
2019-11-26,28,32,22,41,26,17,24,23,24,22,29,28,32,15,29,24,32,25,41,25,17,21,25,22,26
2019-11-27,43,60,40,48,40,28,40,37,34,32,39,46,47,39,46,36,41,32,50,35,31,42,33,33,38
2019-11-28,41,61,32,45,43,29,38,36,30,26,36,45,46,38,44,35,35,31,48,33,33,39,33,36,37
2019-11-29,54,56,46,54,44,40,39,40,38,43,52,49,46,44,49,43,50,40,51,38,39,45,43,40,45
2019-11-30,51,52,45,67,46,35,48,38,40,44,53,49,48,40,55,38,49,37,59,42,39,44,44,41,46
2019-12-01,49,50,37,52,41,34,42,41,33,33,43,52,37,35,50,36,42,35,49,35,35,33,38,36,44
2019-12-02,27,25,25,28,26,17,21,23,20,17,24,27,24,22,23,23,27,18,28,20,17,24,21,21,22
2019-12-03,32,33,33,33,29,23,27,26,24,26,29,32,28,27,30,24,30,23,35,23,22,29,26,25,31
2019-12-04,33,35,30,37,29,23,27,25,23,25,33,32,29,28,31,28,34,25,34,27,23,27,27,24,30
2019-12-05,23,22,22,25,24,13,21,22,18,15,20,27,24,22,25,17,22,16,28,20,17,26,19,19,21
2019-12-06,33,37,36,38,32,22,29,30,27,30,33,35,34,34,39,25,35,26,38,26,20,29,29,28,33
2019-12-07,52,51,53,55,48,36,48,42,38,38,50,52,45,46,56,37,45,37,56,39,36,46,45,44,50
2019-12-08,64,68,64,68,55,43,53,47,57,48,58,65,53,52,72,47,54,45,66,45,50,49,55,50,58
2019-12-09,76,77,66,78,65,52,66,46,53,53,68,74,59,59,78,59,60,52,78,53,58,57,62,61,75
2019-12-10,99,99,115,142,100,70,101,88,87,91,103,108,98,103,116,77,97,70,123,80,86,108,97,98,83
2019-12-11,92,93,107,95,74,64,74,72,78,80,93,82,70,76,92,70,91,62,86,64,71,86,79,82,98
2019-12-12,24,23,25,26,23,14,19,21,20,16,21,25,23,19,19,17,21,16,25,18,13,20,21,19,27
2019-12-13,33,37,29,33,28,25,26,23,25,22,31,29,27,26,30,24,32,22,33,26,22,27,28,26,28
2019-12-14,40,48,47,35,41,41,38,37,39,38,42,47,36,35,47,36,42,33,44,31,33,38,38,34,40
2019-12-15,36,45,40,49,39,35,40,34,33,33,38,42,35,30,43,33,38,31,46,30,27,33,34,33,37
2019-12-16,34,43,33,59,42,34,45,33,33,34,39,44,41,30,46,35,40,35,60,38,28,33,35,35,31
2019-12-17,25,31,28,32,28,28,27,22,24,22,31,28,26,26,30,23,32,23,32,25,24,28,27,29,29
2019-12-18,36,45,45,41,37,38,34,35,37,33,38,45,38,39,40,33,43,32,41,30,33,38,40,38,42
2019-12-19,25,36,29,25,24,27,19,22,24,21,26,28,25,29,22,25,30,22,25,18,21,29,29,27,27
2019-12-20,25,30,31,36,29,27,28,27,29,25,27,34,29,29,29,29,32,26,36,24,26,29,30,28,29
2019-12-21,32,42,38,36,30,37,29,27,30,31,37,33,32,35,41,32,36,34,38,26,32,31,37,36,35
2019-12-22,55,66,63,66,58,59,58,48,56,56,56,63,53,59,69,57,57,54,69,47,52,56,60,59,58
2019-12-23,50,61,52,58,48,50,45,40,49,46,51,53,42,50,56,52,48,47,56,38,45,49,53,51,51
2019-12-24,63,71,77,81,70,61,67,64,73,71,75,77,63,69,78,66,70,60,74,54,66,60,77,72,69
2019-12-25,42,55,62,70,52,43,47,42,56,60,52,50,50,49,52,46,58,45,65,40,45,44,55,54,52
2019-12-26,47,56,52,58,52,49,48,47,43,46,47,55,43,49,54,47,48,48,58,40,42,45,50,48,49
2019-12-27,32,41,38,40,38,32,30,29,33,28,31,38,33,34,33,33,34,34,39,32,32,34,36,34,36
2019-12-28,42,48,44,48,46,43,39,34,33,36,42,42,40,43,47,40,45,43,48,40,40,39,44,43,42
2019-12-29,44,50,48,53,49,45,44,39,39,40,46,50,43,43,51,44,45,44,53,44,41,42,46,46,45
2019-12-30,36,41,37,43,39,37,34,31,32,32,38,43,33,35,40,36,38,35,42,34,32,36,40,36,39
2019-12-31,22,28,32,29,26,22,20,23,22,19,25,28,22,23,28,25,26,25,29,22,14,24,27,26,24
2020-01-01,30,35,40,38,33,28,30,29,27,30,32,38,30,32,37,31,32,31,40,32,28,32,34,34,31
2020-01-02,56,66,62,67,56,73,56,53,47,53,52,63,51,60,69,55,60,56,68,54,53,56,59,58,59
2020-01-03,61,76,66,90,71,64,70,65,55,56,60,82,66,68,79,63,63,63,84,68,63,65,66,65,65
2020-01-04,54,63,56,70,55,54,57,48,49,50,52,68,55,53,62,54,52,55,68,56,53,52,56,53,57
2020-01-05,45,57,58,64,53,47,50,45,47,52,48,64,50,53,60,46,51,47,60,50,44,52,53,52,51
2020-01-06,38,44,40,49,43,35,39,34,36,37,40,57,35,29,44,37,41,42,48,42,35,17,41,41,39
2020-01-07,6,6,10,11,10,5,9,6,14,8,12,12,7,3,7,13,12,7,10,10,4,8,10,9,10
2020-01-08,20,25,22,29,30,25,25,29,21,20,22,34,29,24,35,25,24,25,28,24,21,24,26,22,25
2020-01-09,46,54,53,58,50,44,45,52,48,41,46,61,47,47,50,48,43,51,55,46,48,48,53,50,50
2020-01-10,58,70,66,84,63,59,57,69,63,62,65,76,61,63,67,61,65,60,75,60,78,58,70,67,68
2020-01-11,51,61,53,67,53,54,52,53,48,46,50,63,51,50,61,52,50,52,64,52,56,45,54,49,53
2020-01-12,43,54,54,52,43,44,41,47,48,44,44,55,42,47,46,45,45,45,49,40,51,49,50,48,52
2020-01-13,23,29,29,28,26,23,21,26,24,21,24,30,25,26,23,27,27,27,28,23,31,25,27,25,27
2020-01-14,29,36,32,40,33,30,30,36,28,29,27,39,29,30,32,31,30,33,38,31,33,25,30,30,31
2020-01-15,34,42,40,52,42,34,39,42,34,35,34,44,38,39,40,35,38,35,49,39,37,34,37,37,38
2020-01-16,41,50,46,53,41,42,36,42,38,41,41,48,41,39,45,42,44,44,48,40,44,35,44,40,44
2020-01-17,51,60,57,79,57,56,59,62,47,58,54,67,55,55,59,53,60,52,70,57,56,50,58,56,55
2020-01-18,58,73,66,86,70,63,65,71,58,62,60,77,65,63,76,60,61,59,82,67,63,59,64,62,65
2020-01-19,55,66,63,73,63,58,60,59,51,52,55,76,57,62,69,55,57,55,71,57,60,57,61,59,60
2020-01-20,49,62,53,63,52,52,48,45,44,47,50,59,55,59,56,52,52,52,61,49,55,59,56,54,52
2020-01-21,40,43,50,62,46,38,44,50,36,39,37,54,42,43,49,38,41,42,55,43,41,42,42,42,38
2020-01-22,44,54,46,54,46,43,45,45,41,42,40,58,42,40,51,42,45,44,52,45,46,38,43,42,43
2020-01-23,57,65,70,74,62,59,58,60,52,62,60,65,59,59,70,59,63,58,70,59,62,56,62,59,59
2020-01-24,67,77,76,84,72,71,65,74,63,61,65,83,69,72,80,69,63,68,80,66,71,69,72,71,69
2020-01-25,44,48,55,64,50,42,47,55,47,45,45,59,56,46,56,46,44,44,62,50,48,51,50,47,44
2020-01-26,25,28,26,42,33,21,29,33,24,22,26,37,31,25,31,26,27,26,41,32,26,25,28,26,23
2020-01-27,11,12,13,10,13,10,8,12,8,6,11,14,11,7,8,11,14,12,13,12,10,8,11,10,11
2020-01-28,12,13,15,14,14,10,11,13,9,9,12,15,13,9,11,13,15,13,16,16,12,10,13,12,15
2020-01-29,18,17,18,22,18,15,16,17,15,13,17,21,19,14,15,18,18,19,22,21,16,14,17,15,17
2020-01-30,18,19,18,27,19,14,16,20,16,13,17,22,20,15,17,18,21,19,23,21,17,15,18,15,17
2020-01-31,25,29,31,42,31,26,26,33,22,22,24,33,28,28,28,25,29,26,38,30,27,30,25,25,25
2020-02-01,62,77,78,75,66,69,63,70,64,65,63,75,61,69,73,63,67,66,73,63,62,67,68,64,67
2020-02-02,67,87,78,86,67,70,61,69,69,68,71,80,67,70,75,70,67,66,80,64,71,69,74,71,76
2020-02-03,24,28,29,28,27,25,21,27,22,20,23,32,23,24,23,26,31,28,31,25,26,25,26,24,24
2020-02-04,24,31,28,27,25,26,19,25,22,22,23,30,22,23,24,23,26,25,28,23,24,22,25,23,25
2020-02-05,21,23,26,23,21,22,16,22,18,19,19,27,19,24,24,22,22,23,26,20,23,23,23,21,21
2020-02-06,35,45,44,45,38,39,35,41,31,35,33,47,35,38,46,36,37,38,47,35,37,39,37,38,38
2020-02-07,33,44,42,44,36,38,30,38,34,33,31,45,36,35,41,37,36,37,44,36,37,34,35,34,38
2020-02-08,38,44,46,48,41,39,37,42,36,35,37,49,39,40,42,42,39,42,48,39,42,41,42,39,39
2020-02-09,33,43,43,38,37,36,30,39,34,33,34,42,32,34,37,36,34,35,39,32,35,32,37,34,38
2020-02-10,45,54,52,53,48,50,45,47,42,48,46,53,43,49,52,47,50,49,53,43,42,44,50,42,49
2020-02-11,53,61,59,68,59,57,53,52,46,52,51,65,52,54,64,54,55,57,63,55,56,49,55,53,54
2020-02-12,46,53,47,58,48,48,50,43,48,46,50,58,42,39,59,49,47,48,56,49,42,38,49,51,48
2020-02-13,66,77,68,80,69,72,73,65,56,61,69,78,65,73,84,71,67,63,77,65,68,70,76,76,73
2020-02-14,77,88,93,84,81,81,85,83,76,75,83,91,67,79,96,82,81,78,82,71,72,75,86,80,80
2020-02-15,59,64,69,76,65,57,68,67,60,58,63,71,59,58,74,59,63,63,73,63,61,62,65,64,60
2020-02-16,23,27,32,28,24,22,26,25,22,20,23,31,22,21,27,25,24,23,26,26,23,23,28,24,25
2020-02-17,31,37,51,35,32,25,26,32,25,25,28,41,29,26,31,32,25,29,38,28,29,27,41,40,29
2020-02-18,21,26,27,24,24,16,19,25,18,18,20,29,22,21,27,22,21,23,26,23,25,20,24,23,25
2020-02-19,30,39,32,38,35,31,34,32,27,27,28,37,28,28,47,29,31,31,37,32,31,23,33,32,32
2020-02-20,54,63,70,62,58,55,61,61,53,58,54,70,52,59,75,56,58,51,65,56,52,56,60,60,60
2020-02-21,69,88,86,78,65,75,70,58,72,76,73,79,66,76,90,76,71,62,77,67,64,66,79,79,83
2020-02-24,33,39,37,33,30,38,30,31,27,33,32,39,30,34,42,34,38,35,34,30,28,30,35,32,35
2020-02-25,20,20,23,23,19,19,21,18,20,22,22,22,20,19,28,20,24,21,24,21,7,19,23,22,21
2020-02-26,17,19,17,19,18,18,18,15,14,13,16,22,18,16,21,19,20,20,20,20,19,15,18,16,19
2020-02-27,12,11,12,15,16,10,14,15,11,11,12,17,14,11,13,12,15,14,16,15,12,12,13,11,12
2020-02-28,24,27,26,30,27,26,31,28,20,22,22,29,22,25,31,24,26,25,31,24,24,25,25,24,25
2020-02-29,22,25,24,25,24,26,27,22,20,22,22,27,23,20,32,23,24,23,27,23,21,20,24,19,25
2020-03-01,41,45,47,50,47,45,52,47,39,41,42,52,42,45,61,43,43,43,49,44,42,42,45,43,46
2020-03-02,36,42,44,41,40,37,38,40,36,34,33,46,35,36,44,37,34,39,42,37,41,36,39,37,41
2020-03-03,44,51,48,53,49,49,49,47,40,41,43,53,39,44,58,44,45,44,52,44,44,44,46,44,48
2020-03-04,41,48,52,51,44,44,45,47,43,40,41,53,42,46,52,44,45,44,50,43,48,44,47,44,47
2020-03-05,33,42,42,38,37,35,31,37,35,30,34,44,33,39,38,35,34,36,39,33,41,35,37,35,39
2020-03-06,33,43,43,43,39,41,43,38,33,38,36,46,38,49,42,36,40,37,44,39,39,39,39,37,40
2020-03-07,52,57,54,61,59,55,60,57,44,48,49,72,49,56,71,54,53,53,59,53,54,55,53,53,53
2020-03-08,51,61,58,76,58,59,69,60,49,56,53,67,57,56,75,56,55,55,72,58,54,55,52,52,57
2020-03-09,55,64,50,75,56,61,66,51,47,46,51,66,60,56,74,61,48,59,70,62,60,53,53,52,54
2020-03-10,37,32,35,57,41,32,68,45,30,31,31,51,44,58,56,37,34,37,54,45,39,43,41,38,33
2020-03-11,32,36,37,35,36,36,38,32,23,31,29,40,32,30,33,32,35,35,36,31,38,36,32,30,34
2020-03-12,31,33,38,33,36,36,39,30,28,31,30,37,32,39,34,32,37,32,37,31,36,34,33,31,34
2020-03-13,28,33,33,31,33,37,35,30,32,27,28,38,29,37,32,30,31,32,35,29,34,142,30,28,31
2020-03-14,33,37,39,39,39,36,44,34,39,34,32,42,35,44,41,34,40,35,39,34,39,37,35,33,36
2020-03-15,36,41,44,43,42,43,50,39,46,39,36,49,37,50,43,41,46,42,44,37,42,46,40,37,41
2020-03-16,21,25,27,27,27,22,26,24,27,20,20,28,23,26,19,22,29,24,26,22,23,24,23,21,24
2020-03-17,44,64,51,49,53,48,62,47,49,44,42,55,45,56,56,43,49,40,51,45,50,51,46,44,46
2020-03-18,53,57,57,68,60,59,74,54,67,53,57,60,53,68,65,59,64,54,69,57,54,62,64,59,58
2020-03-19,49,56,62,62,63,65,75,55,61,60,52,66,55,74,68,57,71,57,62,52,64,69,56,53,60
2020-03-20,37,40,43,40,44,47,53,38,42,39,35,46,39,50,46,36,49,41,42,37,44,46,38,34,43
2020-03-21,46,51,58,53,54,57,65,45,55,52,46,57,48,62,59,46,60,50,54,48,54,59,53,47,46
2020-03-22,37,41,42,39,41,42,49,38,42,38,37,48,36,44,45,37,40,40,41,36,42,44,41,37,37
2020-03-23,43,49,49,54,48,52,62,45,49,45,43,52,45,55,52,45,50,47,53,45,50,50,46,44,52
2020-03-24,55,59,57,68,59,62,76,57,59,52,51,68,54,60,66,56,56,58,64,56,60,56,55,53,58
2020-03-25,48,55,49,53,49,54,62,48,51,43,44,54,47,51,53,48,53,50,54,47,53,48,47,44,52
2020-03-26,50,53,52,56,52,52,64,42,53,47,46,54,46,50,56,48,51,51,55,50,50,45,51,49,54
2020-03-27,40,37,39,45,41,42,55,40,40,37,34,48,38,50,50,38,39,37,46,40,40,48,41,41,39
2020-03-28,29,31,37,34,33,33,42,30,35,31,26,39,31,40,33,28,35,31,37,31,35,38,29,28,31
2020-03-29,36,39,40,43,41,39,51,40,42,40,37,49,39,43,43,37,43,39,45,38,41,41,38,37,40
2020-03-30,48,50,53,54,52,54,68,49,50,48,45,60,48,59,60,49,54,49,57,50,50,56,51,48,51
2020-03-31,45,51,52,53,47,54,62,44,51,46,45,57,44,54,54,47,52,49,51,46,50,50,47,45,50
2020-04-01,62,72,84,71,69,82,89,63,79,81,64,82,63,90,82,66,86,69,71,64,73,83,64,63,75
2020-04-02,33,38,39,46,46,38,45,38,39,35,35,43,36,42,37,35,43,38,42,37,39,38,40,36,35
2020-04-03,49,53,54,62,54,57,70,53,54,49,51,60,50,65,62,53,60,49,63,54,53,61,55,54,52
2020-04-04,60,69,71,69,63,79,88,63,76,74,61,80,58,87,83,67,77,63,75,62,67,80,67,63,67
2020-04-05,40,48,56,48,45,50,52,43,53,47,41,55,42,53,45,41,48,46,50,42,53,46,43,40,48
2020-04-06,45,52,60,59,51,58,62,46,57,54,48,58,51,65,57,48,60,50,54,48,58,60,54,50,53
2020-04-07,50,59,61,56,51,66,69,48,63,60,53,62,47,72,69,52,63,57,55,50,55,62,55,53,58
2020-04-08,36,42,49,43,41,45,52,36,43,43,36,47,39,49,43,39,47,41,44,39,47,47,40,37,39
2020-04-09,41,48,50,50,46,48,54,46,50,41,40,54,46,52,45,41,46,48,49,42,52,53,44,41,46
2020-04-10,40,41,43,49,42,41,51,42,39,35,36,48,41,44,45,39,39,43,46,43,45,44,40,39,39
2020-04-11,32,40,46,38,35,39,40,31,46,40,34,40,35,43,37,34,43,38,37,33,38,39,38,33,40
2020-04-12,27,30,35,32,29,29,40,27,34,29,29,34,29,33,35,28,32,29,31,28,29,31,31,30,30
2020-04-13,19,19,22,24,23,17,24,22,20,16,19,25,22,20,18,20,21,23,25,23,23,25,20,17,19
2020-04-14,43,49,48,55,46,52,56,44,49,43,46,53,48,57,49,45,50,48,50,45,51,52,49,46,51
2020-04-15,56,66,65,67,56,70,77,56,65,63,59,69,57,71,68,61,63,62,66,59,65,66,60,56,63
2020-04-16,48,52,55,54,49,52,56,47,53,51,48,58,47,56,57,46,51,56,51,48,53,52,50,47,49
2020-04-17,34,32,39,43,38,35,65,35,35,31,35,45,37,39,42,35,37,35,40,38,38,37,40,36,33
2020-04-18,25,23,23,28,28,24,31,27,20,20,23,33,24,27,28,25,24,27,27,25,27,25,26,22,21
2020-04-19,25,27,26,27,26,25,32,22,24,22,23,31,24,24,35,24,24,26,27,27,25,22,25,23,24
2020-04-20,12,11,15,13,13,14,19,14,14,12,12,16,12,15,21,12,19,13,15,14,14,15,14,12,15
2020-04-21,31,35,38,34,38,45,36,31,36,34,29,42,35,40,35,36,39,39,39,32,39,38,32,29,34
2020-04-22,70,85,102,80,81,85,102,70,99,91,73,92,78,109,91,72,96,80,86,69,88,103,77,70,87
2020-04-23,38,43,48,44,45,45,47,37,45,41,38,50,42,50,42,40,47,42,46,41,50,50,41,37,43
2020-04-24,34,39,45,38,40,42,43,34,42,37,35,40,38,46,41,34,44,39,39,37,42,44,37,34,41
2020-04-25,49,57,65,58,58,65,70,52,62,59,52,62,55,73,70,52,63,58,59,54,65,68,55,50,60
2020-04-26,26,32,32,29,30,29,30,27,31,29,26,34,29,31,28,28,29,31,30,27,33,29,28,25,30
2020-04-27,28,33,33,32,34,35,38,31,31,28,28,37,31,35,40,32,31,34,35,31,35,32,31,28,32
2020-04-28,29,32,38,35,35,37,40,33,34,34,31,38,32,40,39,32,38,35,37,33,36,39,34,31,34
2020-04-29,39,44,51,44,40,52,48,37,46,50,43,49,38,53,53,44,50,44,42,37,44,49,44,40,46
2020-04-30,31,37,37,35,33,38,34,30,34,32,33,36,33,34,36,32,35,36,34,32,36,33,35,34,36
2020-05-01,43,46,59,52,51,49,56,44,52,50,46,56,47,55,58,48,50,45,48,45,53,55,52,49,50
2020-05-02,44,51,52,57,45,47,54,43,49,44,44,55,46,52,56,49,46,50,50,45,50,52,48,45,50
2020-05-03,26,27,30,31,30,28,38,26,26,26,27,34,28,29,36,29,27,29,32,29,30,28,28,26,27
2020-05-04,29,31,38,34,34,38,42,30,34,35,31,34,33,42,40,31,38,32,33,31,37,43,32,29,36
2020-05-05,35,34,37,40,37,39,47,34,34,33,31,44,33,36,47,36,33,35,39,33,39,37,33,30,35
2020-05-06,29,31,30,35,32,36,40,29,27,29,28,36,32,34,39,30,32,34,32,30,34,32,30,27,29
2020-05-07,23,21,27,28,26,27,35,23,21,16,21,31,27,30,32,23,28,28,27,27,29,36,24,21,22
2020-05-08,21,22,30,27,23,26,29,20,23,50,22,28,23,30,28,22,29,22,27,24,25,29,25,22,24
2020-05-09,12,13,12,13,14,12,32,12,9,9,11,18,11,12,18,13,13,13,15,14,11,9,14,14,10
2020-05-10,22,24,28,31,26,32,50,25,25,28,25,31,24,38,47,26,28,24,30,24,25,35,27,26,28
2020-05-11,90,95,118,120,108,124,150,97,104,118,92,123,102,149,144,97,122,98,115,98,113,133,97,92,101
2020-05-12,38,44,42,39,39,49,48,36,38,39,37,44,38,43,49,42,39,43,41,38,43,42,39,35,44
2020-05-13,25,29,31,31,32,35,35,26,31,32,27,32,31,35,33,29,34,30,30,29,34,30,33,26,30
2020-05-14,34,38,37,38,38,44,48,32,36,47,35,44,38,43,43,37,42,40,39,38,36,39,37,33,36
2020-05-15,27,28,31,33,33,31,35,27,28,25,29,36,32,31,37,30,32,30,34,32,32,29,38,33,31
2020-05-16,19,19,19,23,22,24,33,20,17,20,18,25,19,25,35,19,24,20,21,19,20,22,25,19,19
2020-05-17,35,40,39,39,35,44,53,33,38,42,36,46,34,49,56,36,41,40,35,32,38,43,40,37,41
2020-05-18,41,41,41,53,46,41,26,42,37,37,35,58,40,46,66,39,42,45,49,43,40,40,41,41,40
2020-05-19,14,14,16,13,18,14,13,13,15,15,14,19,14,15,14,15,16,16,15,16,17,14,18,14,15
2020-05-20,7,5,7,8,11,6,9,9,5,5,5,11,7,6,5,6,8,7,8,9,7,6,8,6,6
2020-05-21,16,15,21,20,20,16,21,18,18,17,17,20,19,21,18,16,22,18,21,20,19,20,20,22,17
2020-05-22,36,38,45,40,38,37,47,34,40,48,40,44,37,54,49,38,49,36,43,40,39,48,42,44,41
2020-05-23,46,48,51,45,45,44,50,45,43,47,44,51,40,55,53,46,47,46,48,42,45,48,44,50,51
2020-05-24,22,25,27,26,25,24,21,23,25,21,23,26,23,26,24,24,25,24,24,22,25,23,25,25,26
2020-05-25,32,33,33,34,36,31,44,36,30,34,31,40,30,49,44,33,39,31,34,31,35,42,34,41,36
2020-05-26,37,43,44,32,35,36,46,36,43,47,36,41,29,48,47,38,42,32,38,32,33,41,39,40,47
2020-05-27,21,18,23,24,24,21,26,22,19,19,20,27,22,24,24,23,23,23,22,22,26,23,22,19,21
2020-05-28,26,32,29,26,24,28,29,22,28,30,27,28,26,35,31,28,34,27,29,25,27,31,30,27,33
2020-05-29,31,34,33,33,36,35,40,31,30,30,31,38,31,38,40,35,35,34,36,31,36,35,33,31,34
2020-05-30,36,36,42,43,43,37,48,35,36,35,35,44,37,41,43,37,38,39,43,40,39,38,37,33,38
2020-05-31,38,42,46,39,37,40,43,34,43,42,38,40,36,47,43,38,43,40,40,38,41,41,40,37,42
2020-06-01,16,16,19,19,20,19,19,16,18,16,16,20,18,20,19,19,18,20,19,19,21,17,18,18,18
2020-06-02,21,23,26,24,24,23,26,20,23,21,21,25,21,28,28,22,27,23,26,24,25,25,23,21,23
2020-06-03,42,47,53,46,46,46,47,39,49,51,44,50,43,52,56,45,51,47,47,45,49,51,46,44,50
2020-06-04,46,53,60,47,48,51,48,40,57,59,43,52,46,61,58,55,55,55,48,46,54,57,52,47,50
2020-06-05,45,49,46,45,52,46,56,49,42,43,39,55,39,50,59,47,46,51,49,42,47,46,43,39,46
2020-06-06,50,49,48,60,60,48,69,56,44,44,47,61,50,53,69,49,49,58,62,57,53,51,49,47,51
2020-06-07,49,59,59,41,44,52,46,40,54,55,46,52,40,53,59,48,54,53,43,40,49,50,48,42,58
2020-06-08,40,46,45,41,41,44,44,41,41,44,39,49,37,51,52,41,49,43,42,39,45,46,42,38,46
2020-06-09,46,48,47,51,51,47,39,44,46,45,44,54,47,51,59,45,45,52,51,49,52,50,52,43,49
2020-06-10,44,46,47,47,45,45,32,40,45,41,43,47,43,43,49,46,45,46,45,45,46,43,48,41,48
2020-06-11,28,31,33,30,29,28,16,27,28,26,27,32,28,24,29,29,29,31,31,29,31,26,31,25,32
2020-06-12,40,46,52,46,44,43,33,39,46,45,43,49,41,39,51,43,49,44,42,40,46,50,47,41,47
2020-06-13,49,48,60,54,51,49,54,45,52,55,49,53,50,45,55,49,55,49,53,53,53,56,57,49,54
2020-06-14,36,41,42,40,40,36,38,37,35,35,35,43,39,34,42,37,37,37,43,39,37,40,38,36,40
2020-06-15,23,27,30,27,27,25,26,24,27,26,25,23,25,23,32,25,31,26,27,27,27,29,26,23,27
2020-06-16,49,53,58,58,55,50,57,53,49,50,51,60,53,50,67,52,57,53,58,55,58,61,53,50,56
2020-06-17,44,45,62,55,49,46,47,44,53,56,49,50,50,46,60,47,55,47,57,52,50,57,51,48,53
2020-06-18,30,32,38,37,35,31,32,32,33,35,33,36,32,32,40,33,42,35,36,34,33,40,35,30,37
2020-06-19,23,23,25,25,27,23,21,24,20,20,22,28,25,19,29,25,25,27,28,26,25,22,24,21,25
2020-06-20,35,38,41,39,41,37,35,36,35,36,37,42,38,33,46,39,39,40,40,38,41,42,38,35,40
2020-06-21,32,35,36,33,35,34,31,32,34,35,33,38,32,27,40,34,36,37,35,33,35,34,33,30,36
2020-06-22,39,38,39,36,42,39,35,37,35,35,40,45,39,32,50,41,40,43,38,39,45,37,40,36,42
2020-06-23,40,44,44,39,45,41,40,39,41,41,39,47,40,35,51,41,43,46,42,41,45,42,40,37,46
2020-06-24,30,29,33,30,31,28,22,26,27,28,28,35,28,20,32,30,30,31,31,33,30,25,34,31,33
2020-06-25,11,11,14,14,16,11,12,16,10,17,12,16,17,11,14,12,15,12,17,17,13,14,13,13,12
2020-06-26,18,20,26,21,22,20,15,21,21,30,20,23,20,21,25,21,25,21,20,20,21,25,23,20,23
2020-06-27,24,26,28,23,25,26,17,23,23,33,25,27,23,20,31,25,30,28,24,23,27,24,25,23,28
2020-06-28,27,30,33,26,29,30,21,27,27,36,29,33,27,23,33,29,30,32,29,28,30,28,30,27,31
2020-06-29,33,35,41,34,37,34,27,34,33,38,34,39,34,27,40,34,38,34,36,37,35,33,35,36,38
2020-06-30,8,9,9,7,10,9,5,9,6,10,9,11,9,4,8,10,11,10,10,9,9,6,9,7,10
